id,innings_id,over_number,ball_number,striker_id,non_striker_id,bowler_id,runs_off_bat,extras,extra_type,is_legal_delivery,wicket_fell,wicket_type,dismissed_player_id,fielder_name,shot_type,shot_zone,notes
1,1,0,1,15,1,29,0,1,wide,FALSE,FALSE,,,,paddle_sweep,deep_square_leg,"{""phase"":""powerplay"",""score"":""1/0"",""crr"":6.0,""rrr"":"""",""pressure"":0.0,""xRuns"":1.611,""xWicket"":0.006,""risk"":0.55,""control"":0.57}"
2,1,0,1,15,1,29,1,0,,TRUE,FALSE,,,,lofted,square_leg_inside,"{""phase"":""powerplay"",""score"":""2/0"",""crr"":12.0,""rrr"":"""",""pressure"":0.0,""xRuns"":1.611,""xWicket"":0.024,""risk"":0.55,""control"":0.613}"
3,1,0,2,1,15,29,0,0,,TRUE,FALSE,,,,on_drive,long_on,"{""phase"":""powerplay"",""score"":""2/0"",""crr"":6.0,""rrr"":"""",""pressure"":0.003,""xRuns"":1.518,""xWicket"":0.027,""risk"":0.473,""control"":0.508}"
4,1,0,3,1,15,29,4,0,,TRUE,FALSE,,,,lofted,mid_on_inside,"{""phase"":""powerplay"",""score"":""6/0"",""crr"":12.0,""rrr"":"""",""pressure"":0.006,""xRuns"":1.517,""xWicket"":0.027,""risk"":0.624,""control"":0.599}"
5,1,0,4,1,15,29,0,0,,TRUE,FALSE,,,,cut,cover_point_inside,"{""phase"":""powerplay"",""score"":""6/0"",""crr"":9.0,""rrr"":"""",""pressure"":0.009,""xRuns"":1.515,""xWicket"":0.028,""risk"":0.475,""control"":0.539}"
6,1,0,5,1,15,29,0,0,,TRUE,FALSE,,,,ramp,short_leg,"{""phase"":""powerplay"",""score"":""6/0"",""crr"":7.2,""rrr"":"""",""pressure"":0.011,""xRuns"":1.514,""xWicket"":0.028,""risk"":0.476,""control"":0.626}"
7,1,0,6,1,15,29,1,0,,TRUE,FALSE,,,,cut,fine_leg,"{""phase"":""powerplay"",""score"":""7/0"",""crr"":7.0,""rrr"":"""",""pressure"":0.014,""xRuns"":1.513,""xWicket"":0.028,""risk"":0.478,""control"":0.584}"
8,1,1,1,1,15,22,2,0,,TRUE,FALSE,,,,drive,fine_leg,"{""phase"":""powerplay"",""score"":""9/0"",""crr"":7.71,""rrr"":"""",""pressure"":0.017,""xRuns"":1.588,""xWicket"":0.021,""risk"":0.479,""control"":0.533}"
9,1,1,2,1,15,22,1,0,,TRUE,FALSE,,,,reverse_sweep,deep_extra_cover,"{""phase"":""powerplay"",""score"":""10/0"",""crr"":7.5,""rrr"":"""",""pressure"":0.02,""xRuns"":1.587,""xWicket"":0.021,""risk"":0.48,""control"":0.6}"
10,1,1,3,15,1,22,2,0,,TRUE,FALSE,,,,square_cut,square_leg_inside,"{""phase"":""powerplay"",""score"":""12/0"",""crr"":8.0,""rrr"":"""",""pressure"":0.023,""xRuns"":1.678,""xWicket"":0.018,""risk"":0.56,""control"":0.604}"
11,1,1,4,15,1,22,3,0,,TRUE,FALSE,,,,clip,deep_cover,"{""phase"":""powerplay"",""score"":""15/0"",""crr"":9.0,""rrr"":"""",""pressure"":0.026,""xRuns"":1.677,""xWicket"":0.018,""risk"":0.562,""control"":0.664}"
12,1,1,5,1,15,22,2,0,,TRUE,FALSE,,,,defence,cover_point_inside,"{""phase"":""powerplay"",""score"":""17/0"",""crr"":9.27,""rrr"":"""",""pressure"":0.028,""xRuns"":1.584,""xWicket"":0.021,""risk"":0.484,""control"":0.628}"
13,1,1,6,1,15,22,2,0,,TRUE,FALSE,,,,flick,silly_point,"{""phase"":""powerplay"",""score"":""19/0"",""crr"":9.5,""rrr"":"""",""pressure"":0.031,""xRuns"":1.582,""xWicket"":0.021,""risk"":0.485,""control"":0.555}"
14,1,2,1,15,1,24,2,0,,TRUE,FALSE,,,,reverse_sweep,square_leg_inside,"{""phase"":""powerplay"",""score"":""21/0"",""crr"":9.69,""rrr"":"""",""pressure"":0.034,""xRuns"":1.673,""xWicket"":0.019,""risk"":0.565,""control"":0.609}"
15,1,2,2,15,1,24,4,0,,TRUE,FALSE,,,,scoop,fine_leg,"{""phase"":""powerplay"",""score"":""25/0"",""crr"":10.71,""rrr"":"""",""pressure"":0.037,""xRuns"":1.672,""xWicket"":0.019,""risk"":0.717,""control"":0.616}"
16,1,2,3,15,1,24,0,0,,TRUE,FALSE,,,,paddle_sweep,mid_on_area,"{""phase"":""powerplay"",""score"":""25/0"",""crr"":10.0,""rrr"":"""",""pressure"":0.04,""xRuns"":1.671,""xWicket"":0.019,""risk"":0.568,""control"":0.683}"
17,1,2,4,15,1,24,1,0,,TRUE,FALSE,,,,cover_drive,short_leg,"{""phase"":""powerplay"",""score"":""26/0"",""crr"":9.75,""rrr"":"""",""pressure"":0.043,""xRuns"":1.669,""xWicket"":0.019,""risk"":0.569,""control"":0.615}"
18,1,2,5,1,15,24,2,0,,TRUE,FALSE,,,,sweep,deep_extra_cover,"{""phase"":""powerplay"",""score"":""28/0"",""crr"":9.88,""rrr"":"""",""pressure"":0.045,""xRuns"":1.576,""xWicket"":0.022,""risk"":0.492,""control"":0.606}"
19,1,2,6,1,15,24,2,0,,TRUE,FALSE,,,,cut,fine_leg_inside,"{""phase"":""powerplay"",""score"":""30/0"",""crr"":10.0,""rrr"":"""",""pressure"":0.048,""xRuns"":1.575,""xWicket"":0.022,""risk"":0.493,""control"":0.566}"
20,1,3,1,15,1,23,6,0,,TRUE,FALSE,,,,hook,cover_point_inside,"{""phase"":""powerplay"",""score"":""36/0"",""crr"":11.37,""rrr"":"""",""pressure"":0.051,""xRuns"":1.685,""xWicket"":0.018,""risk"":0.723,""control"":0.668}"
21,1,3,2,15,1,23,0,0,,TRUE,FALSE,,,,flick,square_leg_inside,"{""phase"":""powerplay"",""score"":""36/0"",""crr"":10.8,""rrr"":"""",""pressure"":0.054,""xRuns"":1.684,""xWicket"":0.018,""risk"":0.574,""control"":0.561}"
22,1,3,3,15,1,23,0,1,no_ball,FALSE,FALSE,,,,flick,mid_on_inside,"{""phase"":""powerplay"",""score"":""37/0"",""crr"":11.1,""rrr"":"""",""pressure"":0.057,""xRuns"":1.683,""xWicket"":0.006,""risk"":0.576,""control"":0.599}"
23,1,3,3,15,1,23,1,0,,TRUE,FALSE,,,,clip,fine_leg_inside,"{""phase"":""powerplay"",""score"":""38/0"",""crr"":10.86,""rrr"":"""",""pressure"":0.057,""xRuns"":1.683,""xWicket"":0.018,""risk"":0.576,""control"":0.662}"
24,1,3,4,1,15,23,1,0,,TRUE,FALSE,,,,slog,fine_leg_inside,"{""phase"":""powerplay"",""score"":""39/0"",""crr"":10.64,""rrr"":"""",""pressure"":0.059,""xRuns"":1.59,""xWicket"":0.021,""risk"":0.498,""control"":0.62}"
25,1,3,5,15,1,23,0,1,wide,FALSE,FALSE,,,,scoop,deep_extra_cover,"{""phase"":""powerplay"",""score"":""40/0"",""crr"":10.91,""rrr"":"""",""pressure"":0.062,""xRuns"":1.681,""xWicket"":0.006,""risk"":0.578,""control"":0.569}"
26,1,3,5,15,1,23,1,0,,TRUE,FALSE,,,,straight_drive,square_leg_inside,"{""phase"":""powerplay"",""score"":""41/0"",""crr"":10.7,""rrr"":"""",""pressure"":0.062,""xRuns"":1.681,""xWicket"":0.018,""risk"":0.578,""control"":0.591}"
27,1,3,6,1,15,23,1,0,,TRUE,FALSE,,,,scoop,silly_point,"{""phase"":""powerplay"",""score"":""42/0"",""crr"":10.5,""rrr"":"""",""pressure"":0.065,""xRuns"":1.587,""xWicket"":0.021,""risk"":0.501,""control"":0.54}"
28,1,4,1,1,15,25,2,0,,TRUE,FALSE,,,,ramp,deep_extra_cover,"{""phase"":""powerplay"",""score"":""44/0"",""crr"":10.56,""rrr"":"""",""pressure"":0.068,""xRuns"":1.595,""xWicket"":0.02,""risk"":0.502,""control"":0.523}"
29,1,4,2,1,15,25,4,0,,TRUE,FALSE,,,,on_drive,mid_on_area,"{""phase"":""powerplay"",""score"":""48/0"",""crr"":11.08,""rrr"":"""",""pressure"":0.071,""xRuns"":1.594,""xWicket"":0.02,""risk"":0.653,""control"":0.626}"
30,1,4,3,1,15,25,0,0,,TRUE,FALSE,,,,lofted_drive,deep_square_leg,"{""phase"":""powerplay"",""score"":""48/0"",""crr"":10.67,""rrr"":"""",""pressure"":0.074,""xRuns"":1.593,""xWicket"":0.02,""risk"":0.505,""control"":0.534}"
31,1,4,4,1,15,25,1,0,,TRUE,FALSE,,,,straight_drive,long_off,"{""phase"":""powerplay"",""score"":""49/0"",""crr"":10.5,""rrr"":"""",""pressure"":0.077,""xRuns"":1.592,""xWicket"":0.021,""risk"":0.506,""control"":0.534}"
32,1,4,5,15,1,25,1,0,,TRUE,FALSE,,,,pull,long_off,"{""phase"":""powerplay"",""score"":""50/0"",""crr"":10.34,""rrr"":"""",""pressure"":0.079,""xRuns"":1.683,""xWicket"":0.018,""risk"":0.586,""control"":0.578}"
33,1,4,6,1,15,25,4,0,,TRUE,FALSE,,,,reverse_sweep,fine_leg_inside,"{""phase"":""powerplay"",""score"":""54/0"",""crr"":10.8,""rrr"":"""",""pressure"":0.082,""xRuns"":1.589,""xWicket"":0.021,""risk"":0.658,""control"":0.569}"
34,1,5,1,15,1,29,4,0,,TRUE,FALSE,,,,reverse_sweep,fine_leg_inside,"{""phase"":""powerplay"",""score"":""58/0"",""crr"":11.23,""rrr"":"""",""pressure"":0.085,""xRuns"":1.576,""xWicket"":0.028,""risk"":0.738,""control"":0.541}"
35,1,5,2,15,1,29,1,0,,TRUE,FALSE,,,,defence,mid_on_inside,"{""phase"":""powerplay"",""score"":""59/0"",""crr"":11.06,""rrr"":"""",""pressure"":0.088,""xRuns"":1.574,""xWicket"":0.028,""risk"":0.59,""control"":0.612}"
36,1,5,3,1,15,29,1,0,,TRUE,FALSE,,,,straight_drive,cover_point_inside,"{""phase"":""powerplay"",""score"":""60/0"",""crr"":10.91,""rrr"":"""",""pressure"":0.091,""xRuns"":1.481,""xWicket"":0.031,""risk"":0.512,""control"":0.507}"
37,1,5,4,15,1,29,2,0,,TRUE,FALSE,,,,sweep,cover_inside,"{""phase"":""powerplay"",""score"":""62/0"",""crr"":10.94,""rrr"":"""",""pressure"":0.094,""xRuns"":1.572,""xWicket"":0.029,""risk"":0.592,""control"":0.616}"
38,1,5,5,15,1,29,4,0,,TRUE,FALSE,,,,clip,mid_on_inside,"{""phase"":""powerplay"",""score"":""66/0"",""crr"":11.31,""rrr"":"""",""pressure"":0.096,""xRuns"":1.571,""xWicket"":0.029,""risk"":0.743,""control"":0.63}"
39,1,5,6,15,1,29,1,0,,TRUE,FALSE,,,,clip,mid_off,"{""phase"":""powerplay"",""score"":""67/0"",""crr"":11.17,""rrr"":"""",""pressure"":0.099,""xRuns"":1.57,""xWicket"":0.029,""risk"":0.595,""control"":0.64}"
40,1,6,1,15,1,22,1,0,,TRUE,FALSE,,,,late_cut,short_leg,"{""phase"":""middle"",""score"":""68/0"",""crr"":11.03,""rrr"":"""",""pressure"":0.102,""xRuns"":1.645,""xWicket"":0.022,""risk"":0.596,""control"":0.676}"
41,1,6,2,1,15,22,0,0,,TRUE,FALSE,,,,lofted_drive,short_leg,"{""phase"":""middle"",""score"":""68/0"",""crr"":10.74,""rrr"":"""",""pressure"":0.105,""xRuns"":1.551,""xWicket"":0.025,""risk"":0.519,""control"":0.64}"
42,1,6,3,1,15,22,0,0,,TRUE,FALSE,,,,paddle_sweep,deep_square_leg,"{""phase"":""middle"",""score"":""68/0"",""crr"":10.46,""rrr"":"""",""pressure"":0.108,""xRuns"":1.55,""xWicket"":0.025,""risk"":0.52,""control"":0.634}"
43,1,6,4,1,15,22,2,0,,TRUE,FALSE,,,,defence,long_off,"{""phase"":""middle"",""score"":""70/0"",""crr"":10.5,""rrr"":"""",""pressure"":0.111,""xRuns"":1.549,""xWicket"":0.025,""risk"":0.521,""control"":0.534}"
44,1,6,5,1,15,22,0,0,,TRUE,FALSE,,,,pull,short_leg,"{""phase"":""middle"",""score"":""70/0"",""crr"":10.24,""rrr"":"""",""pressure"":0.113,""xRuns"":1.548,""xWicket"":0.025,""risk"":0.522,""control"":0.625}"
45,1,6,6,1,15,22,4,0,,TRUE,FALSE,,,,hook,silly_mid_wicket,"{""phase"":""middle"",""score"":""74/0"",""crr"":10.57,""rrr"":"""",""pressure"":0.116,""xRuns"":1.547,""xWicket"":0.025,""risk"":0.674,""control"":0.528}"
46,1,7,1,15,1,24,6,0,,TRUE,FALSE,,,,ramp,mid_on_inside,"{""phase"":""middle"",""score"":""80/0"",""crr"":11.16,""rrr"":"""",""pressure"":0.119,""xRuns"":1.638,""xWicket"":0.022,""risk"":0.754,""control"":0.643}"
47,1,7,2,15,1,24,4,0,,TRUE,FALSE,,,,reverse_sweep,deep_extra_cover,"{""phase"":""middle"",""score"":""84/0"",""crr"":11.45,""rrr"":"""",""pressure"":0.122,""xRuns"":1.636,""xWicket"":0.023,""risk"":0.755,""control"":0.676}"
48,1,7,3,15,1,24,1,0,,TRUE,FALSE,,,,reverse_sweep,silly_point,"{""phase"":""middle"",""score"":""85/0"",""crr"":11.33,""rrr"":"""",""pressure"":0.125,""xRuns"":1.635,""xWicket"":0.023,""risk"":0.606,""control"":0.556}"
49,1,7,4,1,15,24,6,0,,TRUE,FALSE,,,,defence,deep_cover,"{""phase"":""middle"",""score"":""91/0"",""crr"":11.87,""rrr"":"""",""pressure"":0.128,""xRuns"":1.542,""xWicket"":0.026,""risk"":0.679,""control"":0.669}"
50,1,7,5,1,15,24,0,0,,TRUE,FALSE,,,,late_cut,silly_mid_wicket,"{""phase"":""middle"",""score"":""91/0"",""crr"":11.62,""rrr"":"""",""pressure"":0.13,""xRuns"":1.541,""xWicket"":0.026,""risk"":0.53,""control"":0.561}"
51,1,7,6,1,15,24,1,0,,TRUE,FALSE,,,,late_cut,silly_mid_on,"{""phase"":""middle"",""score"":""92/0"",""crr"":11.5,""rrr"":"""",""pressure"":0.133,""xRuns"":1.539,""xWicket"":0.026,""risk"":0.531,""control"":0.614}"
52,1,8,1,1,15,23,2,0,,TRUE,FALSE,,,,straight_drive,cover_point_inside,"{""phase"":""middle"",""score"":""94/0"",""crr"":11.51,""rrr"":"""",""pressure"":0.136,""xRuns"":1.557,""xWicket"":0.024,""risk"":0.533,""control"":0.595}"
53,1,8,2,1,15,23,4,0,,TRUE,FALSE,,,,ramp,deep_extra_cover,"{""phase"":""middle"",""score"":""98/0"",""crr"":11.76,""rrr"":"""",""pressure"":0.139,""xRuns"":1.556,""xWicket"":0.024,""risk"":0.684,""control"":0.655}"
54,1,8,3,1,15,23,2,0,,TRUE,FALSE,,,,clip,square_leg_inside,"{""phase"":""middle"",""score"":""100/0"",""crr"":11.76,""rrr"":"""",""pressure"":0.142,""xRuns"":1.555,""xWicket"":0.024,""risk"":0.535,""control"":0.636}"
55,1,8,4,1,15,23,2,0,,TRUE,FALSE,,,,lofted,deep_extra_cover,"{""phase"":""middle"",""score"":""102/0"",""crr"":11.77,""rrr"":"""",""pressure"":0.145,""xRuns"":1.553,""xWicket"":0.025,""risk"":0.537,""control"":0.618}"
56,1,8,5,1,15,23,1,0,,TRUE,FALSE,,,,late_cut,third_point,"{""phase"":""middle"",""score"":""103/0"",""crr"":11.66,""rrr"":"""",""pressure"":0.147,""xRuns"":1.553,""xWicket"":0.025,""risk"":0.538,""control"":0.598}"
57,1,8,6,15,1,23,1,0,,TRUE,FALSE,,,,scoop,third_point,"{""phase"":""middle"",""score"":""104/0"",""crr"":11.56,""rrr"":"""",""pressure"":0.15,""xRuns"":1.644,""xWicket"":0.022,""risk"":0.618,""control"":0.673}"
58,1,9,1,15,1,25,1,0,,TRUE,FALSE,,,,reverse_sweep,short_leg,"{""phase"":""middle"",""score"":""105/0"",""crr"":11.45,""rrr"":"""",""pressure"":0.153,""xRuns"":1.652,""xWicket"":0.021,""risk"":0.619,""control"":0.555}"
59,1,9,2,1,15,25,0,0,,TRUE,FALSE,,,,clip,silly_mid_wicket,"{""phase"":""middle"",""score"":""105/0"",""crr"":11.25,""rrr"":"""",""pressure"":0.156,""xRuns"":1.558,""xWicket"":0.024,""risk"":0.542,""control"":0.601}"
60,1,9,3,1,15,25,4,0,,TRUE,FALSE,,,,lofted,fine_leg_inside,"{""phase"":""middle"",""score"":""109/0"",""crr"":11.47,""rrr"":"""",""pressure"":0.159,""xRuns"":1.557,""xWicket"":0.024,""risk"":0.693,""control"":0.549}"
61,1,9,4,1,15,25,4,0,,TRUE,FALSE,,,,square_cut,deep_extra_cover,"{""phase"":""middle"",""score"":""113/0"",""crr"":11.69,""rrr"":"""",""pressure"":0.162,""xRuns"":1.556,""xWicket"":0.024,""risk"":0.694,""control"":0.561}"
62,1,9,5,1,15,25,0,0,,TRUE,FALSE,,,,clip,silly_mid_on,"{""phase"":""middle"",""score"":""113/0"",""crr"":11.49,""rrr"":"""",""pressure"":0.164,""xRuns"":1.555,""xWicket"":0.024,""risk"":0.545,""control"":0.61}"
63,1,9,6,1,15,25,1,0,,TRUE,FALSE,,,,lofted,deep_cover,"{""phase"":""middle"",""score"":""114/0"",""crr"":11.4,""rrr"":"""",""pressure"":0.167,""xRuns"":1.554,""xWicket"":0.025,""risk"":0.547,""control"":0.54}"
64,1,10,1,1,15,29,1,0,,TRUE,FALSE,,,,defence,third_point,"{""phase"":""middle"",""score"":""115/0"",""crr"":11.31,""rrr"":"""",""pressure"":0.17,""xRuns"":1.448,""xWicket"":0.035,""risk"":0.548,""control"":0.543}"
65,1,10,2,15,1,29,0,0,,TRUE,FALSE,,,,sweep,long_on,"{""phase"":""middle"",""score"":""115/0"",""crr"":11.13,""rrr"":"""",""pressure"":0.173,""xRuns"":1.539,""xWicket"":0.032,""risk"":0.628,""control"":0.535}"
66,1,10,3,15,1,29,0,0,,TRUE,FALSE,,,,flick,cover_point_inside,"{""phase"":""middle"",""score"":""115/0"",""crr"":10.95,""rrr"":"""",""pressure"":0.176,""xRuns"":1.537,""xWicket"":0.032,""risk"":0.629,""control"":0.63}"
67,1,10,4,15,1,29,0,0,,TRUE,FALSE,,,,lofted,mid_on_inside,"{""phase"":""middle"",""score"":""115/0"",""crr"":10.78,""rrr"":"""",""pressure"":0.179,""xRuns"":1.536,""xWicket"":0.032,""risk"":0.631,""control"":0.633}"
68,1,10,5,15,1,29,0,0,,TRUE,FALSE,,,,drive,deep_cover,"{""phase"":""middle"",""score"":""115/0"",""crr"":10.62,""rrr"":"""",""pressure"":0.181,""xRuns"":1.535,""xWicket"":0.033,""risk"":0.631,""control"":0.578}"
69,1,10,6,15,1,29,6,1,no_ball,FALSE,FALSE,,,,defence,deep_extra_cover,"{""phase"":""middle"",""score"":""122/0"",""crr"":11.26,""rrr"":"""",""pressure"":0.184,""xRuns"":1.534,""xWicket"":0.006,""risk"":0.783,""control"":0.616}"
70,1,10,6,15,1,29,4,0,,TRUE,FALSE,,,,straight_drive,square_leg_inside,"{""phase"":""middle"",""score"":""126/0"",""crr"":11.45,""rrr"":"""",""pressure"":0.184,""xRuns"":1.534,""xWicket"":0.033,""risk"":0.783,""control"":0.64}"
71,1,11,1,1,15,22,1,0,,TRUE,FALSE,,,,glance,short_leg,"{""phase"":""middle"",""score"":""127/0"",""crr"":11.37,""rrr"":"""",""pressure"":0.187,""xRuns"":1.517,""xWicket"":0.028,""risk"":0.556,""control"":0.547}"
72,1,11,2,15,1,22,0,0,,TRUE,FALSE,,,,sweep,cover_point_inside,"{""phase"":""middle"",""score"":""127/0"",""crr"":11.21,""rrr"":"""",""pressure"":0.19,""xRuns"":1.608,""xWicket"":0.026,""risk"":0.636,""control"":0.66}"
73,1,11,3,15,1,22,2,0,,TRUE,FALSE,,,,lofted,long_off,"{""phase"":""middle"",""score"":""129/0"",""crr"":11.22,""rrr"":"""",""pressure"":0.193,""xRuns"":1.606,""xWicket"":0.026,""risk"":0.637,""control"":0.583}"
74,1,11,4,15,1,22,1,0,,TRUE,FALSE,,,,ramp,straight_inside,"{""phase"":""middle"",""score"":""130/0"",""crr"":11.14,""rrr"":"""",""pressure"":0.196,""xRuns"":1.605,""xWicket"":0.026,""risk"":0.638,""control"":0.658}"
75,1,11,5,1,15,22,0,0,,TRUE,FALSE,,,,on_drive,mid_on_area,"{""phase"":""middle"",""score"":""130/0"",""crr"":10.99,""rrr"":"""",""pressure"":0.198,""xRuns"":1.512,""xWicket"":0.029,""risk"":0.561,""control"":0.645}"
76,1,11,6,1,15,22,4,0,,TRUE,FALSE,,,,cover_drive,fine_leg,"{""phase"":""middle"",""score"":""134/0"",""crr"":11.17,""rrr"":"""",""pressure"":0.201,""xRuns"":1.511,""xWicket"":0.029,""risk"":0.712,""control"":0.529}"
77,1,12,1,15,1,24,0,0,,TRUE,TRUE,run_out,15,Tanush Chaturvedi,slog,deep_square_leg,"{""phase"":""middle"",""score"":""134/0"",""crr"":11.01,""rrr"":"""",""pressure"":0.204,""xRuns"":1.602,""xWicket"":0.026,""risk"":0.642,""control"":0.579}"
78,1,12,2,6,1,24,3,0,,TRUE,FALSE,,,,reverse_sweep,cover_inside,"{""phase"":""middle"",""score"":""137/1"",""crr"":11.11,""rrr"":"""",""pressure"":0.233,""xRuns"":1.654,""xWicket"":0.034,""risk"":0.769,""control"":0.516}"
79,1,12,3,1,6,24,1,0,,TRUE,FALSE,,,,scoop,third_point,"{""phase"":""middle"",""score"":""138/1"",""crr"":11.04,""rrr"":"""",""pressure"":0.236,""xRuns"":1.496,""xWicket"":0.03,""risk"":0.578,""control"":0.638}"
80,1,12,4,6,1,24,1,0,,TRUE,FALSE,,,,drive,silly_mid_wicket,"{""phase"":""middle"",""score"":""139/1"",""crr"":10.97,""rrr"":"""",""pressure"":0.239,""xRuns"":1.652,""xWicket"":0.034,""risk"":0.772,""control"":0.52}"
81,1,12,5,1,6,24,1,0,,TRUE,FALSE,,,,upper_cut,third_point,"{""phase"":""middle"",""score"":""140/1"",""crr"":10.91,""rrr"":"""",""pressure"":0.241,""xRuns"":1.494,""xWicket"":0.031,""risk"":0.58,""control"":0.631}"
82,1,12,6,6,1,24,0,0,,TRUE,FALSE,,,,clip,silly_mid_wicket,"{""phase"":""middle"",""score"":""140/1"",""crr"":10.77,""rrr"":"""",""pressure"":0.244,""xRuns"":1.65,""xWicket"":0.034,""risk"":0.774,""control"":0.655}"
83,1,13,1,1,6,23,0,0,,TRUE,FALSE,,,,upper_cut,deep_square_leg,"{""phase"":""middle"",""score"":""140/1"",""crr"":10.63,""rrr"":"""",""pressure"":0.247,""xRuns"":1.511,""xWicket"":0.029,""risk"":0.583,""control"":0.665}"
84,1,13,2,1,6,23,1,0,,TRUE,FALSE,,,,sweep,silly_mid_on,"{""phase"":""middle"",""score"":""141/1"",""crr"":10.57,""rrr"":"""",""pressure"":0.25,""xRuns"":1.509,""xWicket"":0.029,""risk"":0.584,""control"":0.614}"
85,1,13,3,6,1,23,1,0,,TRUE,FALSE,,,,slog,straight_inside,"{""phase"":""middle"",""score"":""142/1"",""crr"":10.52,""rrr"":"""",""pressure"":0.253,""xRuns"":1.665,""xWicket"":0.033,""risk"":0.778,""control"":0.577}"
86,1,13,4,1,6,23,0,0,,TRUE,FALSE,,,,late_cut,mid_on_inside,"{""phase"":""middle"",""score"":""142/1"",""crr"":10.39,""rrr"":"""",""pressure"":0.256,""xRuns"":1.507,""xWicket"":0.03,""risk"":0.587,""control"":0.59}"
87,1,13,5,1,6,23,4,0,,TRUE,FALSE,,,,slog,cover_inside,"{""phase"":""middle"",""score"":""146/1"",""crr"":10.55,""rrr"":"""",""pressure"":0.258,""xRuns"":1.506,""xWicket"":0.03,""risk"":0.738,""control"":0.619}"
88,1,13,6,1,6,23,0,0,,TRUE,FALSE,,,,flick,third_point,"{""phase"":""middle"",""score"":""146/1"",""crr"":10.43,""rrr"":"""",""pressure"":0.261,""xRuns"":1.505,""xWicket"":0.03,""risk"":0.589,""control"":0.567}"
89,1,14,1,6,1,25,3,0,,TRUE,FALSE,,,,defence,third_point,"{""phase"":""middle"",""score"":""149/1"",""crr"":10.52,""rrr"":"""",""pressure"":0.264,""xRuns"":1.67,""xWicket"":0.033,""risk"":0.783,""control"":0.588}"
90,1,14,2,1,6,25,0,0,,TRUE,FALSE,,,,late_cut,point_inside,"{""phase"":""middle"",""score"":""149/1"",""crr"":10.4,""rrr"":"""",""pressure"":0.267,""xRuns"":1.512,""xWicket"":0.029,""risk"":0.592,""control"":0.558}"
91,1,14,3,1,6,25,0,2,leg_bye,TRUE,FALSE,,,,cover_drive,silly_point,"{""phase"":""middle"",""score"":""151/1"",""crr"":10.41,""rrr"":"""",""pressure"":0.27,""xRuns"":1.51,""xWicket"":0.029,""risk"":0.593,""control"":0.625}"
92,1,14,4,1,6,25,0,1,wide,FALSE,FALSE,,,,scoop,square_leg_inside,"{""phase"":""middle"",""score"":""152/1"",""crr"":10.48,""rrr"":"""",""pressure"":0.273,""xRuns"":1.509,""xWicket"":0.006,""risk"":0.594,""control"":0.657}"
93,1,14,4,1,6,25,2,0,,TRUE,FALSE,,,,lofted,point_inside,"{""phase"":""middle"",""score"":""154/1"",""crr"":10.5,""rrr"":"""",""pressure"":0.273,""xRuns"":1.509,""xWicket"":0.029,""risk"":0.594,""control"":0.592}"
94,1,14,5,1,6,25,0,0,,TRUE,FALSE,,,,cover_drive,deep_cover,"{""phase"":""middle"",""score"":""154/1"",""crr"":10.38,""rrr"":"""",""pressure"":0.275,""xRuns"":1.508,""xWicket"":0.029,""risk"":0.595,""control"":0.549}"
95,1,14,6,1,6,25,1,0,,TRUE,FALSE,,,,glance,fine_leg_inside,"{""phase"":""middle"",""score"":""155/1"",""crr"":10.33,""rrr"":"""",""pressure"":0.278,""xRuns"":1.507,""xWicket"":0.03,""risk"":0.597,""control"":0.677}"
96,1,15,1,1,6,29,4,0,,TRUE,FALSE,,,,lofted_drive,mid_on_inside,"{""phase"":""death"",""score"":""159/1"",""crr"":10.48,""rrr"":"""",""pressure"":0.281,""xRuns"":1.401,""xWicket"":0.058,""risk"":0.748,""control"":0.588}"
97,1,15,2,1,6,29,1,0,,TRUE,FALSE,,,,lofted_drive,square_leg_inside,"{""phase"":""death"",""score"":""160/1"",""crr"":10.43,""rrr"":"""",""pressure"":0.284,""xRuns"":1.4,""xWicket"":0.058,""risk"":0.599,""control"":0.489}"
98,1,15,3,6,1,29,0,0,,TRUE,FALSE,,,,scoop,third_point,"{""phase"":""death"",""score"":""160/1"",""crr"":10.32,""rrr"":"""",""pressure"":0.287,""xRuns"":1.556,""xWicket"":0.062,""risk"":0.793,""control"":0.612}"
99,1,15,4,6,1,29,0,0,,TRUE,FALSE,,,,straight_drive,mid_on_inside,"{""phase"":""death"",""score"":""160/1"",""crr"":10.21,""rrr"":"""",""pressure"":0.29,""xRuns"":1.554,""xWicket"":0.062,""risk"":0.795,""control"":0.595}"
100,1,15,5,6,1,29,6,0,,TRUE,FALSE,,,,glance,square_leg_inside,"{""phase"":""death"",""score"":""166/1"",""crr"":10.48,""rrr"":"""",""pressure"":0.292,""xRuns"":1.553,""xWicket"":0.062,""risk"":0.946,""control"":0.543}"
101,1,15,6,6,1,29,1,0,,TRUE,FALSE,,,,clip,deep_square_leg,"{""phase"":""death"",""score"":""167/1"",""crr"":10.44,""rrr"":"""",""pressure"":0.295,""xRuns"":1.552,""xWicket"":0.062,""risk"":0.797,""control"":0.585}"
102,1,16,1,6,1,23,2,0,,TRUE,FALSE,,,,glance,short_leg,"{""phase"":""death"",""score"":""169/1"",""crr"":10.45,""rrr"":"""",""pressure"":0.298,""xRuns"":1.646,""xWicket"":0.053,""risk"":0.798,""control"":0.633}"
103,1,16,2,6,1,23,6,0,,TRUE,FALSE,,,,pull,short_leg,"{""phase"":""death"",""score"":""175/1"",""crr"":10.71,""rrr"":"""",""pressure"":0.301,""xRuns"":1.645,""xWicket"":0.053,""risk"":0.95,""control"":0.651}"
104,1,16,3,6,1,23,0,0,,TRUE,FALSE,,,,glance,short_leg,"{""phase"":""death"",""score"":""175/1"",""crr"":10.61,""rrr"":"""",""pressure"":0.304,""xRuns"":1.644,""xWicket"":0.053,""risk"":0.801,""control"":0.646}"
105,1,16,4,6,1,23,4,0,,TRUE,FALSE,,,,lofted_drive,point_inside,"{""phase"":""death"",""score"":""179/1"",""crr"":10.74,""rrr"":"""",""pressure"":0.307,""xRuns"":1.642,""xWicket"":0.053,""risk"":0.952,""control"":0.526}"
106,1,16,5,6,1,23,1,0,,TRUE,FALSE,,,,lofted_drive,mid_off,"{""phase"":""death"",""score"":""180/1"",""crr"":10.69,""rrr"":"""",""pressure"":0.309,""xRuns"":1.642,""xWicket"":0.054,""risk"":0.803,""control"":0.583}"
107,1,16,6,1,6,23,1,0,,TRUE,FALSE,,,,drive,deep_extra_cover,"{""phase"":""death"",""score"":""181/1"",""crr"":10.65,""rrr"":"""",""pressure"":0.312,""xRuns"":1.483,""xWicket"":0.05,""risk"":0.612,""control"":0.575}"
108,1,17,1,1,6,22,0,0,,TRUE,FALSE,,,,cover_drive,mid_on_inside,"{""phase"":""death"",""score"":""181/1"",""crr"":10.54,""rrr"":"""",""pressure"":0.315,""xRuns"":1.463,""xWicket"":0.052,""risk"":0.613,""control"":0.622}"
109,1,17,2,1,6,22,4,0,,TRUE,FALSE,,,,hook,square_leg_inside,"{""phase"":""death"",""score"":""185/1"",""crr"":10.67,""rrr"":"""",""pressure"":0.318,""xRuns"":1.462,""xWicket"":0.052,""risk"":0.765,""control"":0.629}"
110,1,17,3,1,6,22,4,0,,TRUE,FALSE,,,,hook,cover_inside,"{""phase"":""death"",""score"":""189/1"",""crr"":10.8,""rrr"":"""",""pressure"":0.321,""xRuns"":1.46,""xWicket"":0.052,""risk"":0.766,""control"":0.639}"
111,1,17,4,1,6,22,0,0,,TRUE,FALSE,,,,flick,deep_extra_cover,"{""phase"":""death"",""score"":""189/1"",""crr"":10.7,""rrr"":"""",""pressure"":0.324,""xRuns"":1.459,""xWicket"":0.052,""risk"":0.617,""control"":0.635}"
112,1,17,5,1,6,22,1,0,,TRUE,FALSE,,,,ramp,straight_inside,"{""phase"":""death"",""score"":""190/1"",""crr"":10.65,""rrr"":"""",""pressure"":0.326,""xRuns"":1.458,""xWicket"":0.053,""risk"":0.618,""control"":0.644}"
113,1,17,6,6,1,22,6,0,,TRUE,FALSE,,,,on_drive,fine_leg_inside,"{""phase"":""death"",""score"":""196/1"",""crr"":10.89,""rrr"":"""",""pressure"":0.329,""xRuns"":1.614,""xWicket"":0.056,""risk"":0.962,""control"":0.614}"
114,1,18,1,1,6,25,0,0,,TRUE,FALSE,,,,lofted_drive,long_on,"{""phase"":""death"",""score"":""196/1"",""crr"":10.79,""rrr"":"""",""pressure"":0.332,""xRuns"":1.484,""xWicket"":0.05,""risk"":0.621,""control"":0.615}"
115,1,18,2,1,6,25,0,0,,TRUE,TRUE,caught,1,Kiaan Bansal,hook,mid_off,"{""phase"":""death"",""score"":""196/1"",""crr"":10.69,""rrr"":"""",""pressure"":0.335,""xRuns"":1.483,""xWicket"":0.05,""risk"":0.622,""control"":0.558}"
116,1,18,3,13,6,25,0,0,,TRUE,FALSE,,,,reverse_sweep,short_leg,"{""phase"":""death"",""score"":""196/2"",""crr"":10.59,""rrr"":"""",""pressure"":0.364,""xRuns"":1.431,""xWicket"":0.055,""risk"":0.657,""control"":0.591}"
117,1,18,4,13,6,25,2,0,,TRUE,FALSE,,,,ramp,mid_off,"{""phase"":""death"",""score"":""198/2"",""crr"":10.61,""rrr"":"""",""pressure"":0.367,""xRuns"":1.43,""xWicket"":0.055,""risk"":0.658,""control"":0.508}"
118,1,18,5,13,6,25,0,0,,TRUE,FALSE,,,,straight_drive,square_leg_inside,"{""phase"":""death"",""score"":""198/2"",""crr"":10.51,""rrr"":"""",""pressure"":0.369,""xRuns"":1.429,""xWicket"":0.055,""risk"":0.659,""control"":0.534}"
119,1,18,6,13,6,25,0,0,,TRUE,FALSE,,,,sweep,silly_point,"{""phase"":""death"",""score"":""198/2"",""crr"":10.42,""rrr"":"""",""pressure"":0.372,""xRuns"":1.428,""xWicket"":0.055,""risk"":0.66,""control"":0.567}"
120,1,19,1,6,13,24,1,0,,TRUE,TRUE,run_out,6,Kiaan Bansal,flick,deep_extra_cover,"{""phase"":""death"",""score"":""199/2"",""crr"":10.38,""rrr"":"""",""pressure"":0.375,""xRuns"":1.595,""xWicket"":0.058,""risk"":0.833,""control"":0.568}"
121,1,19,2,13,2,24,0,0,,TRUE,FALSE,,,,cut,silly_point,"{""phase"":""death"",""score"":""199/3"",""crr"":10.29,""rrr"":"""",""pressure"":0.404,""xRuns"":1.386,""xWicket"":0.059,""risk"":0.675,""control"":0.506}"
122,1,19,3,13,2,24,1,0,,TRUE,FALSE,,,,ramp,fine_leg_inside,"{""phase"":""death"",""score"":""200/3"",""crr"":10.26,""rrr"":"""",""pressure"":0.407,""xRuns"":1.384,""xWicket"":0.059,""risk"":0.676,""control"":0.534}"
123,1,19,4,2,13,24,1,0,,TRUE,FALSE,,,,reverse_sweep,long_on,"{""phase"":""death"",""score"":""201/3"",""crr"":10.22,""rrr"":"""",""pressure"":0.41,""xRuns"":1.269,""xWicket"":0.064,""risk"":0.642,""control"":0.542}"
124,1,19,5,13,2,24,3,0,,TRUE,FALSE,,,,paddle_sweep,silly_mid_on,"{""phase"":""death"",""score"":""204/3"",""crr"":10.29,""rrr"":"""",""pressure"":0.412,""xRuns"":1.382,""xWicket"":0.06,""risk"":0.678,""control"":0.506}"
125,1,19,6,2,13,24,2,0,,TRUE,FALSE,,,,square_cut,fine_leg_inside,"{""phase"":""death"",""score"":""206/3"",""crr"":10.3,""rrr"":"""",""pressure"":0.415,""xRuns"":1.267,""xWicket"":0.064,""risk"":0.644,""control"":0.465}"
126,2,0,1,27,30,7,0,1,wide,FALSE,FALSE,,,,upper_cut,straight_inside,"{""phase"":""powerplay"",""score"":""1/0"",""crr"":6.0,""rrr"":10.3,""pressure"":0.296,""xRuns"":1.359,""xWicket"":0.006,""risk"":0.669,""control"":0.502}"
127,2,0,1,27,30,7,4,0,,TRUE,FALSE,,,,slog,fine_leg,"{""phase"":""powerplay"",""score"":""5/0"",""crr"":30.0,""rrr"":10.18,""pressure"":0.294,""xRuns"":1.359,""xWicket"":0.049,""risk"":0.818,""control"":0.52}"
128,2,0,2,27,30,7,1,0,,TRUE,FALSE,,,,scoop,cover_point_inside,"{""phase"":""powerplay"",""score"":""6/0"",""crr"":18.0,""rrr"":10.22,""pressure"":0.294,""xRuns"":1.359,""xWicket"":0.049,""risk"":0.668,""control"":0.444}"
129,2,0,3,30,27,7,0,1,wide,FALSE,FALSE,,,,lofted,silly_mid_on,"{""phase"":""powerplay"",""score"":""7/0"",""crr"":21.0,""rrr"":10.17,""pressure"":0.298,""xRuns"":1.426,""xWicket"":0.006,""risk"":0.748,""control"":0.455}"
130,2,0,3,30,27,7,1,0,,TRUE,FALSE,,,,straight_drive,fine_leg_inside,"{""phase"":""powerplay"",""score"":""8/0"",""crr"":16.0,""rrr"":10.21,""pressure"":0.296,""xRuns"":1.427,""xWicket"":0.056,""risk"":0.747,""control"":0.476}"
131,2,0,4,27,30,7,0,0,,TRUE,FALSE,,,,hook,deep_cover,"{""phase"":""powerplay"",""score"":""8/0"",""crr"":12.0,""rrr"":10.29,""pressure"":0.3,""xRuns"":1.357,""xWicket"":0.049,""risk"":0.671,""control"":0.426}"
132,2,0,5,27,30,7,2,0,,TRUE,FALSE,,,,glance,deep_square_leg,"{""phase"":""powerplay"",""score"":""10/0"",""crr"":12.0,""rrr"":10.28,""pressure"":0.305,""xRuns"":1.355,""xWicket"":0.05,""risk"":0.673,""control"":0.521}"
133,2,0,6,27,30,7,1,0,,TRUE,FALSE,,,,pull,third_point,"{""phase"":""powerplay"",""score"":""11/0"",""crr"":11.0,""rrr"":10.32,""pressure"":0.308,""xRuns"":1.354,""xWicket"":0.05,""risk"":0.674,""control"":0.543}"
134,2,1,1,27,30,9,0,0,,TRUE,FALSE,,,,paddle_sweep,mid_on_area,"{""phase"":""powerplay"",""score"":""11/0"",""crr"":9.43,""rrr"":10.41,""pressure"":0.312,""xRuns"":1.39,""xWicket"":0.046,""risk"":0.676,""control"":0.569}"
135,2,1,2,27,30,9,1,0,,TRUE,FALSE,,,,upper_cut,deep_extra_cover,"{""phase"":""powerplay"",""score"":""12/0"",""crr"":9.0,""rrr"":10.45,""pressure"":0.317,""xRuns"":1.388,""xWicket"":0.047,""risk"":0.678,""control"":0.447}"
136,2,1,3,30,27,9,1,0,,TRUE,FALSE,,,,late_cut,deep_square_leg,"{""phase"":""powerplay"",""score"":""13/0"",""crr"":8.67,""rrr"":10.49,""pressure"":0.321,""xRuns"":1.455,""xWicket"":0.054,""risk"":0.759,""control"":0.591}"
137,2,1,4,27,30,9,1,0,,TRUE,FALSE,,,,sweep,short_leg,"{""phase"":""powerplay"",""score"":""14/0"",""crr"":8.4,""rrr"":10.53,""pressure"":0.325,""xRuns"":1.384,""xWicket"":0.047,""risk"":0.682,""control"":0.47}"
138,2,1,5,30,27,9,0,0,,TRUE,FALSE,,,,late_cut,mid_on_area,"{""phase"":""powerplay"",""score"":""14/0"",""crr"":7.64,""rrr"":10.62,""pressure"":0.329,""xRuns"":1.452,""xWicket"":0.054,""risk"":0.762,""control"":0.515}"
139,2,1,6,30,27,9,4,0,,TRUE,FALSE,,,,hook,point_inside,"{""phase"":""powerplay"",""score"":""18/0"",""crr"":9.0,""rrr"":10.5,""pressure"":0.335,""xRuns"":1.449,""xWicket"":0.055,""risk"":0.915,""control"":0.518}"
140,2,2,1,27,30,14,0,2,leg_bye,TRUE,FALSE,,,,cover_drive,deep_extra_cover,"{""phase"":""powerplay"",""score"":""20/0"",""crr"":9.23,""rrr"":10.49,""pressure"":0.334,""xRuns"":1.381,""xWicket"":0.047,""risk"":0.686,""control"":0.591}"
141,2,2,2,27,30,14,1,0,,TRUE,FALSE,,,,defence,long_on,"{""phase"":""powerplay"",""score"":""21/0"",""crr"":9.0,""rrr"":10.53,""pressure"":0.337,""xRuns"":1.379,""xWicket"":0.047,""risk"":0.687,""control"":0.557}"
142,2,2,3,30,27,14,6,0,,TRUE,FALSE,,,,defence,deep_square_leg,"{""phase"":""powerplay"",""score"":""27/0"",""crr"":10.8,""rrr"":10.29,""pressure"":0.341,""xRuns"":1.447,""xWicket"":0.055,""risk"":0.918,""control"":0.488}"
143,2,2,4,30,27,14,4,0,,TRUE,FALSE,,,,flick,short_leg,"{""phase"":""powerplay"",""score"":""31/0"",""crr"":11.62,""rrr"":10.15,""pressure"":0.336,""xRuns"":1.449,""xWicket"":0.055,""risk"":0.915,""control"":0.443}"
144,2,2,5,30,27,14,2,0,,TRUE,FALSE,,,,square_cut,mid_off,"{""phase"":""powerplay"",""score"":""33/0"",""crr"":11.65,""rrr"":10.14,""pressure"":0.335,""xRuns"":1.449,""xWicket"":0.055,""risk"":0.765,""control"":0.448}"
145,2,2,6,30,27,14,4,0,,TRUE,FALSE,,,,clip,cover_inside,"{""phase"":""powerplay"",""score"":""37/0"",""crr"":12.33,""rrr"":10.0,""pressure"":0.338,""xRuns"":1.448,""xWicket"":0.055,""risk"":0.916,""control"":0.575}"
146,2,3,1,27,30,8,1,0,,TRUE,FALSE,,,,paddle_sweep,cover_inside,"{""phase"":""powerplay"",""score"":""38/0"",""crr"":12.0,""rrr"":10.04,""pressure"":0.337,""xRuns"":1.437,""xWicket"":0.042,""risk"":0.687,""control"":0.516}"
147,2,3,2,30,27,8,6,0,,TRUE,FALSE,,,,clip,fine_leg,"{""phase"":""powerplay"",""score"":""44/0"",""crr"":13.2,""rrr"":9.78,""pressure"":0.341,""xRuns"":1.504,""xWicket"":0.049,""risk"":0.918,""control"":0.619}"
148,2,3,3,30,27,8,0,0,,TRUE,FALSE,,,,on_drive,point_inside,"{""phase"":""powerplay"",""score"":""44/0"",""crr"":12.57,""rrr"":9.88,""pressure"":0.336,""xRuns"":1.506,""xWicket"":0.049,""risk"":0.765,""control"":0.576}"
149,2,3,4,30,27,8,1,0,,TRUE,FALSE,,,,glance,mid_on_inside,"{""phase"":""powerplay"",""score"":""45/0"",""crr"":12.27,""rrr"":9.92,""pressure"":0.342,""xRuns"":1.503,""xWicket"":0.049,""risk"":0.768,""control"":0.6}"
150,2,3,5,27,30,8,1,0,,TRUE,FALSE,,,,reverse_sweep,silly_mid_on,"{""phase"":""powerplay"",""score"":""46/0"",""crr"":12.0,""rrr"":9.96,""pressure"":0.346,""xRuns"":1.433,""xWicket"":0.042,""risk"":0.691,""control"":0.48}"
151,2,3,6,30,27,8,0,1,wide,FALSE,TRUE,run_out,30,Manan Gaur,hook,silly_mid_on,"{""phase"":""powerplay"",""score"":""47/0"",""crr"":12.26,""rrr"":9.9,""pressure"":0.35,""xRuns"":1.5,""xWicket"":0.006,""risk"":0.772,""control"":0.598}"
152,2,3,6,26,27,8,4,0,,TRUE,FALSE,,,,lofted_drive,mid_off,"{""phase"":""powerplay"",""score"":""51/1"",""crr"":12.75,""rrr"":9.75,""pressure"":0.374,""xRuns"":1.284,""xWicket"":0.037,""risk"":0.711,""control"":0.589}"
153,2,4,1,27,26,10,0,1,wide,FALSE,FALSE,,,,reverse_sweep,mid_off,"{""phase"":""powerplay"",""score"":""52/1"",""crr"":13.0,""rrr"":9.69,""pressure"":0.373,""xRuns"":1.431,""xWicket"":0.006,""risk"":0.704,""control"":0.605}"
154,2,4,1,27,26,10,2,0,,TRUE,FALSE,,,,square_cut,silly_mid_on,"{""phase"":""powerplay"",""score"":""54/1"",""crr"":12.96,""rrr"":9.66,""pressure"":0.371,""xRuns"":1.432,""xWicket"":0.043,""risk"":0.703,""control"":0.52}"
155,2,4,2,27,26,10,1,0,,TRUE,FALSE,,,,flick,long_off,"{""phase"":""powerplay"",""score"":""55/1"",""crr"":12.69,""rrr"":9.7,""pressure"":0.373,""xRuns"":1.431,""xWicket"":0.043,""risk"":0.704,""control"":0.562}"
156,2,4,3,26,27,10,1,0,,TRUE,FALSE,,,,flick,point_inside,"{""phase"":""powerplay"",""score"":""56/1"",""crr"":12.44,""rrr"":9.74,""pressure"":0.377,""xRuns"":1.293,""xWicket"":0.036,""risk"":0.563,""control"":0.602}"
157,2,4,4,27,26,10,2,0,,TRUE,FALSE,,,,on_drive,third_point,"{""phase"":""powerplay"",""score"":""58/1"",""crr"":12.43,""rrr"":9.72,""pressure"":0.381,""xRuns"":1.428,""xWicket"":0.043,""risk"":0.707,""control"":0.48}"
158,2,4,5,27,26,10,4,0,,TRUE,FALSE,,,,slog,fine_leg,"{""phase"":""powerplay"",""score"":""62/1"",""crr"":12.83,""rrr"":9.56,""pressure"":0.383,""xRuns"":1.427,""xWicket"":0.043,""risk"":0.858,""control"":0.61}"
159,2,4,6,27,26,10,4,0,,TRUE,FALSE,,,,paddle_sweep,cover_point_inside,"{""phase"":""powerplay"",""score"":""66/1"",""crr"":13.2,""rrr"":9.4,""pressure"":0.381,""xRuns"":1.428,""xWicket"":0.043,""risk"":0.857,""control"":0.544}"
160,2,5,1,26,27,12,2,0,,TRUE,FALSE,,,,square_cut,square_leg_inside,"{""phase"":""powerplay"",""score"":""68/1"",""crr"":13.16,""rrr"":9.37,""pressure"":0.38,""xRuns"":1.52,""xWicket"":0.014,""risk"":0.564,""control"":0.59}"
161,2,5,2,26,27,12,1,0,,TRUE,FALSE,,,,clip,cover_point_inside,"{""phase"":""powerplay"",""score"":""69/1"",""crr"":12.94,""rrr"":9.41,""pressure"":0.382,""xRuns"":1.519,""xWicket"":0.014,""risk"":0.565,""control"":0.585}"
162,2,5,3,27,26,12,0,0,,TRUE,FALSE,,,,slog,mid_on_area,"{""phase"":""powerplay"",""score"":""69/1"",""crr"":12.55,""rrr"":9.52,""pressure"":0.386,""xRuns"":1.654,""xWicket"":0.022,""risk"":0.709,""control"":0.572}"
163,2,5,4,27,26,12,1,0,,TRUE,FALSE,,,,cover_drive,long_off,"{""phase"":""powerplay"",""score"":""70/1"",""crr"":12.35,""rrr"":9.56,""pressure"":0.391,""xRuns"":1.652,""xWicket"":0.022,""risk"":0.712,""control"":0.707}"
164,2,5,5,26,27,12,4,0,,TRUE,FALSE,,,,slog,point_inside,"{""phase"":""powerplay"",""score"":""74/1"",""crr"":12.69,""rrr"":9.39,""pressure"":0.395,""xRuns"":1.514,""xWicket"":0.015,""risk"":0.721,""control"":0.668}"
165,2,5,6,26,27,12,1,0,,TRUE,FALSE,,,,hook,mid_on_inside,"{""phase"":""powerplay"",""score"":""75/1"",""crr"":12.5,""rrr"":9.43,""pressure"":0.393,""xRuns"":1.514,""xWicket"":0.015,""risk"":0.57,""control"":0.622}"
166,2,6,1,26,27,7,1,0,,TRUE,FALSE,,,,scoop,fine_leg,"{""phase"":""middle"",""score"":""76/1"",""crr"":12.32,""rrr"":9.47,""pressure"":0.397,""xRuns"":1.179,""xWicket"":0.047,""risk"":0.572,""control"":0.525}"
167,2,6,2,27,26,7,0,0,,TRUE,TRUE,caught,27,Aarav Sharma,sweep,silly_point,"{""phase"":""middle"",""score"":""76/1"",""crr"":12.0,""rrr"":9.59,""pressure"":0.401,""xRuns"":1.314,""xWicket"":0.054,""risk"":0.716,""control"":0.49}"
168,2,6,3,17,26,7,1,0,,TRUE,FALSE,,,,reverse_sweep,long_on,"{""phase"":""middle"",""score"":""77/2"",""crr"":11.85,""rrr"":9.63,""pressure"":0.434,""xRuns"":1.34,""xWicket"":0.064,""risk"":0.802,""control"":0.415}"
169,2,6,4,26,17,7,0,1,wide,FALSE,FALSE,,,,ramp,long_off,"{""phase"":""middle"",""score"":""78/2"",""crr"":12.0,""rrr"":9.56,""pressure"":0.438,""xRuns"":1.162,""xWicket"":0.006,""risk"":0.59,""control"":0.451}"
170,2,6,4,26,17,7,1,0,,TRUE,FALSE,,,,clip,mid_on_area,"{""phase"":""middle"",""score"":""79/2"",""crr"":11.85,""rrr"":9.6,""pressure"":0.436,""xRuns"":1.163,""xWicket"":0.048,""risk"":0.589,""control"":0.45}"
171,2,6,5,17,26,7,2,0,,TRUE,FALSE,,,,clip,straight_inside,"{""phase"":""middle"",""score"":""81/2"",""crr"":11.85,""rrr"":9.57,""pressure"":0.44,""xRuns"":1.337,""xWicket"":0.064,""risk"":0.805,""control"":0.445}"
172,2,6,6,17,26,7,0,0,,TRUE,FALSE,,,,cover_drive,deep_square_leg,"{""phase"":""middle"",""score"":""81/2"",""crr"":11.57,""rrr"":9.69,""pressure"":0.442,""xRuns"":1.336,""xWicket"":0.065,""risk"":0.806,""control"":0.542}"
173,2,7,1,26,17,9,0,0,,TRUE,FALSE,,,,ramp,third_point,"{""phase"":""middle"",""score"":""81/2"",""crr"":11.3,""rrr"":9.82,""pressure"":0.448,""xRuns"":1.196,""xWicket"":0.045,""risk"":0.594,""control"":0.528}"
174,2,7,2,26,17,9,0,0,,TRUE,FALSE,,,,straight_drive,silly_point,"{""phase"":""middle"",""score"":""81/2"",""crr"":11.05,""rrr"":9.95,""pressure"":0.454,""xRuns"":1.194,""xWicket"":0.046,""risk"":0.597,""control"":0.439}"
175,2,7,3,26,17,9,1,0,,TRUE,FALSE,,,,square_cut,fine_leg,"{""phase"":""middle"",""score"":""82/2"",""crr"":10.93,""rrr"":10.0,""pressure"":0.461,""xRuns"":1.191,""xWicket"":0.046,""risk"":0.6,""control"":0.461}"
176,2,7,4,17,26,9,1,0,,TRUE,FALSE,,,,hook,silly_mid_wicket,"{""phase"":""middle"",""score"":""83/2"",""crr"":10.83,""rrr"":10.05,""pressure"":0.465,""xRuns"":1.365,""xWicket"":0.062,""risk"":0.816,""control"":0.554}"
177,2,7,5,26,17,9,1,0,,TRUE,FALSE,,,,reverse_sweep,long_off,"{""phase"":""middle"",""score"":""84/2"",""crr"":10.72,""rrr"":10.11,""pressure"":0.469,""xRuns"":1.187,""xWicket"":0.046,""risk"":0.604,""control"":0.516}"
178,2,7,6,17,26,9,1,0,,TRUE,FALSE,,,,cover_drive,square_leg_inside,"{""phase"":""middle"",""score"":""85/2"",""crr"":10.62,""rrr"":10.17,""pressure"":0.474,""xRuns"":1.361,""xWicket"":0.062,""risk"":0.82,""control"":0.574}"
179,2,8,1,17,26,14,0,0,,TRUE,FALSE,,,,square_cut,deep_extra_cover,"{""phase"":""middle"",""score"":""85/2"",""crr"":10.41,""rrr"":10.31,""pressure"":0.479,""xRuns"":1.359,""xWicket"":0.063,""risk"":0.823,""control"":0.541}"
180,2,8,2,17,26,14,0,1,no_ball,FALSE,FALSE,,,,square_cut,silly_mid_on,"{""phase"":""middle"",""score"":""86/2"",""crr"":10.53,""rrr"":10.23,""pressure"":0.485,""xRuns"":1.356,""xWicket"":0.009,""risk"":0.825,""control"":0.437}"
181,2,8,2,17,26,14,0,0,,TRUE,FALSE,,,,lofted_drive,long_off,"{""phase"":""middle"",""score"":""86/2"",""crr"":10.32,""rrr"":10.37,""pressure"":0.483,""xRuns"":1.357,""xWicket"":0.063,""risk"":0.824,""control"":0.459}"
182,2,8,3,17,26,14,0,0,,TRUE,FALSE,,,,cut,mid_on_area,"{""phase"":""middle"",""score"":""86/2"",""crr"":10.12,""rrr"":10.52,""pressure"":0.49,""xRuns"":1.354,""xWicket"":0.063,""risk"":0.828,""control"":0.513}"
183,2,8,4,17,26,14,2,0,,TRUE,FALSE,,,,pull,long_off,"{""phase"":""middle"",""score"":""88/2"",""crr"":10.15,""rrr"":10.5,""pressure"":0.497,""xRuns"":1.351,""xWicket"":0.063,""risk"":0.831,""control"":0.553}"
184,2,8,5,17,26,14,1,0,,TRUE,FALSE,,,,reverse_sweep,cover_inside,"{""phase"":""middle"",""score"":""89/2"",""crr"":10.08,""rrr"":10.57,""pressure"":0.499,""xRuns"":1.35,""xWicket"":0.064,""risk"":0.832,""control"":0.421}"
185,2,8,6,26,17,14,0,0,,TRUE,FALSE,,,,upper_cut,deep_extra_cover,"{""phase"":""middle"",""score"":""89/2"",""crr"":9.89,""rrr"":10.73,""pressure"":0.504,""xRuns"":1.173,""xWicket"":0.048,""risk"":0.62,""control"":0.478}"
186,2,9,1,17,26,8,1,0,,TRUE,FALSE,,,,hook,mid_on_inside,"{""phase"":""middle"",""score"":""90/2"",""crr"":9.82,""rrr"":10.8,""pressure"":0.512,""xRuns"":1.402,""xWicket"":0.059,""risk"":0.838,""control"":0.475}"
187,2,9,2,26,17,8,1,0,,TRUE,TRUE,caught,26,Aarav Sharma,ramp,long_on,"{""phase"":""middle"",""score"":""91/2"",""crr"":9.75,""rrr"":10.88,""pressure"":0.516,""xRuns"":1.225,""xWicket"":0.043,""risk"":0.625,""control"":0.583}"
188,2,9,3,17,19,8,2,0,,TRUE,FALSE,,,,lofted,silly_mid_wicket,"{""phase"":""middle"",""score"":""93/3"",""crr"":9.79,""rrr"":10.86,""pressure"":0.548,""xRuns"":1.387,""xWicket"":0.06,""risk"":0.854,""control"":0.477}"
189,2,9,4,17,19,8,1,0,,TRUE,FALSE,,,,glance,long_off,"{""phase"":""middle"",""score"":""94/3"",""crr"":9.72,""rrr"":10.94,""pressure"":0.55,""xRuns"":1.386,""xWicket"":0.06,""risk"":0.855,""control"":0.57}"
190,2,9,5,19,17,8,0,0,,TRUE,FALSE,,,,defence,straight_inside,"{""phase"":""middle"",""score"":""94/3"",""crr"":9.56,""rrr"":11.11,""pressure"":0.555,""xRuns"":1.222,""xWicket"":0.049,""risk"":0.671,""control"":0.584}"
191,2,9,6,19,17,8,1,0,,TRUE,FALSE,,,,ramp,silly_mid_wicket,"{""phase"":""middle"",""score"":""95/3"",""crr"":9.5,""rrr"":11.2,""pressure"":0.563,""xRuns"":1.218,""xWicket"":0.049,""risk"":0.675,""control"":0.554}"
192,2,10,1,19,17,10,0,0,,TRUE,FALSE,,,,cover_drive,cover_point_inside,"{""phase"":""middle"",""score"":""95/3"",""crr"":9.34,""rrr"":11.39,""pressure"":0.568,""xRuns"":1.226,""xWicket"":0.048,""risk"":0.677,""control"":0.581}"
193,2,10,2,19,17,10,1,0,,TRUE,FALSE,,,,sweep,short_leg,"{""phase"":""middle"",""score"":""96/3"",""crr"":9.29,""rrr"":11.48,""pressure"":0.576,""xRuns"":1.222,""xWicket"":0.049,""risk"":0.681,""control"":0.561}"
194,2,10,3,17,19,10,0,0,,TRUE,TRUE,caught,17,Samar Chawla,defence,square_leg_inside,"{""phase"":""middle"",""score"":""96/3"",""crr"":9.14,""rrr"":11.68,""pressure"":0.582,""xRuns"":1.382,""xWicket"":0.061,""risk"":0.869,""control"":0.57}"
195,2,10,4,21,19,10,1,0,,TRUE,FALSE,,,,on_drive,mid_on_inside,"{""phase"":""middle"",""score"":""97/4"",""crr"":9.09,""rrr"":11.79,""pressure"":0.616,""xRuns"":1.09,""xWicket"":0.055,""risk"":0.634,""control"":0.531}"
196,2,10,5,19,21,10,1,0,,TRUE,FALSE,,,,lofted,deep_extra_cover,"{""phase"":""middle"",""score"":""98/4"",""crr"":9.05,""rrr"":11.89,""pressure"":0.622,""xRuns"":1.203,""xWicket"":0.051,""risk"":0.701,""control"":0.48}"
197,2,10,6,21,19,10,1,0,,TRUE,FALSE,,,,scoop,mid_on_inside,"{""phase"":""middle"",""score"":""99/4"",""crr"":9.0,""rrr"":12.0,""pressure"":0.628,""xRuns"":1.085,""xWicket"":0.056,""risk"":0.64,""control"":0.477}"
198,2,11,1,21,19,12,1,0,,TRUE,FALSE,,,,flick,third_point,"{""phase"":""middle"",""score"":""100/4"",""crr"":8.96,""rrr"":12.11,""pressure"":0.634,""xRuns"":1.311,""xWicket"":0.034,""risk"":0.642,""control"":0.599}"
199,2,11,2,19,21,12,1,0,,TRUE,FALSE,,,,clip,silly_mid_on,"{""phase"":""middle"",""score"":""101/4"",""crr"":8.91,""rrr"":12.23,""pressure"":0.64,""xRuns"":1.424,""xWicket"":0.03,""risk"":0.709,""control"":0.64}"
200,2,11,3,21,19,12,1,0,,TRUE,FALSE,,,,square_cut,square_leg_inside,"{""phase"":""middle"",""score"":""102/4"",""crr"":8.87,""rrr"":12.35,""pressure"":0.646,""xRuns"":1.306,""xWicket"":0.035,""risk"":0.648,""control"":0.617}"
201,2,11,4,19,21,12,1,0,,TRUE,FALSE,,,,scoop,deep_extra_cover,"{""phase"":""middle"",""score"":""103/4"",""crr"":8.83,""rrr"":12.48,""pressure"":0.652,""xRuns"":1.419,""xWicket"":0.03,""risk"":0.715,""control"":0.704}"
202,2,11,5,21,19,12,1,0,,TRUE,FALSE,,,,defence,third_point,"{""phase"":""middle"",""score"":""104/4"",""crr"":8.79,""rrr"":12.61,""pressure"":0.659,""xRuns"":1.301,""xWicket"":0.035,""risk"":0.654,""control"":0.571}"
203,2,11,6,19,21,12,2,0,,TRUE,FALSE,,,,defence,deep_cover,"{""phase"":""middle"",""score"":""106/4"",""crr"":8.83,""rrr"":12.62,""pressure"":0.665,""xRuns"":1.413,""xWicket"":0.031,""risk"":0.721,""control"":0.633}"
204,2,12,1,21,19,7,1,0,,TRUE,FALSE,,,,lofted_drive,square_leg_inside,"{""phase"":""middle"",""score"":""107/4"",""crr"":8.79,""rrr"":12.77,""pressure"":0.669,""xRuns"":0.963,""xWicket"":0.067,""risk"":0.658,""control"":0.354}"
205,2,12,2,19,21,7,0,0,,TRUE,FALSE,,,,straight_drive,point_inside,"{""phase"":""middle"",""score"":""107/4"",""crr"":8.68,""rrr"":13.04,""pressure"":0.676,""xRuns"":1.075,""xWicket"":0.063,""risk"":0.726,""control"":0.422}"
206,2,12,3,19,21,7,0,0,,TRUE,FALSE,,,,lofted_drive,square_leg_inside,"{""phase"":""middle"",""score"":""107/4"",""crr"":8.56,""rrr"":13.33,""pressure"":0.686,""xRuns"":1.071,""xWicket"":0.064,""risk"":0.73,""control"":0.423}"
207,2,12,4,19,21,7,1,0,,TRUE,FALSE,,,,cut,fine_leg,"{""phase"":""middle"",""score"":""108/4"",""crr"":8.53,""rrr"":13.5,""pressure"":0.697,""xRuns"":1.067,""xWicket"":0.064,""risk"":0.735,""control"":0.532}"
208,2,12,5,21,19,7,0,0,,TRUE,FALSE,,,,reverse_sweep,deep_cover,"{""phase"":""middle"",""score"":""108/4"",""crr"":8.42,""rrr"":13.81,""pressure"":0.705,""xRuns"":0.948,""xWicket"":0.069,""risk"":0.674,""control"":0.45}"
209,2,12,6,21,19,7,2,0,,TRUE,FALSE,,,,glance,silly_mid_wicket,"{""phase"":""middle"",""score"":""110/4"",""crr"":8.46,""rrr"":13.86,""pressure"":0.717,""xRuns"":0.943,""xWicket"":0.07,""risk"":0.68,""control"":0.388}"
210,2,13,1,19,21,9,1,0,,TRUE,FALSE,,,,pull,third_point,"{""phase"":""middle"",""score"":""111/4"",""crr"":8.43,""rrr"":14.05,""pressure"":0.721,""xRuns"":1.095,""xWicket"":0.062,""risk"":0.746,""control"":0.534}"
211,2,13,2,21,19,9,0,0,,TRUE,FALSE,,,,clip,third_point,"{""phase"":""middle"",""score"":""111/4"",""crr"":8.32,""rrr"":14.4,""pressure"":0.728,""xRuns"":0.977,""xWicket"":0.066,""risk"":0.685,""control"":0.391}"
212,2,13,3,21,19,9,1,0,,TRUE,FALSE,,,,upper_cut,point_inside,"{""phase"":""middle"",""score"":""112/4"",""crr"":8.3,""rrr"":14.62,""pressure"":0.731,""xRuns"":0.975,""xWicket"":0.067,""risk"":0.686,""control"":0.456}"
213,2,13,4,19,21,9,0,0,,TRUE,FALSE,,,,glance,short_leg,"{""phase"":""middle"",""score"":""112/4"",""crr"":8.2,""rrr"":15.0,""pressure"":0.734,""xRuns"":1.089,""xWicket"":0.062,""risk"":0.752,""control"":0.572}"
214,2,13,5,19,21,9,2,0,,TRUE,FALSE,,,,lofted_drive,third_point,"{""phase"":""middle"",""score"":""114/4"",""crr"":8.24,""rrr"":15.08,""pressure"":0.736,""xRuns"":1.088,""xWicket"":0.062,""risk"":0.753,""control"":0.465}"
215,2,13,6,19,21,9,2,0,,TRUE,FALSE,,,,glance,mid_on_inside,"{""phase"":""middle"",""score"":""116/4"",""crr"":8.29,""rrr"":15.17,""pressure"":0.739,""xRuns"":1.087,""xWicket"":0.062,""risk"":0.754,""control"":0.579}"
216,2,14,1,21,19,14,0,0,,TRUE,FALSE,,,,slog,long_off,"{""phase"":""middle"",""score"":""116/4"",""crr"":8.19,""rrr"":15.6,""pressure"":0.742,""xRuns"":0.971,""xWicket"":0.067,""risk"":0.691,""control"":0.379}"
217,2,14,2,21,19,14,0,0,,TRUE,FALSE,,,,slog,straight_inside,"{""phase"":""middle"",""score"":""116/4"",""crr"":8.09,""rrr"":16.06,""pressure"":0.745,""xRuns"":0.969,""xWicket"":0.067,""risk"":0.692,""control"":0.403}"
218,2,14,3,21,19,14,1,0,,TRUE,FALSE,,,,glance,square_leg_inside,"{""phase"":""middle"",""score"":""117/4"",""crr"":8.07,""rrr"":16.36,""pressure"":0.748,""xRuns"":0.968,""xWicket"":0.067,""risk"":0.694,""control"":0.411}"
219,2,14,4,19,21,14,0,0,,TRUE,FALSE,,,,flick,third_point,"{""phase"":""middle"",""score"":""117/4"",""crr"":7.98,""rrr"":16.88,""pressure"":0.751,""xRuns"":1.082,""xWicket"":0.063,""risk"":0.759,""control"":0.575}"
220,2,14,5,19,21,14,1,0,,TRUE,FALSE,,,,defence,deep_square_leg,"{""phase"":""middle"",""score"":""118/4"",""crr"":7.96,""rrr"":17.23,""pressure"":0.753,""xRuns"":1.081,""xWicket"":0.063,""risk"":0.76,""control"":0.492}"
221,2,14,6,21,19,14,1,0,,TRUE,FALSE,,,,lofted_drive,mid_on_inside,"{""phase"":""middle"",""score"":""119/4"",""crr"":7.93,""rrr"":17.6,""pressure"":0.756,""xRuns"":0.965,""xWicket"":0.068,""risk"":0.697,""control"":0.37}"
222,2,15,1,21,19,8,0,0,,TRUE,FALSE,,,,scoop,mid_off,"{""phase"":""death"",""score"":""119/4"",""crr"":7.85,""rrr"":18.21,""pressure"":0.759,""xRuns"":1.021,""xWicket"":0.08,""risk"":0.699,""control"":0.43}"
223,2,15,2,21,19,8,4,0,,TRUE,FALSE,,,,reverse_sweep,cover_inside,"{""phase"":""death"",""score"":""123/4"",""crr"":8.02,""rrr"":18.0,""pressure"":0.762,""xRuns"":1.019,""xWicket"":0.081,""risk"":0.85,""control"":0.407}"
224,2,15,3,21,19,8,0,2,leg_bye,TRUE,FALSE,,,,square_cut,mid_off,"{""phase"":""death"",""score"":""125/4"",""crr"":8.06,""rrr"":18.22,""pressure"":0.765,""xRuns"":1.018,""xWicket"":0.081,""risk"":0.701,""control"":0.401}"
225,2,15,4,21,19,8,2,0,,TRUE,FALSE,,,,ramp,square_leg_inside,"{""phase"":""death"",""score"":""127/4"",""crr"":8.11,""rrr"":18.46,""pressure"":0.768,""xRuns"":1.017,""xWicket"":0.081,""risk"":0.703,""control"":0.458}"
226,2,15,5,21,19,8,0,0,,TRUE,FALSE,,,,upper_cut,long_on,"{""phase"":""death"",""score"":""127/4"",""crr"":8.02,""rrr"":19.2,""pressure"":0.77,""xRuns"":1.016,""xWicket"":0.081,""risk"":0.704,""control"":0.468}"
227,2,15,6,21,19,8,0,0,,TRUE,FALSE,,,,ramp,cover_inside,"{""phase"":""death"",""score"":""127/4"",""crr"":7.94,""rrr"":20.0,""pressure"":0.773,""xRuns"":1.015,""xWicket"":0.081,""risk"":0.705,""control"":0.414}"
228,2,16,1,19,21,12,3,0,,TRUE,FALSE,,,,late_cut,silly_point,"{""phase"":""death"",""score"":""130/4"",""crr"":8.04,""rrr"":20.09,""pressure"":0.776,""xRuns"":1.367,""xWicket"":0.054,""risk"":0.771,""control"":0.685}"
229,2,16,2,21,19,12,6,0,,TRUE,FALSE,,,,sweep,fine_leg,"{""phase"":""death"",""score"":""136/4"",""crr"":8.33,""rrr"":19.36,""pressure"":0.779,""xRuns"":1.25,""xWicket"":0.059,""risk"":0.858,""control"":0.584}"
230,2,16,3,21,19,12,6,0,,TRUE,FALSE,,,,on_drive,silly_point,"{""phase"":""death"",""score"":""142/4"",""crr"":8.61,""rrr"":18.57,""pressure"":0.782,""xRuns"":1.249,""xWicket"":0.059,""risk"":0.859,""control"":0.624}"
231,2,16,4,21,19,12,0,0,,TRUE,FALSE,,,,lofted_drive,square_leg_inside,"{""phase"":""death"",""score"":""142/4"",""crr"":8.52,""rrr"":19.5,""pressure"":0.785,""xRuns"":1.248,""xWicket"":0.059,""risk"":0.71,""control"":0.532}"
232,2,16,5,21,19,12,0,0,,TRUE,FALSE,,,,lofted,square_leg_inside,"{""phase"":""death"",""score"":""142/4"",""crr"":8.44,""rrr"":20.53,""pressure"":0.787,""xRuns"":1.247,""xWicket"":0.059,""risk"":0.711,""control"":0.622}"
233,2,16,6,21,19,12,0,0,,TRUE,FALSE,,,,cut,fine_leg,"{""phase"":""death"",""score"":""142/4"",""crr"":8.35,""rrr"":21.67,""pressure"":0.79,""xRuns"":1.246,""xWicket"":0.059,""risk"":0.713,""control"":0.646}"
234,2,17,1,19,21,12,0,2,leg_bye,TRUE,FALSE,,,,lofted_drive,deep_extra_cover,"{""phase"":""death"",""score"":""144/4"",""crr"":8.39,""rrr"":22.24,""pressure"":0.793,""xRuns"":1.36,""xWicket"":0.055,""risk"":0.778,""control"":0.621}"
235,2,17,2,19,21,12,1,0,,TRUE,FALSE,,,,late_cut,third_point,"{""phase"":""death"",""score"":""145/4"",""crr"":8.37,""rrr"":23.25,""pressure"":0.796,""xRuns"":1.358,""xWicket"":0.055,""risk"":0.78,""control"":0.688}"
236,2,17,3,21,19,12,4,0,,TRUE,FALSE,,,,straight_drive,long_off,"{""phase"":""death"",""score"":""149/4"",""crr"":8.51,""rrr"":23.2,""pressure"":0.799,""xRuns"":1.242,""xWicket"":0.059,""risk"":0.867,""control"":0.497}"
237,2,17,4,21,19,12,1,0,,TRUE,FALSE,,,,upper_cut,short_leg,"{""phase"":""death"",""score"":""150/4"",""crr"":8.49,""rrr"":24.43,""pressure"":0.802,""xRuns"":1.241,""xWicket"":0.06,""risk"":0.718,""control"":0.577}"
238,2,17,5,19,21,12,2,0,,TRUE,FALSE,,,,scoop,point_inside,"{""phase"":""death"",""score"":""152/4"",""crr"":8.52,""rrr"":25.38,""pressure"":0.804,""xRuns"":1.355,""xWicket"":0.055,""risk"":0.783,""control"":0.548}"
239,2,17,6,19,21,12,4,0,,TRUE,FALSE,,,,paddle_sweep,straight_inside,"{""phase"":""death"",""score"":""156/4"",""crr"":8.67,""rrr"":25.5,""pressure"":0.807,""xRuns"":1.354,""xWicket"":0.055,""risk"":0.935,""control"":0.623}"
240,2,18,1,21,19,14,2,0,,TRUE,FALSE,,,,upper_cut,straight_inside,"{""phase"":""death"",""score"":""158/4"",""crr"":8.7,""rrr"":26.73,""pressure"":0.81,""xRuns"":0.942,""xWicket"":0.088,""risk"":0.722,""control"":0.38}"
241,2,18,2,21,19,14,0,2,bye,TRUE,FALSE,,,,glance,third_point,"{""phase"":""death"",""score"":""160/4"",""crr"":8.73,""rrr"":28.2,""pressure"":0.813,""xRuns"":0.941,""xWicket"":0.088,""risk"":0.723,""control"":0.501}"
242,2,18,3,21,19,14,0,0,,TRUE,FALSE,,,,straight_drive,silly_mid_on,"{""phase"":""death"",""score"":""160/4"",""crr"":8.65,""rrr"":31.33,""pressure"":0.816,""xRuns"":0.94,""xWicket"":0.088,""risk"":0.724,""control"":0.375}"
243,2,18,4,21,19,14,1,0,,TRUE,TRUE,caught,21,Devansh Kulkarni,hook,deep_cover,"{""phase"":""death"",""score"":""161/4"",""crr"":8.62,""rrr"":34.5,""pressure"":0.819,""xRuns"":0.938,""xWicket"":0.089,""risk"":0.726,""control"":0.457}"
244,2,18,5,19,29,14,4,0,,TRUE,FALSE,,,,slog,long_off,"{""phase"":""death"",""score"":""165/5"",""crr"":8.76,""rrr"":36.0,""pressure"":0.847,""xRuns"":1.042,""xWicket"":0.085,""risk"":0.953,""control"":0.507}"
245,2,18,6,19,29,14,1,0,,TRUE,FALSE,,,,straight_drive,point_inside,"{""phase"":""death"",""score"":""166/5"",""crr"":8.74,""rrr"":41.0,""pressure"":0.85,""xRuns"":1.04,""xWicket"":0.085,""risk"":0.804,""control"":0.518}"
246,2,19,1,19,29,9,0,0,,TRUE,FALSE,,,,straight_drive,point_inside,"{""phase"":""death"",""score"":""166/5"",""crr"":8.66,""rrr"":49.2,""pressure"":0.853,""xRuns"":1.039,""xWicket"":0.085,""risk"":0.805,""control"":0.424}"
247,2,19,2,19,29,9,0,0,,TRUE,FALSE,,,,paddle_sweep,deep_square_leg,"{""phase"":""death"",""score"":""166/5"",""crr"":8.59,""rrr"":61.5,""pressure"":0.856,""xRuns"":1.038,""xWicket"":0.086,""risk"":0.807,""control"":0.532}"
248,2,19,3,19,29,9,0,0,,TRUE,FALSE,,,,sweep,mid_on_area,"{""phase"":""death"",""score"":""166/5"",""crr"":8.51,""rrr"":82.0,""pressure"":0.859,""xRuns"":1.037,""xWicket"":0.086,""risk"":0.808,""control"":0.537}"
249,2,19,4,19,29,9,0,0,,TRUE,FALSE,,,,clip,silly_mid_on,"{""phase"":""death"",""score"":""166/5"",""crr"":8.44,""rrr"":123.0,""pressure"":0.862,""xRuns"":1.035,""xWicket"":0.086,""risk"":0.809,""control"":0.571}"
250,2,19,5,19,29,9,2,0,,TRUE,FALSE,,,,scoop,silly_mid_wicket,"{""phase"":""death"",""score"":""168/5"",""crr"":8.47,""rrr"":234.0,""pressure"":0.864,""xRuns"":1.035,""xWicket"":0.086,""risk"":0.81,""control"":0.556}"
251,2,19,6,19,29,9,0,1,wide,FALSE,FALSE,,,,paddle_sweep,silly_mid_wicket,"{""phase"":""death"",""score"":""169/5"",""crr"":8.52,""rrr"":228.0,""pressure"":0.867,""xRuns"":1.033,""xWicket"":0.009,""risk"":0.812,""control"":0.467}"
252,2,19,6,19,29,9,0,1,bye,TRUE,FALSE,,,,pull,deep_extra_cover,"{""phase"":""death"",""score"":""170/5"",""crr"":8.5,""rrr"":222.0,""pressure"":0.867,""xRuns"":1.033,""xWicket"":0.086,""risk"":0.812,""control"":0.464}"
253,3,0,1,36,31,7,0,0,,TRUE,FALSE,,,,straight_drive,cover_inside,"{""phase"":""powerplay"",""score"":""0/0"",""crr"":0.0,""rrr"":"""",""pressure"":0.0,""xRuns"":1.334,""xWicket"":0.029,""risk"":0.379,""control"":0.447}"
254,3,0,2,36,31,7,0,1,wide,FALSE,FALSE,,,,square_cut,short_leg,"{""phase"":""powerplay"",""score"":""1/0"",""crr"":6.0,""rrr"":"""",""pressure"":0.003,""xRuns"":1.332,""xWicket"":0.006,""risk"":0.38,""control"":0.516}"
255,3,0,2,36,31,7,1,0,,TRUE,FALSE,,,,cover_drive,short_leg,"{""phase"":""powerplay"",""score"":""2/0"",""crr"":6.0,""rrr"":"""",""pressure"":0.003,""xRuns"":1.332,""xWicket"":0.029,""risk"":0.38,""control"":0.426}"
256,3,0,3,31,36,7,1,0,,TRUE,FALSE,,,,clip,mid_on_area,"{""phase"":""powerplay"",""score"":""3/0"",""crr"":6.0,""rrr"":"""",""pressure"":0.006,""xRuns"":1.495,""xWicket"":0.037,""risk"":0.596,""control"":0.505}"
257,3,0,4,36,31,7,0,0,,TRUE,FALSE,,,,cut,mid_on_inside,"{""phase"":""powerplay"",""score"":""3/0"",""crr"":4.5,""rrr"":"""",""pressure"":0.009,""xRuns"":1.33,""xWicket"":0.029,""risk"":0.383,""control"":0.555}"
258,3,0,5,36,31,7,2,0,,TRUE,FALSE,,,,cover_drive,cover_inside,"{""phase"":""powerplay"",""score"":""5/0"",""crr"":6.0,""rrr"":"""",""pressure"":0.011,""xRuns"":1.329,""xWicket"":0.029,""risk"":0.384,""control"":0.555}"
259,3,0,6,36,31,7,0,0,,TRUE,FALSE,,,,defence,fine_leg,"{""phase"":""powerplay"",""score"":""5/0"",""crr"":5.0,""rrr"":"""",""pressure"":0.014,""xRuns"":1.328,""xWicket"":0.029,""risk"":0.385,""control"":0.504}"
260,3,1,1,31,36,9,3,0,,TRUE,FALSE,,,,upper_cut,silly_point,"{""phase"":""powerplay"",""score"":""8/0"",""crr"":6.86,""rrr"":"""",""pressure"":0.017,""xRuns"":1.529,""xWicket"":0.034,""risk"":0.601,""control"":0.527}"
261,3,1,2,36,31,9,1,0,,TRUE,FALSE,,,,on_drive,cover_inside,"{""phase"":""powerplay"",""score"":""9/0"",""crr"":6.75,""rrr"":"""",""pressure"":0.02,""xRuns"":1.363,""xWicket"":0.026,""risk"":0.388,""control"":0.464}"
262,3,1,3,31,36,9,0,1,wide,FALSE,FALSE,,,,drive,silly_point,"{""phase"":""powerplay"",""score"":""10/0"",""crr"":7.5,""rrr"":"""",""pressure"":0.023,""xRuns"":1.526,""xWicket"":0.006,""risk"":0.603,""control"":0.463}"
263,3,1,3,31,36,9,1,0,,TRUE,FALSE,,,,glance,deep_extra_cover,"{""phase"":""powerplay"",""score"":""11/0"",""crr"":7.33,""rrr"":"""",""pressure"":0.023,""xRuns"":1.526,""xWicket"":0.034,""risk"":0.603,""control"":0.516}"
264,3,1,4,36,31,9,0,0,,TRUE,FALSE,,,,drive,cover_inside,"{""phase"":""powerplay"",""score"":""11/0"",""crr"":6.6,""rrr"":"""",""pressure"":0.026,""xRuns"":1.361,""xWicket"":0.026,""risk"":0.39,""control"":0.475}"
265,3,1,5,36,31,9,0,0,,TRUE,FALSE,,,,late_cut,deep_square_leg,"{""phase"":""powerplay"",""score"":""11/0"",""crr"":6.0,""rrr"":"""",""pressure"":0.028,""xRuns"":1.36,""xWicket"":0.026,""risk"":0.391,""control"":0.479}"
266,3,1,6,36,31,9,0,1,wide,FALSE,FALSE,,,,on_drive,deep_extra_cover,"{""phase"":""powerplay"",""score"":""12/0"",""crr"":6.55,""rrr"":"""",""pressure"":0.031,""xRuns"":1.359,""xWicket"":0.006,""risk"":0.393,""control"":0.494}"
267,3,1,6,36,31,9,0,0,,TRUE,FALSE,,,,ramp,silly_point,"{""phase"":""powerplay"",""score"":""12/0"",""crr"":6.0,""rrr"":"""",""pressure"":0.031,""xRuns"":1.359,""xWicket"":0.026,""risk"":0.393,""control"":0.436}"
268,3,2,1,31,36,14,0,0,,TRUE,FALSE,,,,upper_cut,silly_mid_wicket,"{""phase"":""powerplay"",""score"":""12/0"",""crr"":5.54,""rrr"":"""",""pressure"":0.034,""xRuns"":1.521,""xWicket"":0.035,""risk"":0.608,""control"":0.471}"
269,3,2,2,31,36,14,0,0,,TRUE,FALSE,,,,defence,point_inside,"{""phase"":""powerplay"",""score"":""12/0"",""crr"":5.14,""rrr"":"""",""pressure"":0.037,""xRuns"":1.52,""xWicket"":0.035,""risk"":0.61,""control"":0.435}"
270,3,2,3,31,36,14,0,0,,TRUE,FALSE,,,,slog,silly_mid_on,"{""phase"":""powerplay"",""score"":""12/0"",""crr"":4.8,""rrr"":"""",""pressure"":0.04,""xRuns"":1.519,""xWicket"":0.035,""risk"":0.611,""control"":0.477}"
271,3,2,4,31,36,14,1,0,,TRUE,FALSE,,,,pull,long_off,"{""phase"":""powerplay"",""score"":""13/0"",""crr"":4.88,""rrr"":"""",""pressure"":0.043,""xRuns"":1.518,""xWicket"":0.035,""risk"":0.612,""control"":0.464}"
272,3,2,5,36,31,14,1,0,,TRUE,FALSE,,,,lofted,fine_leg,"{""phase"":""powerplay"",""score"":""14/0"",""crr"":4.94,""rrr"":"""",""pressure"":0.045,""xRuns"":1.353,""xWicket"":0.027,""risk"":0.399,""control"":0.464}"
273,3,2,6,31,36,14,0,0,,TRUE,FALSE,,,,straight_drive,cover_inside,"{""phase"":""powerplay"",""score"":""14/0"",""crr"":4.67,""rrr"":"""",""pressure"":0.048,""xRuns"":1.516,""xWicket"":0.035,""risk"":0.614,""control"":0.503}"
274,3,3,1,36,31,8,0,0,,TRUE,FALSE,,,,clip,straight_inside,"{""phase"":""powerplay"",""score"":""14/0"",""crr"":4.42,""rrr"":"""",""pressure"":0.051,""xRuns"":1.407,""xWicket"":0.022,""risk"":0.402,""control"":0.512}"
275,3,3,2,36,31,8,1,0,,TRUE,FALSE,,,,late_cut,deep_square_leg,"{""phase"":""powerplay"",""score"":""15/0"",""crr"":4.5,""rrr"":"""",""pressure"":0.054,""xRuns"":1.406,""xWicket"":0.022,""risk"":0.403,""control"":0.6}"
276,3,3,3,31,36,8,0,0,,TRUE,FALSE,,,,pull,third_point,"{""phase"":""powerplay"",""score"":""15/0"",""crr"":4.29,""rrr"":"""",""pressure"":0.057,""xRuns"":1.569,""xWicket"":0.03,""risk"":0.619,""control"":0.55}"
277,3,3,4,31,36,8,2,0,,TRUE,FALSE,,,,straight_drive,cover_inside,"{""phase"":""powerplay"",""score"":""17/0"",""crr"":4.64,""rrr"":"""",""pressure"":0.059,""xRuns"":1.568,""xWicket"":0.03,""risk"":0.619,""control"":0.445}"
278,3,3,5,31,36,8,2,0,,TRUE,FALSE,,,,upper_cut,deep_cover,"{""phase"":""powerplay"",""score"":""19/0"",""crr"":4.96,""rrr"":"""",""pressure"":0.062,""xRuns"":1.567,""xWicket"":0.03,""risk"":0.621,""control"":0.466}"
279,3,3,6,31,36,8,1,0,,TRUE,FALSE,,,,pull,long_off,"{""phase"":""powerplay"",""score"":""20/0"",""crr"":5.0,""rrr"":"""",""pressure"":0.065,""xRuns"":1.566,""xWicket"":0.031,""risk"":0.622,""control"":0.546}"
280,3,4,1,31,36,10,0,0,,TRUE,FALSE,,,,hook,fine_leg,"{""phase"":""powerplay"",""score"":""20/0"",""crr"":4.8,""rrr"":"""",""pressure"":0.068,""xRuns"":1.574,""xWicket"":0.03,""risk"":0.623,""control"":0.582}"
281,3,4,2,31,36,10,0,0,,TRUE,FALSE,,,,pull,deep_extra_cover,"{""phase"":""powerplay"",""score"":""20/0"",""crr"":4.62,""rrr"":"""",""pressure"":0.071,""xRuns"":1.573,""xWicket"":0.03,""risk"":0.625,""control"":0.498}"
282,3,4,3,31,36,10,1,0,,TRUE,FALSE,,,,hook,cover_point_inside,"{""phase"":""powerplay"",""score"":""21/0"",""crr"":4.67,""rrr"":"""",""pressure"":0.074,""xRuns"":1.571,""xWicket"":0.03,""risk"":0.626,""control"":0.523}"
283,3,4,4,36,31,10,1,0,,TRUE,FALSE,,,,on_drive,mid_on_inside,"{""phase"":""powerplay"",""score"":""22/0"",""crr"":4.71,""rrr"":"""",""pressure"":0.077,""xRuns"":1.406,""xWicket"":0.022,""risk"":0.413,""control"":0.476}"
284,3,4,5,31,36,10,0,0,,TRUE,FALSE,,,,sweep,mid_off,"{""phase"":""powerplay"",""score"":""22/0"",""crr"":4.55,""rrr"":"""",""pressure"":0.079,""xRuns"":1.569,""xWicket"":0.03,""risk"":0.628,""control"":0.547}"
285,3,4,6,31,36,10,1,0,,TRUE,FALSE,,,,drive,third_point,"{""phase"":""powerplay"",""score"":""23/0"",""crr"":4.6,""rrr"":"""",""pressure"":0.082,""xRuns"":1.568,""xWicket"":0.03,""risk"":0.63,""control"":0.584}"
286,3,5,1,31,36,12,1,0,,TRUE,FALSE,,,,straight_drive,mid_off,"{""phase"":""powerplay"",""score"":""24/0"",""crr"":4.65,""rrr"":"""",""pressure"":0.085,""xRuns"":1.795,""xWicket"":0.009,""risk"":0.631,""control"":0.668}"
287,3,5,2,36,31,12,0,0,,TRUE,FALSE,,,,square_cut,mid_off,"{""phase"":""powerplay"",""score"":""24/0"",""crr"":4.5,""rrr"":"""",""pressure"":0.088,""xRuns"":1.63,""xWicket"":0.006,""risk"":0.418,""control"":0.667}"
288,3,5,3,36,31,12,0,0,,TRUE,FALSE,,,,cover_drive,point_inside,"{""phase"":""powerplay"",""score"":""24/0"",""crr"":4.36,""rrr"":"""",""pressure"":0.091,""xRuns"":1.629,""xWicket"":0.006,""risk"":0.42,""control"":0.711}"
289,3,5,4,36,31,12,1,0,,TRUE,FALSE,,,,hook,mid_on_area,"{""phase"":""powerplay"",""score"":""25/0"",""crr"":4.41,""rrr"":"""",""pressure"":0.094,""xRuns"":1.627,""xWicket"":0.006,""risk"":0.421,""control"":0.646}"
290,3,5,5,31,36,12,4,0,,TRUE,FALSE,,,,on_drive,straight_inside,"{""phase"":""powerplay"",""score"":""29/0"",""crr"":4.97,""rrr"":"""",""pressure"":0.096,""xRuns"":1.791,""xWicket"":0.009,""risk"":0.786,""control"":0.573}"
291,3,5,6,31,36,12,1,0,,TRUE,FALSE,,,,defence,mid_off,"{""phase"":""powerplay"",""score"":""30/0"",""crr"":5.0,""rrr"":"""",""pressure"":0.099,""xRuns"":1.789,""xWicket"":0.009,""risk"":0.637,""control"":0.541}"
292,3,6,1,31,36,7,0,0,,TRUE,FALSE,,,,drive,long_on,"{""phase"":""middle"",""score"":""30/0"",""crr"":4.86,""rrr"":"""",""pressure"":0.102,""xRuns"":1.455,""xWicket"":0.041,""risk"":0.639,""control"":0.49}"
293,3,6,2,31,36,7,0,0,,TRUE,FALSE,,,,cut,deep_square_leg,"{""phase"":""middle"",""score"":""30/0"",""crr"":4.74,""rrr"":"""",""pressure"":0.105,""xRuns"":1.454,""xWicket"":0.041,""risk"":0.64,""control"":0.482}"
294,3,6,3,31,36,7,0,0,,TRUE,FALSE,,,,flick,long_on,"{""phase"":""middle"",""score"":""30/0"",""crr"":4.62,""rrr"":"""",""pressure"":0.108,""xRuns"":1.452,""xWicket"":0.042,""risk"":0.641,""control"":0.534}"
295,3,6,4,31,36,7,0,0,,TRUE,FALSE,,,,slog,square_leg_inside,"{""phase"":""middle"",""score"":""30/0"",""crr"":4.5,""rrr"":"""",""pressure"":0.111,""xRuns"":1.451,""xWicket"":0.042,""risk"":0.643,""control"":0.483}"
296,3,6,5,31,36,7,6,0,,TRUE,FALSE,,,,drive,short_leg,"{""phase"":""middle"",""score"":""36/0"",""crr"":5.27,""rrr"":"""",""pressure"":0.113,""xRuns"":1.45,""xWicket"":0.042,""risk"":0.794,""control"":0.534}"
297,3,6,6,31,36,7,1,0,,TRUE,FALSE,,,,on_drive,short_leg,"{""phase"":""middle"",""score"":""37/0"",""crr"":5.29,""rrr"":"""",""pressure"":0.116,""xRuns"":1.449,""xWicket"":0.042,""risk"":0.645,""control"":0.485}"
298,3,7,1,31,36,9,0,0,,TRUE,FALSE,,,,hook,short_leg,"{""phase"":""middle"",""score"":""37/0"",""crr"":5.16,""rrr"":"""",""pressure"":0.119,""xRuns"":1.486,""xWicket"":0.038,""risk"":0.646,""control"":0.41}"
299,3,7,2,31,36,9,1,0,,TRUE,FALSE,,,,ramp,cover_point_inside,"{""phase"":""middle"",""score"":""38/0"",""crr"":5.18,""rrr"":"""",""pressure"":0.122,""xRuns"":1.484,""xWicket"":0.039,""risk"":0.648,""control"":0.457}"
300,3,7,3,36,31,9,3,0,,TRUE,FALSE,,,,flick,long_off,"{""phase"":""middle"",""score"":""41/0"",""crr"":5.47,""rrr"":"""",""pressure"":0.125,""xRuns"":1.319,""xWicket"":0.031,""risk"":0.435,""control"":0.518}"
301,3,7,4,31,36,9,0,1,wide,FALSE,FALSE,,,,sweep,mid_off,"{""phase"":""middle"",""score"":""42/0"",""crr"":5.6,""rrr"":"""",""pressure"":0.128,""xRuns"":1.482,""xWicket"":0.006,""risk"":0.65,""control"":0.457}"
302,3,7,4,31,36,9,0,0,,TRUE,FALSE,,,,lofted,silly_point,"{""phase"":""middle"",""score"":""42/0"",""crr"":5.48,""rrr"":"""",""pressure"":0.128,""xRuns"":1.482,""xWicket"":0.039,""risk"":0.65,""control"":0.53}"
303,3,7,5,31,36,9,1,0,,TRUE,FALSE,,,,cut,mid_on_inside,"{""phase"":""middle"",""score"":""43/0"",""crr"":5.49,""rrr"":"""",""pressure"":0.13,""xRuns"":1.481,""xWicket"":0.039,""risk"":0.651,""control"":0.443}"
304,3,7,6,36,31,9,1,0,,TRUE,FALSE,,,,clip,silly_mid_wicket,"{""phase"":""middle"",""score"":""44/0"",""crr"":5.5,""rrr"":"""",""pressure"":0.133,""xRuns"":1.316,""xWicket"":0.031,""risk"":0.438,""control"":0.444}"
305,3,8,1,36,31,14,0,0,,TRUE,FALSE,,,,slog,mid_off,"{""phase"":""middle"",""score"":""44/0"",""crr"":5.39,""rrr"":"""",""pressure"":0.136,""xRuns"":1.315,""xWicket"":0.031,""risk"":0.44,""control"":0.44}"
306,3,8,2,36,31,14,1,0,,TRUE,FALSE,,,,upper_cut,fine_leg,"{""phase"":""middle"",""score"":""45/0"",""crr"":5.4,""rrr"":"""",""pressure"":0.139,""xRuns"":1.313,""xWicket"":0.031,""risk"":0.441,""control"":0.502}"
307,3,8,3,31,36,14,0,0,,TRUE,FALSE,,,,sweep,silly_point,"{""phase"":""middle"",""score"":""45/0"",""crr"":5.29,""rrr"":"""",""pressure"":0.142,""xRuns"":1.476,""xWicket"":0.039,""risk"":0.657,""control"":0.494}"
308,3,8,4,31,36,14,0,0,,TRUE,FALSE,,,,straight_drive,deep_square_leg,"{""phase"":""middle"",""score"":""45/0"",""crr"":5.19,""rrr"":"""",""pressure"":0.145,""xRuns"":1.475,""xWicket"":0.04,""risk"":0.658,""control"":0.501}"
309,3,8,5,31,36,14,1,0,,TRUE,FALSE,,,,cover_drive,deep_square_leg,"{""phase"":""middle"",""score"":""46/0"",""crr"":5.21,""rrr"":"""",""pressure"":0.147,""xRuns"":1.474,""xWicket"":0.04,""risk"":0.659,""control"":0.538}"
310,3,8,6,36,31,14,1,0,,TRUE,FALSE,,,,flick,straight_inside,"{""phase"":""middle"",""score"":""47/0"",""crr"":5.22,""rrr"":"""",""pressure"":0.15,""xRuns"":1.309,""xWicket"":0.032,""risk"":0.446,""control"":0.524}"
311,3,9,1,36,31,8,0,0,,TRUE,FALSE,,,,on_drive,cover_inside,"{""phase"":""middle"",""score"":""47/0"",""crr"":5.13,""rrr"":"""",""pressure"":0.153,""xRuns"":1.365,""xWicket"":0.026,""risk"":0.447,""control"":0.525}"
312,3,9,2,36,31,8,0,1,leg_bye,TRUE,FALSE,,,,reverse_sweep,third_point,"{""phase"":""middle"",""score"":""48/0"",""crr"":5.14,""rrr"":"""",""pressure"":0.156,""xRuns"":1.363,""xWicket"":0.027,""risk"":0.449,""control"":0.583}"
313,3,9,3,31,36,8,0,0,,TRUE,FALSE,,,,lofted,third_point,"{""phase"":""middle"",""score"":""48/0"",""crr"":5.05,""rrr"":"""",""pressure"":0.159,""xRuns"":1.526,""xWicket"":0.035,""risk"":0.664,""control"":0.494}"
314,3,9,4,31,36,8,4,0,,TRUE,FALSE,,,,sweep,fine_leg_inside,"{""phase"":""middle"",""score"":""52/0"",""crr"":5.38,""rrr"":"""",""pressure"":0.162,""xRuns"":1.525,""xWicket"":0.035,""risk"":0.816,""control"":0.514}"
315,3,9,5,31,36,8,0,0,,TRUE,FALSE,,,,lofted_drive,deep_extra_cover,"{""phase"":""middle"",""score"":""52/0"",""crr"":5.29,""rrr"":"""",""pressure"":0.164,""xRuns"":1.524,""xWicket"":0.035,""risk"":0.667,""control"":0.492}"
316,3,9,6,31,36,8,4,0,,TRUE,FALSE,,,,square_cut,straight_inside,"{""phase"":""middle"",""score"":""56/0"",""crr"":5.6,""rrr"":"""",""pressure"":0.167,""xRuns"":1.523,""xWicket"":0.035,""risk"":0.818,""control"":0.51}"
317,3,10,1,36,31,10,4,0,,TRUE,FALSE,,,,slog,fine_leg,"{""phase"":""middle"",""score"":""60/0"",""crr"":5.9,""rrr"":"""",""pressure"":0.17,""xRuns"":1.367,""xWicket"":0.026,""risk"":0.605,""control"":0.562}"
318,3,10,2,36,31,10,1,0,,TRUE,FALSE,,,,cover_drive,fine_leg_inside,"{""phase"":""middle"",""score"":""61/0"",""crr"":5.9,""rrr"":"""",""pressure"":0.173,""xRuns"":1.366,""xWicket"":0.026,""risk"":0.456,""control"":0.517}"
319,3,10,3,31,36,10,2,0,,TRUE,FALSE,,,,flick,fine_leg,"{""phase"":""middle"",""score"":""63/0"",""crr"":6.0,""rrr"":"""",""pressure"":0.176,""xRuns"":1.528,""xWicket"":0.035,""risk"":0.672,""control"":0.499}"
320,3,10,4,31,36,10,0,1,wide,FALSE,FALSE,,,,slog,point_inside,"{""phase"":""middle"",""score"":""64/0"",""crr"":6.1,""rrr"":"""",""pressure"":0.179,""xRuns"":1.527,""xWicket"":0.006,""risk"":0.673,""control"":0.58}"
321,3,10,4,31,36,10,0,0,,TRUE,FALSE,,,,scoop,silly_mid_on,"{""phase"":""middle"",""score"":""64/0"",""crr"":6.0,""rrr"":"""",""pressure"":0.179,""xRuns"":1.527,""xWicket"":0.035,""risk"":0.673,""control"":0.538}"
322,3,10,5,31,36,10,3,0,,TRUE,FALSE,,,,square_cut,mid_on_inside,"{""phase"":""middle"",""score"":""67/0"",""crr"":6.18,""rrr"":"""",""pressure"":0.181,""xRuns"":1.526,""xWicket"":0.035,""risk"":0.674,""control"":0.491}"
323,3,10,6,36,31,10,1,0,,TRUE,FALSE,,,,paddle_sweep,short_leg,"{""phase"":""middle"",""score"":""68/0"",""crr"":6.18,""rrr"":"""",""pressure"":0.184,""xRuns"":1.361,""xWicket"":0.027,""risk"":0.461,""control"":0.47}"
324,3,11,1,36,31,12,0,0,,TRUE,FALSE,,,,upper_cut,silly_point,"{""phase"":""middle"",""score"":""68/0"",""crr"":6.09,""rrr"":"""",""pressure"":0.187,""xRuns"":1.588,""xWicket"":0.006,""risk"":0.463,""control"":0.621}"
325,3,11,2,36,31,12,0,1,leg_bye,TRUE,FALSE,,,,straight_drive,mid_on_area,"{""phase"":""middle"",""score"":""69/0"",""crr"":6.09,""rrr"":"""",""pressure"":0.19,""xRuns"":1.587,""xWicket"":0.006,""risk"":0.464,""control"":0.637}"
326,3,11,3,31,36,12,0,1,wide,FALSE,FALSE,,,,ramp,cover_inside,"{""phase"":""middle"",""score"":""70/0"",""crr"":6.18,""rrr"":"""",""pressure"":0.193,""xRuns"":1.75,""xWicket"":0.006,""risk"":0.68,""control"":0.642}"
327,3,11,3,31,36,12,1,0,,TRUE,FALSE,,,,cover_drive,square_leg_inside,"{""phase"":""middle"",""score"":""71/0"",""crr"":6.17,""rrr"":"""",""pressure"":0.193,""xRuns"":1.75,""xWicket"":0.014,""risk"":0.68,""control"":0.671}"
328,3,11,4,36,31,12,6,0,,TRUE,FALSE,,,,scoop,silly_point,"{""phase"":""middle"",""score"":""77/0"",""crr"":6.6,""rrr"":"""",""pressure"":0.196,""xRuns"":1.585,""xWicket"":0.006,""risk"":0.617,""control"":0.566}"
329,3,11,5,36,31,12,1,0,,TRUE,FALSE,,,,defence,straight_inside,"{""phase"":""middle"",""score"":""78/0"",""crr"":6.59,""rrr"":"""",""pressure"":0.198,""xRuns"":1.584,""xWicket"":0.006,""risk"":0.468,""control"":0.588}"
330,3,11,6,31,36,12,0,1,wide,FALSE,FALSE,,,,sweep,mid_off,"{""phase"":""middle"",""score"":""79/0"",""crr"":6.68,""rrr"":"""",""pressure"":0.201,""xRuns"":1.747,""xWicket"":0.006,""risk"":0.683,""control"":0.574}"
331,3,11,6,31,36,12,0,0,,TRUE,FALSE,,,,lofted,silly_mid_on,"{""phase"":""middle"",""score"":""79/0"",""crr"":6.58,""rrr"":"""",""pressure"":0.201,""xRuns"":1.747,""xWicket"":0.014,""risk"":0.683,""control"":0.686}"
332,3,12,1,36,31,7,0,0,,TRUE,FALSE,,,,upper_cut,fine_leg_inside,"{""phase"":""middle"",""score"":""79/0"",""crr"":6.49,""rrr"":"""",""pressure"":0.204,""xRuns"":1.248,""xWicket"":0.038,""risk"":0.47,""control"":0.454}"
333,3,12,2,36,31,7,2,0,,TRUE,FALSE,,,,defence,cover_inside,"{""phase"":""middle"",""score"":""81/0"",""crr"":6.57,""rrr"":"""",""pressure"":0.207,""xRuns"":1.247,""xWicket"":0.038,""risk"":0.472,""control"":0.437}"
334,3,12,3,36,31,7,3,0,,TRUE,FALSE,,,,upper_cut,square_leg_inside,"{""phase"":""middle"",""score"":""84/0"",""crr"":6.72,""rrr"":"""",""pressure"":0.21,""xRuns"":1.245,""xWicket"":0.038,""risk"":0.473,""control"":0.475}"
335,3,12,4,31,36,7,1,0,,TRUE,FALSE,,,,cover_drive,mid_off,"{""phase"":""middle"",""score"":""85/0"",""crr"":6.71,""rrr"":"""",""pressure"":0.213,""xRuns"":1.408,""xWicket"":0.046,""risk"":0.689,""control"":0.415}"
336,3,12,5,36,31,7,1,0,,TRUE,FALSE,,,,lofted_drive,silly_mid_wicket,"{""phase"":""middle"",""score"":""86/0"",""crr"":6.7,""rrr"":"""",""pressure"":0.215,""xRuns"":1.243,""xWicket"":0.038,""risk"":0.475,""control"":0.563}"
337,3,12,6,31,36,7,6,0,,TRUE,FALSE,,,,glance,silly_mid_on,"{""phase"":""middle"",""score"":""92/0"",""crr"":7.08,""rrr"":"""",""pressure"":0.218,""xRuns"":1.406,""xWicket"":0.047,""risk"":0.841,""control"":0.461}"
338,3,13,1,36,31,9,3,0,,TRUE,FALSE,,,,glance,third_point,"{""phase"":""middle"",""score"":""95/0"",""crr"":7.22,""rrr"":"""",""pressure"":0.221,""xRuns"":1.279,""xWicket"":0.035,""risk"":0.478,""control"":0.558}"
339,3,13,2,31,36,9,0,0,,TRUE,FALSE,,,,upper_cut,deep_square_leg,"{""phase"":""middle"",""score"":""95/0"",""crr"":7.12,""rrr"":"""",""pressure"":0.224,""xRuns"":1.442,""xWicket"":0.043,""risk"":0.694,""control"":0.548}"
340,3,13,3,31,36,9,0,0,,TRUE,TRUE,stumped,31,Aarav Sharma,scoop,deep_extra_cover,"{""phase"":""middle"",""score"":""95/0"",""crr"":7.04,""rrr"":"""",""pressure"":0.227,""xRuns"":1.44,""xWicket"":0.043,""risk"":0.695,""control"":0.54}"
341,3,13,4,41,36,9,0,0,,TRUE,FALSE,,,,late_cut,point_inside,"{""phase"":""middle"",""score"":""95/1"",""crr"":6.95,""rrr"":"""",""pressure"":0.256,""xRuns"":1.285,""xWicket"":0.043,""risk"":0.558,""control"":0.474}"
342,3,13,5,41,36,9,4,0,,TRUE,FALSE,,,,pull,short_leg,"{""phase"":""middle"",""score"":""99/1"",""crr"":7.16,""rrr"":"""",""pressure"":0.258,""xRuns"":1.284,""xWicket"":0.043,""risk"":0.709,""control"":0.495}"
343,3,13,6,41,36,9,1,0,,TRUE,FALSE,,,,sweep,mid_on_inside,"{""phase"":""middle"",""score"":""100/1"",""crr"":7.14,""rrr"":"""",""pressure"":0.261,""xRuns"":1.283,""xWicket"":0.044,""risk"":0.56,""control"":0.466}"
344,3,14,1,41,36,14,4,0,,TRUE,FALSE,,,,drive,silly_mid_on,"{""phase"":""middle"",""score"":""104/1"",""crr"":7.34,""rrr"":"""",""pressure"":0.264,""xRuns"":1.282,""xWicket"":0.044,""risk"":0.712,""control"":0.498}"
345,3,14,2,41,36,14,0,0,,TRUE,FALSE,,,,glance,deep_extra_cover,"{""phase"":""middle"",""score"":""104/1"",""crr"":7.26,""rrr"":"""",""pressure"":0.267,""xRuns"":1.281,""xWicket"":0.044,""risk"":0.563,""control"":0.441}"
346,3,14,3,41,36,14,1,0,,TRUE,FALSE,,,,paddle_sweep,short_leg,"{""phase"":""middle"",""score"":""105/1"",""crr"":7.24,""rrr"":"""",""pressure"":0.27,""xRuns"":1.279,""xWicket"":0.044,""risk"":0.564,""control"":0.484}"
347,3,14,4,36,41,14,1,0,,TRUE,FALSE,,,,defence,long_on,"{""phase"":""middle"",""score"":""106/1"",""crr"":7.23,""rrr"":"""",""pressure"":0.273,""xRuns"":1.257,""xWicket"":0.037,""risk"":0.501,""control"":0.521}"
348,3,14,5,41,36,14,1,0,,TRUE,FALSE,,,,cover_drive,straight_inside,"{""phase"":""middle"",""score"":""107/1"",""crr"":7.21,""rrr"":"""",""pressure"":0.275,""xRuns"":1.277,""xWicket"":0.044,""risk"":0.567,""control"":0.433}"
349,3,14,6,36,41,14,0,0,,TRUE,FALSE,,,,lofted_drive,mid_on_area,"{""phase"":""middle"",""score"":""107/1"",""crr"":7.13,""rrr"":"""",""pressure"":0.278,""xRuns"":1.255,""xWicket"":0.038,""risk"":0.504,""control"":0.57}"
350,3,15,1,41,36,8,1,0,,TRUE,FALSE,,,,scoop,cover_inside,"{""phase"":""death"",""score"":""108/1"",""crr"":7.12,""rrr"":"""",""pressure"":0.281,""xRuns"":1.332,""xWicket"":0.057,""risk"":0.569,""control"":0.44}"
351,3,15,2,36,41,8,4,0,,TRUE,TRUE,caught,36,Devansh Kulkarni,lofted,mid_on_inside,"{""phase"":""death"",""score"":""112/1"",""crr"":7.3,""rrr"":"""",""pressure"":0.284,""xRuns"":1.31,""xWicket"":0.05,""risk"":0.656,""control"":0.472}"
352,3,15,3,32,41,8,1,0,,TRUE,FALSE,,,,defence,silly_mid_wicket,"{""phase"":""death"",""score"":""113/2"",""crr"":7.29,""rrr"":"""",""pressure"":0.313,""xRuns"":1.457,""xWicket"":0.065,""risk"":0.769,""control"":0.466}"
353,3,15,4,41,32,8,0,0,,TRUE,FALSE,,,,upper_cut,square_leg_inside,"{""phase"":""death"",""score"":""113/2"",""crr"":7.21,""rrr"":"""",""pressure"":0.316,""xRuns"":1.317,""xWicket"":0.059,""risk"":0.585,""control"":0.476}"
354,3,15,5,41,32,8,0,0,,TRUE,TRUE,caught,41,Vivaan Rao,ramp,third_point,"{""phase"":""death"",""score"":""113/2"",""crr"":7.14,""rrr"":"""",""pressure"":0.318,""xRuns"":1.316,""xWicket"":0.059,""risk"":0.586,""control"":0.507}"
355,3,15,6,33,32,8,4,0,,TRUE,FALSE,,,,straight_drive,long_off,"{""phase"":""death"",""score"":""117/3"",""crr"":7.31,""rrr"":"""",""pressure"":0.347,""xRuns"":1.158,""xWicket"":0.06,""risk"":0.649,""control"":0.515}"
356,3,16,1,32,33,12,0,1,wide,FALSE,FALSE,,,,paddle_sweep,deep_cover,"{""phase"":""death"",""score"":""118/3"",""crr"":7.38,""rrr"":"""",""pressure"":0.35,""xRuns"":1.68,""xWicket"":0.006,""risk"":0.786,""control"":0.655}"
357,3,16,1,32,33,12,0,1,bye,TRUE,FALSE,,,,cover_drive,silly_mid_on,"{""phase"":""death"",""score"":""119/3"",""crr"":7.36,""rrr"":"""",""pressure"":0.35,""xRuns"":1.68,""xWicket"":0.044,""risk"":0.786,""control"":0.663}"
358,3,16,2,33,32,12,6,0,,TRUE,FALSE,,,,pull,third_point,"{""phase"":""death"",""score"":""125/3"",""crr"":7.65,""rrr"":"""",""pressure"":0.353,""xRuns"":1.393,""xWicket"":0.038,""risk"":0.652,""control"":0.505}"
359,3,16,3,33,32,12,4,0,,TRUE,FALSE,,,,ramp,mid_on_area,"{""phase"":""death"",""score"":""129/3"",""crr"":7.82,""rrr"":"""",""pressure"":0.356,""xRuns"":1.392,""xWicket"":0.038,""risk"":0.653,""control"":0.581}"
360,3,16,4,33,32,12,1,0,,TRUE,FALSE,,,,cover_drive,deep_cover,"{""phase"":""death"",""score"":""130/3"",""crr"":7.8,""rrr"":"""",""pressure"":0.359,""xRuns"":1.391,""xWicket"":0.038,""risk"":0.504,""control"":0.549}"
361,3,16,5,32,33,12,0,0,,TRUE,TRUE,caught,32,Reyansh Jain,flick,point_inside,"{""phase"":""death"",""score"":""130/3"",""crr"":7.72,""rrr"":"""",""pressure"":0.361,""xRuns"":1.675,""xWicket"":0.045,""risk"":0.791,""control"":0.568}"
362,3,16,6,42,33,12,2,0,,TRUE,FALSE,,,,defence,long_on,"{""phase"":""death"",""score"":""132/4"",""crr"":7.76,""rrr"":"""",""pressure"":0.39,""xRuns"":1.534,""xWicket"":0.045,""risk"":0.697,""control"":0.58}"
363,3,17,1,33,42,12,2,0,,TRUE,FALSE,,,,slog,third_point,"{""phase"":""death"",""score"":""134/4"",""crr"":7.81,""rrr"":"""",""pressure"":0.393,""xRuns"":1.377,""xWicket"":0.04,""risk"":0.52,""control"":0.579}"
364,3,17,2,33,42,12,0,0,,TRUE,FALSE,,,,paddle_sweep,silly_mid_on,"{""phase"":""death"",""score"":""134/4"",""crr"":7.73,""rrr"":"""",""pressure"":0.396,""xRuns"":1.375,""xWicket"":0.04,""risk"":0.521,""control"":0.574}"
365,3,17,3,33,42,12,6,0,,TRUE,FALSE,,,,cover_drive,point_inside,"{""phase"":""death"",""score"":""140/4"",""crr"":8.0,""rrr"":"""",""pressure"":0.399,""xRuns"":1.374,""xWicket"":0.04,""risk"":0.672,""control"":0.558}"
366,3,17,4,33,42,12,1,0,,TRUE,FALSE,,,,slog,deep_square_leg,"{""phase"":""death"",""score"":""141/4"",""crr"":7.98,""rrr"":"""",""pressure"":0.402,""xRuns"":1.373,""xWicket"":0.04,""risk"":0.524,""control"":0.597}"
367,3,17,5,42,33,12,0,0,,TRUE,FALSE,,,,lofted,fine_leg_inside,"{""phase"":""death"",""score"":""141/4"",""crr"":7.91,""rrr"":"""",""pressure"":0.404,""xRuns"":1.528,""xWicket"":0.045,""risk"":0.703,""control"":0.556}"
368,3,17,6,42,33,12,4,0,,TRUE,FALSE,,,,pull,cover_point_inside,"{""phase"":""death"",""score"":""145/4"",""crr"":8.06,""rrr"":"""",""pressure"":0.407,""xRuns"":1.527,""xWicket"":0.045,""risk"":0.855,""control"":0.589}"
369,3,18,1,33,42,14,1,0,,TRUE,FALSE,,,,on_drive,deep_cover,"{""phase"":""death"",""score"":""146/4"",""crr"":8.04,""rrr"":"""",""pressure"":0.41,""xRuns"":1.074,""xWicket"":0.069,""risk"":0.527,""control"":0.477}"
370,3,18,2,42,33,14,0,0,,TRUE,FALSE,,,,cover_drive,mid_on_inside,"{""phase"":""death"",""score"":""146/4"",""crr"":7.96,""rrr"":"""",""pressure"":0.413,""xRuns"":1.229,""xWicket"":0.074,""risk"":0.707,""control"":0.484}"
371,3,18,3,42,33,14,0,0,,TRUE,FALSE,,,,pull,deep_extra_cover,"{""phase"":""death"",""score"":""146/4"",""crr"":7.89,""rrr"":"""",""pressure"":0.416,""xRuns"":1.228,""xWicket"":0.074,""risk"":0.709,""control"":0.478}"
372,3,18,4,42,33,14,0,0,,TRUE,FALSE,,,,on_drive,silly_mid_on,"{""phase"":""death"",""score"":""146/4"",""crr"":7.82,""rrr"":"""",""pressure"":0.419,""xRuns"":1.227,""xWicket"":0.074,""risk"":0.71,""control"":0.413}"
373,3,18,5,42,33,14,1,0,,TRUE,FALSE,,,,drive,fine_leg_inside,"{""phase"":""death"",""score"":""147/4"",""crr"":7.81,""rrr"":"""",""pressure"":0.421,""xRuns"":1.226,""xWicket"":0.074,""risk"":0.711,""control"":0.362}"
374,3,18,6,33,42,14,0,0,,TRUE,FALSE,,,,defence,fine_leg,"{""phase"":""death"",""score"":""147/4"",""crr"":7.74,""rrr"":"""",""pressure"":0.424,""xRuns"":1.068,""xWicket"":0.069,""risk"":0.534,""control"":0.423}"
375,3,19,1,42,33,9,2,0,,TRUE,FALSE,,,,scoop,deep_extra_cover,"{""phase"":""death"",""score"":""149/4"",""crr"":7.77,""rrr"":"""",""pressure"":0.427,""xRuns"":1.223,""xWicket"":0.075,""risk"":0.714,""control"":0.382}"
376,3,19,2,42,33,9,1,0,,TRUE,FALSE,,,,flick,deep_square_leg,"{""phase"":""death"",""score"":""150/4"",""crr"":7.76,""rrr"":"""",""pressure"":0.43,""xRuns"":1.222,""xWicket"":0.075,""risk"":0.715,""control"":0.355}"
377,3,19,3,33,42,9,2,0,,TRUE,FALSE,,,,reverse_sweep,mid_on_inside,"{""phase"":""death"",""score"":""152/4"",""crr"":7.79,""rrr"":"""",""pressure"":0.433,""xRuns"":1.064,""xWicket"":0.07,""risk"":0.538,""control"":0.415}"
378,3,19,4,33,42,9,1,0,,TRUE,FALSE,,,,clip,mid_on_area,"{""phase"":""death"",""score"":""153/4"",""crr"":7.78,""rrr"":"""",""pressure"":0.435,""xRuns"":1.064,""xWicket"":0.07,""risk"":0.539,""control"":0.508}"
379,3,19,5,42,33,9,0,0,,TRUE,FALSE,,,,straight_drive,fine_leg,"{""phase"":""death"",""score"":""153/4"",""crr"":7.71,""rrr"":"""",""pressure"":0.438,""xRuns"":1.219,""xWicket"":0.075,""risk"":0.719,""control"":0.431}"
380,3,19,6,42,33,9,0,0,,TRUE,FALSE,,,,pull,silly_mid_on,"{""phase"":""death"",""score"":""153/4"",""crr"":7.65,""rrr"":"""",""pressure"":0.441,""xRuns"":1.217,""xWicket"":0.075,""risk"":0.72,""control"":0.479}"
381,4,0,1,15,1,44,6,0,,TRUE,FALSE,,,,drive,mid_on_inside,"{""phase"":""powerplay"",""score"":""6/0"",""crr"":36.0,""rrr"":7.46,""pressure"":0.22,""xRuns"":1.462,""xWicket"":0.04,""risk"":0.799,""control"":0.539}"
382,4,0,2,15,1,44,0,0,,TRUE,FALSE,,,,reverse_sweep,point_inside,"{""phase"":""powerplay"",""score"":""6/0"",""crr"":18.0,""rrr"":7.53,""pressure"":0.216,""xRuns"":1.463,""xWicket"":0.04,""risk"":0.647,""control"":0.555}"
383,4,0,3,15,1,44,0,0,,TRUE,FALSE,,,,scoop,deep_square_leg,"{""phase"":""powerplay"",""score"":""6/0"",""crr"":12.0,""rrr"":7.59,""pressure"":0.221,""xRuns"":1.461,""xWicket"":0.04,""risk"":0.649,""control"":0.577}"
384,4,0,4,15,1,44,0,0,,TRUE,FALSE,,,,scoop,deep_extra_cover,"{""phase"":""powerplay"",""score"":""6/0"",""crr"":9.0,""rrr"":7.66,""pressure"":0.225,""xRuns"":1.46,""xWicket"":0.04,""risk"":0.651,""control"":0.603}"
385,4,0,5,15,1,44,1,0,,TRUE,FALSE,,,,clip,mid_on_area,"{""phase"":""powerplay"",""score"":""7/0"",""crr"":8.4,""rrr"":7.67,""pressure"":0.23,""xRuns"":1.458,""xWicket"":0.04,""risk"":0.654,""control"":0.524}"
386,4,0,6,1,15,44,2,0,,TRUE,FALSE,,,,lofted_drive,long_off,"{""phase"":""powerplay"",""score"":""9/0"",""crr"":9.0,""rrr"":7.63,""pressure"":0.233,""xRuns"":1.364,""xWicket"":0.043,""risk"":0.576,""control"":0.591}"
387,4,1,1,15,1,38,0,0,,TRUE,FALSE,,,,lofted,deep_square_leg,"{""phase"":""powerplay"",""score"":""9/0"",""crr"":7.71,""rrr"":7.7,""pressure"":0.235,""xRuns"":1.475,""xWicket"":0.039,""risk"":0.656,""control"":0.542}"
388,4,1,2,15,1,38,2,0,,TRUE,FALSE,,,,scoop,long_on,"{""phase"":""powerplay"",""score"":""11/0"",""crr"":8.25,""rrr"":7.66,""pressure"":0.24,""xRuns"":1.472,""xWicket"":0.039,""risk"":0.658,""control"":0.62}"
389,4,1,3,15,1,38,1,0,,TRUE,FALSE,,,,lofted,square_leg_inside,"{""phase"":""powerplay"",""score"":""12/0"",""crr"":8.0,""rrr"":7.68,""pressure"":0.242,""xRuns"":1.472,""xWicket"":0.039,""risk"":0.659,""control"":0.642}"
390,4,1,4,1,15,38,0,0,,TRUE,FALSE,,,,cut,long_off,"{""phase"":""powerplay"",""score"":""12/0"",""crr"":7.2,""rrr"":7.75,""pressure"":0.245,""xRuns"":1.378,""xWicket"":0.042,""risk"":0.582,""control"":0.528}"
391,4,1,5,1,15,38,0,0,,TRUE,FALSE,,,,scoop,mid_on_area,"{""phase"":""powerplay"",""score"":""12/0"",""crr"":6.55,""rrr"":7.82,""pressure"":0.25,""xRuns"":1.376,""xWicket"":0.042,""risk"":0.584,""control"":0.575}"
392,4,1,6,1,15,38,0,0,,TRUE,FALSE,,,,clip,mid_on_area,"{""phase"":""powerplay"",""score"":""12/0"",""crr"":6.0,""rrr"":7.89,""pressure"":0.255,""xRuns"":1.374,""xWicket"":0.042,""risk"":0.586,""control"":0.595}"
393,4,2,1,15,1,40,1,0,,TRUE,FALSE,,,,slog,square_leg_inside,"{""phase"":""powerplay"",""score"":""13/0"",""crr"":6.0,""rrr"":7.91,""pressure"":0.259,""xRuns"":1.588,""xWicket"":0.028,""risk"":0.667,""control"":0.58}"
394,4,2,2,1,15,40,0,1,no_ball,FALSE,FALSE,,,,glance,cover_point_inside,"{""phase"":""powerplay"",""score"":""14/0"",""crr"":6.46,""rrr"":7.85,""pressure"":0.263,""xRuns"":1.494,""xWicket"":0.006,""risk"":0.59,""control"":0.572}"
395,4,2,2,1,15,40,2,0,,TRUE,FALSE,,,,pull,long_off,"{""phase"":""powerplay"",""score"":""16/0"",""crr"":6.86,""rrr"":7.81,""pressure"":0.261,""xRuns"":1.495,""xWicket"":0.031,""risk"":0.589,""control"":0.588}"
396,4,2,3,1,15,40,2,0,,TRUE,FALSE,,,,on_drive,long_off,"{""phase"":""powerplay"",""score"":""18/0"",""crr"":7.2,""rrr"":7.77,""pressure"":0.263,""xRuns"":1.494,""xWicket"":0.031,""risk"":0.59,""control"":0.526}"
397,4,2,4,1,15,40,1,0,,TRUE,FALSE,,,,lofted,short_leg,"{""phase"":""powerplay"",""score"":""19/0"",""crr"":7.12,""rrr"":7.79,""pressure"":0.264,""xRuns"":1.494,""xWicket"":0.031,""risk"":0.59,""control"":0.589}"
398,4,2,5,15,1,40,4,0,,TRUE,FALSE,,,,cut,long_off,"{""phase"":""powerplay"",""score"":""23/0"",""crr"":8.12,""rrr"":7.63,""pressure"":0.268,""xRuns"":1.585,""xWicket"":0.028,""risk"":0.821,""control"":0.56}"
399,4,2,6,15,1,40,3,0,,TRUE,FALSE,,,,paddle_sweep,long_off,"{""phase"":""powerplay"",""score"":""26/0"",""crr"":8.67,""rrr"":7.53,""pressure"":0.266,""xRuns"":1.585,""xWicket"":0.028,""risk"":0.67,""control"":0.592}"
400,4,3,1,15,1,37,1,0,,TRUE,FALSE,,,,square_cut,silly_mid_wicket,"{""phase"":""powerplay"",""score"":""27/0"",""crr"":8.53,""rrr"":7.54,""pressure"":0.266,""xRuns"":1.633,""xWicket"":0.024,""risk"":0.67,""control"":0.646}"
401,4,3,2,1,15,37,0,1,leg_bye,TRUE,FALSE,,,,square_cut,fine_leg,"{""phase"":""powerplay"",""score"":""28/0"",""crr"":8.4,""rrr"":7.56,""pressure"":0.269,""xRuns"":1.539,""xWicket"":0.026,""risk"":0.592,""control"":0.621}"
402,4,3,3,15,1,37,0,0,,TRUE,FALSE,,,,sweep,silly_mid_on,"{""phase"":""powerplay"",""score"":""28/0"",""crr"":8.0,""rrr"":7.64,""pressure"":0.273,""xRuns"":1.63,""xWicket"":0.024,""risk"":0.673,""control"":0.645}"
403,4,3,4,15,1,37,1,0,,TRUE,FALSE,,,,scoop,long_on,"{""phase"":""powerplay"",""score"":""29/0"",""crr"":7.91,""rrr"":7.65,""pressure"":0.278,""xRuns"":1.628,""xWicket"":0.024,""risk"":0.675,""control"":0.67}"
404,4,3,5,1,15,37,0,0,,TRUE,FALSE,,,,straight_drive,silly_mid_wicket,"{""phase"":""powerplay"",""score"":""29/0"",""crr"":7.57,""rrr"":7.73,""pressure"":0.281,""xRuns"":1.534,""xWicket"":0.027,""risk"":0.598,""control"":0.537}"
405,4,3,6,1,15,37,1,0,,TRUE,FALSE,,,,hook,square_leg_inside,"{""phase"":""powerplay"",""score"":""30/0"",""crr"":7.5,""rrr"":7.75,""pressure"":0.286,""xRuns"":1.532,""xWicket"":0.027,""risk"":0.6,""control"":0.622}"
406,4,4,1,1,15,39,1,0,,TRUE,FALSE,,,,on_drive,fine_leg_inside,"{""phase"":""powerplay"",""score"":""31/0"",""crr"":7.44,""rrr"":7.77,""pressure"":0.289,""xRuns"":1.55,""xWicket"":0.026,""risk"":0.601,""control"":0.637}"
407,4,4,2,15,1,39,1,0,,TRUE,FALSE,,,,square_cut,mid_off,"{""phase"":""powerplay"",""score"":""32/0"",""crr"":7.38,""rrr"":7.79,""pressure"":0.293,""xRuns"":1.641,""xWicket"":0.023,""risk"":0.682,""control"":0.662}"
408,4,4,3,1,15,39,1,0,,TRUE,FALSE,,,,straight_drive,silly_mid_on,"{""phase"":""powerplay"",""score"":""33/0"",""crr"":7.33,""rrr"":7.81,""pressure"":0.296,""xRuns"":1.547,""xWicket"":0.026,""risk"":0.605,""control"":0.695}"
409,4,4,4,15,1,39,1,0,,TRUE,FALSE,,,,late_cut,silly_point,"{""phase"":""powerplay"",""score"":""34/0"",""crr"":7.29,""rrr"":7.83,""pressure"":0.3,""xRuns"":1.638,""xWicket"":0.023,""risk"":0.685,""control"":0.563}"
410,4,4,5,1,15,39,1,0,,TRUE,FALSE,,,,hook,straight_inside,"{""phase"":""powerplay"",""score"":""35/0"",""crr"":7.24,""rrr"":7.85,""pressure"":0.303,""xRuns"":1.544,""xWicket"":0.026,""risk"":0.608,""control"":0.573}"
411,4,4,6,15,1,39,0,0,,TRUE,TRUE,bowled,15,,lofted,silly_mid_wicket,"{""phase"":""powerplay"",""score"":""35/0"",""crr"":7.0,""rrr"":7.93,""pressure"":0.306,""xRuns"":1.635,""xWicket"":0.024,""risk"":0.688,""control"":0.568}"
412,4,5,1,1,6,42,1,0,,TRUE,FALSE,,,,paddle_sweep,square_leg_inside,"{""phase"":""powerplay"",""score"":""36/1"",""crr"":6.97,""rrr"":7.96,""pressure"":0.338,""xRuns"":1.577,""xWicket"":0.023,""risk"":0.624,""control"":0.632}"
413,4,5,2,6,1,42,4,0,,TRUE,FALSE,,,,defence,straight_inside,"{""phase"":""powerplay"",""score"":""40/1"",""crr"":7.5,""rrr"":7.77,""pressure"":0.341,""xRuns"":1.733,""xWicket"":0.027,""risk"":0.968,""control"":0.671}"
414,4,5,3,6,1,42,0,0,,TRUE,FALSE,,,,slog,silly_point,"{""phase"":""powerplay"",""score"":""40/1"",""crr"":7.27,""rrr"":7.86,""pressure"":0.339,""xRuns"":1.734,""xWicket"":0.027,""risk"":0.817,""control"":0.633}"
415,4,5,4,6,1,42,0,0,,TRUE,FALSE,,,,glance,cover_inside,"{""phase"":""powerplay"",""score"":""40/1"",""crr"":7.06,""rrr"":7.95,""pressure"":0.344,""xRuns"":1.732,""xWicket"":0.027,""risk"":0.819,""control"":0.561}"
416,4,5,5,6,1,42,1,0,,TRUE,FALSE,,,,cut,deep_cover,"{""phase"":""powerplay"",""score"":""41/1"",""crr"":7.03,""rrr"":7.98,""pressure"":0.349,""xRuns"":1.729,""xWicket"":0.027,""risk"":0.821,""control"":0.694}"
417,4,5,6,1,6,42,1,0,,TRUE,FALSE,,,,upper_cut,square_leg_inside,"{""phase"":""powerplay"",""score"":""42/1"",""crr"":7.0,""rrr"":8.0,""pressure"":0.353,""xRuns"":1.571,""xWicket"":0.024,""risk"":0.63,""control"":0.696}"
418,4,6,1,1,6,44,1,0,,TRUE,FALSE,,,,pull,mid_off,"{""phase"":""middle"",""score"":""43/1"",""crr"":6.97,""rrr"":8.02,""pressure"":0.357,""xRuns"":1.312,""xWicket"":0.049,""risk"":0.632,""control"":0.584}"
419,4,6,2,6,1,44,0,0,,TRUE,FALSE,,,,sweep,mid_on_area,"{""phase"":""middle"",""score"":""43/1"",""crr"":6.79,""rrr"":8.12,""pressure"":0.36,""xRuns"":1.468,""xWicket"":0.052,""risk"":0.826,""control"":0.511}"
420,4,6,3,6,1,44,1,0,,TRUE,FALSE,,,,ramp,deep_cover,"{""phase"":""middle"",""score"":""44/1"",""crr"":6.77,""rrr"":8.15,""pressure"":0.366,""xRuns"":1.465,""xWicket"":0.053,""risk"":0.829,""control"":0.591}"
421,4,6,4,1,6,44,0,0,,TRUE,FALSE,,,,sweep,third_point,"{""phase"":""middle"",""score"":""44/1"",""crr"":6.6,""rrr"":8.25,""pressure"":0.369,""xRuns"":1.307,""xWicket"":0.049,""risk"":0.637,""control"":0.524}"
422,4,6,5,1,6,44,4,0,,TRUE,FALSE,,,,slog,short_leg,"{""phase"":""middle"",""score"":""48/1"",""crr"":7.02,""rrr"":8.05,""pressure"":0.375,""xRuns"":1.304,""xWicket"":0.049,""risk"":0.79,""control"":0.549}"
423,4,6,6,1,6,44,2,0,,TRUE,FALSE,,,,clip,square_leg_inside,"{""phase"":""middle"",""score"":""50/1"",""crr"":7.14,""rrr"":8.0,""pressure"":0.372,""xRuns"":1.306,""xWicket"":0.049,""risk"":0.639,""control"":0.558}"
424,4,7,1,6,1,38,0,1,no_ball,FALSE,FALSE,,,,clip,mid_on_area,"{""phase"":""middle"",""score"":""51/1"",""crr"":7.29,""rrr"":7.92,""pressure"":0.374,""xRuns"":1.481,""xWicket"":0.008,""risk"":0.833,""control"":0.492}"
425,4,7,1,6,1,38,4,0,,TRUE,FALSE,,,,square_cut,point_inside,"{""phase"":""middle"",""score"":""55/1"",""crr"":7.67,""rrr"":7.71,""pressure"":0.371,""xRuns"":1.482,""xWicket"":0.051,""risk"":0.981,""control"":0.518}"
426,4,7,2,6,1,38,0,1,wide,FALSE,FALSE,,,,slog,long_off,"{""phase"":""middle"",""score"":""56/1"",""crr"":7.81,""rrr"":7.64,""pressure"":0.368,""xRuns"":1.483,""xWicket"":0.006,""risk"":0.83,""control"":0.565}"
427,4,7,2,6,1,38,1,0,,TRUE,FALSE,,,,paddle_sweep,long_on,"{""phase"":""middle"",""score"":""57/1"",""crr"":7.77,""rrr"":7.66,""pressure"":0.366,""xRuns"":1.484,""xWicket"":0.051,""risk"":0.829,""control"":0.457}"
428,4,7,3,1,6,38,1,0,,TRUE,FALSE,,,,cut,square_leg_inside,"{""phase"":""middle"",""score"":""58/1"",""crr"":7.73,""rrr"":7.68,""pressure"":0.37,""xRuns"":1.326,""xWicket"":0.047,""risk"":0.638,""control"":0.474}"
429,4,7,4,6,1,38,0,0,,TRUE,FALSE,,,,cover_drive,short_leg,"{""phase"":""middle"",""score"":""58/1"",""crr"":7.57,""rrr"":7.78,""pressure"":0.373,""xRuns"":1.481,""xWicket"":0.051,""risk"":0.832,""control"":0.598}"
430,4,7,5,6,1,38,4,0,,TRUE,FALSE,,,,clip,straight_inside,"{""phase"":""middle"",""score"":""62/1"",""crr"":7.91,""rrr"":7.56,""pressure"":0.379,""xRuns"":1.479,""xWicket"":0.051,""risk"":0.985,""control"":0.492}"
431,4,7,6,6,1,38,4,0,,TRUE,FALSE,,,,pull,deep_cover,"{""phase"":""middle"",""score"":""66/1"",""crr"":8.25,""rrr"":7.33,""pressure"":0.375,""xRuns"":1.48,""xWicket"":0.051,""risk"":0.983,""control"":0.565}"
432,4,8,1,1,6,40,1,0,,TRUE,FALSE,,,,reverse_sweep,long_on,"{""phase"":""middle"",""score"":""67/1"",""crr"":8.2,""rrr"":7.35,""pressure"":0.371,""xRuns"":1.449,""xWicket"":0.036,""risk"":0.638,""control"":0.529}"
433,4,8,2,6,1,40,0,1,wide,FALSE,FALSE,,,,straight_drive,third_point,"{""phase"":""middle"",""score"":""68/1"",""crr"":8.33,""rrr"":7.27,""pressure"":0.375,""xRuns"":1.604,""xWicket"":0.006,""risk"":0.833,""control"":0.647}"
434,4,8,2,6,1,40,1,0,,TRUE,FALSE,,,,lofted,silly_point,"{""phase"":""middle"",""score"":""69/1"",""crr"":8.28,""rrr"":7.29,""pressure"":0.373,""xRuns"":1.605,""xWicket"":0.039,""risk"":0.832,""control"":0.513}"
435,4,8,3,1,6,40,1,0,,TRUE,FALSE,,,,flick,cover_inside,"{""phase"":""middle"",""score"":""70/1"",""crr"":8.24,""rrr"":7.3,""pressure"":0.376,""xRuns"":1.447,""xWicket"":0.036,""risk"":0.641,""control"":0.536}"
436,4,8,4,6,1,40,6,0,,TRUE,FALSE,,,,reverse_sweep,cover_point_inside,"{""phase"":""middle"",""score"":""76/1"",""crr"":8.77,""rrr"":6.88,""pressure"":0.379,""xRuns"":1.603,""xWicket"":0.04,""risk"":0.985,""control"":0.582}"
437,4,8,5,6,1,40,1,0,,TRUE,FALSE,,,,ramp,fine_leg_inside,"{""phase"":""middle"",""score"":""77/1"",""crr"":8.72,""rrr"":6.9,""pressure"":0.37,""xRuns"":1.606,""xWicket"":0.039,""risk"":0.831,""control"":0.594}"
438,4,8,6,1,6,40,2,0,,TRUE,FALSE,,,,paddle_sweep,deep_square_leg,"{""phase"":""middle"",""score"":""79/1"",""crr"":8.78,""rrr"":6.82,""pressure"":0.373,""xRuns"":1.448,""xWicket"":0.036,""risk"":0.639,""control"":0.624}"
439,4,9,1,6,1,37,1,0,,TRUE,FALSE,,,,square_cut,point_inside,"{""phase"":""middle"",""score"":""80/1"",""crr"":8.73,""rrr"":6.83,""pressure"":0.374,""xRuns"":1.652,""xWicket"":0.035,""risk"":0.833,""control"":0.682}"
440,4,9,2,1,6,37,0,0,,TRUE,FALSE,,,,straight_drive,long_on,"{""phase"":""middle"",""score"":""80/1"",""crr"":8.57,""rrr"":6.94,""pressure"":0.377,""xRuns"":1.494,""xWicket"":0.031,""risk"":0.641,""control"":0.678}"
441,4,9,3,1,6,37,1,0,,TRUE,FALSE,,,,square_cut,mid_on_inside,"{""phase"":""middle"",""score"":""81/1"",""crr"":8.53,""rrr"":6.95,""pressure"":0.383,""xRuns"":1.492,""xWicket"":0.032,""risk"":0.644,""control"":0.66}"
442,4,9,4,6,1,37,2,0,,TRUE,FALSE,,,,flick,long_on,"{""phase"":""middle"",""score"":""83/1"",""crr"":8.59,""rrr"":6.87,""pressure"":0.386,""xRuns"":1.647,""xWicket"":0.035,""risk"":0.838,""control"":0.577}"
443,4,9,5,6,1,37,3,0,,TRUE,FALSE,,,,scoop,straight_inside,"{""phase"":""middle"",""score"":""86/1"",""crr"":8.75,""rrr"":6.69,""pressure"":0.387,""xRuns"":1.647,""xWicket"":0.035,""risk"":0.838,""control"":0.526}"
444,4,9,6,1,6,37,0,1,wide,FALSE,FALSE,,,,ramp,long_on,"{""phase"":""middle"",""score"":""87/1"",""crr"":8.85,""rrr"":6.59,""pressure"":0.384,""xRuns"":1.491,""xWicket"":0.006,""risk"":0.644,""control"":0.579}"
445,4,9,6,1,6,37,0,0,,TRUE,FALSE,,,,straight_drive,short_leg,"{""phase"":""middle"",""score"":""87/1"",""crr"":8.7,""rrr"":6.7,""pressure"":0.381,""xRuns"":1.492,""xWicket"":0.032,""risk"":0.643,""control"":0.572}"
446,4,10,1,6,1,39,1,0,,TRUE,FALSE,,,,cut,long_on,"{""phase"":""middle"",""score"":""88/1"",""crr"":8.66,""rrr"":6.71,""pressure"":0.387,""xRuns"":1.666,""xWicket"":0.034,""risk"":0.838,""control"":0.671}"
447,4,10,2,1,6,39,0,1,wide,FALSE,FALSE,,,,hook,short_leg,"{""phase"":""middle"",""score"":""89/1"",""crr"":8.75,""rrr"":6.61,""pressure"":0.391,""xRuns"":1.507,""xWicket"":0.006,""risk"":0.647,""control"":0.639}"
448,4,10,2,1,6,39,4,0,,TRUE,FALSE,,,,flick,third_point,"{""phase"":""middle"",""score"":""93/1"",""crr"":9.0,""rrr"":6.31,""pressure"":0.388,""xRuns"":1.509,""xWicket"":0.03,""risk"":0.796,""control"":0.667}"
449,4,10,3,1,6,39,2,0,,TRUE,FALSE,,,,late_cut,long_on,"{""phase"":""middle"",""score"":""95/1"",""crr"":9.05,""rrr"":6.21,""pressure"":0.382,""xRuns"":1.511,""xWicket"":0.03,""risk"":0.643,""control"":0.659}"
450,4,10,4,1,6,39,1,0,,TRUE,FALSE,,,,glance,mid_on_area,"{""phase"":""middle"",""score"":""96/1"",""crr"":9.0,""rrr"":6.21,""pressure"":0.382,""xRuns"":1.511,""xWicket"":0.03,""risk"":0.643,""control"":0.604}"
451,4,10,5,6,1,39,4,0,,TRUE,FALSE,,,,lofted_drive,third_point,"{""phase"":""middle"",""score"":""100/1"",""crr"":9.23,""rrr"":5.89,""pressure"":0.385,""xRuns"":1.667,""xWicket"":0.034,""risk"":0.988,""control"":0.672}"
452,4,10,6,6,1,39,0,0,,TRUE,FALSE,,,,glance,silly_mid_wicket,"{""phase"":""middle"",""score"":""100/1"",""crr"":9.09,""rrr"":6.0,""pressure"":0.378,""xRuns"":1.67,""xWicket"":0.033,""risk"":0.834,""control"":0.546}"
453,4,11,1,1,6,42,4,0,,TRUE,FALSE,,,,upper_cut,fine_leg,"{""phase"":""middle"",""score"":""104/1"",""crr"":9.31,""rrr"":5.66,""pressure"":0.384,""xRuns"":1.558,""xWicket"":0.025,""risk"":0.794,""control"":0.603}"
454,4,11,2,1,6,42,4,0,,TRUE,FALSE,,,,on_drive,third_point,"{""phase"":""middle"",""score"":""108/1"",""crr"":9.53,""rrr"":5.31,""pressure"":0.378,""xRuns"":1.56,""xWicket"":0.025,""risk"":0.792,""control"":0.714}"
455,4,11,3,1,6,42,4,0,,TRUE,FALSE,,,,square_cut,long_on,"{""phase"":""middle"",""score"":""112/1"",""crr"":9.74,""rrr"":4.94,""pressure"":0.37,""xRuns"":1.564,""xWicket"":0.025,""risk"":0.788,""control"":0.698}"
456,4,11,4,1,6,42,1,0,,TRUE,FALSE,,,,cover_drive,long_on,"{""phase"":""middle"",""score"":""113/1"",""crr"":9.69,""rrr"":4.92,""pressure"":0.363,""xRuns"":1.567,""xWicket"":0.024,""risk"":0.635,""control"":0.713}"
457,4,11,5,6,1,42,0,0,,TRUE,FALSE,,,,upper_cut,short_leg,"{""phase"":""middle"",""score"":""113/1"",""crr"":9.55,""rrr"":5.02,""pressure"":0.365,""xRuns"":1.723,""xWicket"":0.028,""risk"":0.829,""control"":0.704}"
458,4,11,6,6,1,42,1,0,,TRUE,FALSE,,,,reverse_sweep,deep_square_leg,"{""phase"":""middle"",""score"":""114/1"",""crr"":9.5,""rrr"":5.0,""pressure"":0.371,""xRuns"":1.72,""xWicket"":0.028,""risk"":0.831,""control"":0.557}"
459,4,12,1,6,1,44,1,0,,TRUE,FALSE,,,,square_cut,deep_cover,"{""phase"":""middle"",""score"":""115/1"",""crr"":9.45,""rrr"":4.98,""pressure"":0.373,""xRuns"":1.462,""xWicket"":0.053,""risk"":0.832,""control"":0.602}"
460,4,12,2,1,6,44,1,0,,TRUE,FALSE,,,,hook,deep_square_leg,"{""phase"":""middle"",""score"":""116/1"",""crr"":9.41,""rrr"":4.96,""pressure"":0.375,""xRuns"":1.304,""xWicket"":0.049,""risk"":0.64,""control"":0.532}"
461,4,12,3,6,1,44,1,0,,TRUE,FALSE,,,,hook,long_off,"{""phase"":""middle"",""score"":""117/1"",""crr"":9.36,""rrr"":4.93,""pressure"":0.377,""xRuns"":1.461,""xWicket"":0.053,""risk"":0.834,""control"":0.578}"
462,4,12,4,1,6,44,0,0,,TRUE,FALSE,,,,pull,fine_leg,"{""phase"":""middle"",""score"":""117/1"",""crr"":9.24,""rrr"":5.05,""pressure"":0.379,""xRuns"":1.303,""xWicket"":0.05,""risk"":0.642,""control"":0.507}"
463,4,12,5,1,6,44,0,0,,TRUE,FALSE,,,,late_cut,short_leg,"{""phase"":""middle"",""score"":""117/1"",""crr"":9.12,""rrr"":5.16,""pressure"":0.386,""xRuns"":1.3,""xWicket"":0.05,""risk"":0.645,""control"":0.486}"
464,4,12,6,1,6,44,0,0,,TRUE,FALSE,,,,scoop,mid_on_inside,"{""phase"":""middle"",""score"":""117/1"",""crr"":9.0,""rrr"":5.29,""pressure"":0.392,""xRuns"":1.297,""xWicket"":0.05,""risk"":0.648,""control"":0.591}"
465,4,13,1,6,1,38,4,0,,TRUE,FALSE,,,,drive,fine_leg,"{""phase"":""middle"",""score"":""121/1"",""crr"":9.19,""rrr"":4.83,""pressure"":0.398,""xRuns"":1.471,""xWicket"":0.052,""risk"":0.993,""control"":0.489}"
466,4,13,2,6,1,38,1,0,,TRUE,FALSE,,,,reverse_sweep,square_leg_inside,"{""phase"":""middle"",""score"":""122/1"",""crr"":9.15,""rrr"":4.8,""pressure"":0.388,""xRuns"":1.475,""xWicket"":0.052,""risk"":0.839,""control"":0.528}"
467,4,13,3,1,6,38,2,0,,TRUE,FALSE,,,,glance,deep_extra_cover,"{""phase"":""middle"",""score"":""124/1"",""crr"":9.19,""rrr"":4.62,""pressure"":0.39,""xRuns"":1.317,""xWicket"":0.048,""risk"":0.647,""control"":0.54}"
468,4,13,4,1,6,38,0,0,,TRUE,FALSE,,,,upper_cut,silly_mid_on,"{""phase"":""middle"",""score"":""124/1"",""crr"":9.07,""rrr"":4.74,""pressure"":0.388,""xRuns"":1.318,""xWicket"":0.048,""risk"":0.646,""control"":0.501}"
469,4,13,5,1,6,38,0,2,bye,TRUE,FALSE,,,,square_cut,mid_on_area,"{""phase"":""middle"",""score"":""126/1"",""crr"":9.11,""rrr"":4.54,""pressure"":0.394,""xRuns"":1.316,""xWicket"":0.048,""risk"":0.649,""control"":0.489}"
470,4,13,6,1,6,38,1,0,,TRUE,FALSE,,,,upper_cut,mid_on_inside,"{""phase"":""middle"",""score"":""127/1"",""crr"":9.07,""rrr"":4.5,""pressure"":0.391,""xRuns"":1.317,""xWicket"":0.048,""risk"":0.647,""control"":0.545}"
471,4,14,1,1,6,40,0,0,,TRUE,FALSE,,,,paddle_sweep,cover_inside,"{""phase"":""middle"",""score"":""127/1"",""crr"":8.96,""rrr"":4.63,""pressure"":0.393,""xRuns"":1.44,""xWicket"":0.037,""risk"":0.648,""control"":0.617}"
472,4,14,2,1,6,40,0,0,,TRUE,FALSE,,,,sweep,square_leg_inside,"{""phase"":""middle"",""score"":""127/1"",""crr"":8.86,""rrr"":4.76,""pressure"":0.399,""xRuns"":1.437,""xWicket"":0.037,""risk"":0.651,""control"":0.629}"
473,4,14,3,1,6,40,4,0,,TRUE,FALSE,,,,ramp,silly_mid_on,"{""phase"":""middle"",""score"":""131/1"",""crr"":9.03,""rrr"":4.18,""pressure"":0.406,""xRuns"":1.434,""xWicket"":0.037,""risk"":0.804,""control"":0.593}"
474,4,14,4,1,6,40,4,0,,TRUE,FALSE,,,,late_cut,deep_cover,"{""phase"":""middle"",""score"":""135/1"",""crr"":9.2,""rrr"":3.56,""pressure"":0.392,""xRuns"":1.44,""xWicket"":0.037,""risk"":0.798,""control"":0.608}"
475,4,14,5,1,6,40,0,0,,TRUE,FALSE,,,,defence,mid_on_area,"{""phase"":""middle"",""score"":""135/1"",""crr"":9.1,""rrr"":3.68,""pressure"":0.377,""xRuns"":1.446,""xWicket"":0.036,""risk"":0.641,""control"":0.591}"
476,4,14,6,1,6,40,2,0,,TRUE,FALSE,,,,pull,square_leg_inside,"{""phase"":""middle"",""score"":""137/1"",""crr"":9.13,""rrr"":3.4,""pressure"":0.383,""xRuns"":1.444,""xWicket"":0.036,""risk"":0.644,""control"":0.587}"
477,4,15,1,6,1,37,4,0,,TRUE,FALSE,,,,ramp,fine_leg,"{""phase"":""death"",""score"":""141/1"",""crr"":9.3,""rrr"":2.69,""pressure"":0.378,""xRuns"":1.651,""xWicket"":0.053,""risk"":0.984,""control"":0.574}"
478,4,15,2,6,1,37,0,0,,TRUE,FALSE,,,,on_drive,deep_extra_cover,"{""phase"":""death"",""score"":""141/1"",""crr"":9.2,""rrr"":2.79,""pressure"":0.361,""xRuns"":1.658,""xWicket"":0.052,""risk"":0.827,""control"":0.583}"
479,4,15,3,6,1,37,4,0,,TRUE,FALSE,,,,slog,fine_leg_inside,"{""phase"":""death"",""score"":""145/1"",""crr"":9.35,""rrr"":2.0,""pressure"":0.366,""xRuns"":1.656,""xWicket"":0.052,""risk"":0.979,""control"":0.66}"
480,4,15,4,6,1,37,1,0,,TRUE,FALSE,,,,ramp,cover_point_inside,"{""phase"":""death"",""score"":""146/1"",""crr"":9.32,""rrr"":1.85,""pressure"":0.347,""xRuns"":1.664,""xWicket"":0.052,""risk"":0.82,""control"":0.571}"
481,4,15,5,1,6,37,2,0,,TRUE,FALSE,,,,pull,silly_point,"{""phase"":""death"",""score"":""148/1"",""crr"":9.35,""rrr"":1.44,""pressure"":0.345,""xRuns"":1.508,""xWicket"":0.048,""risk"":0.627,""control"":0.641}"
482,4,15,6,1,6,37,0,0,,TRUE,FALSE,,,,lofted_drive,deep_extra_cover,"{""phase"":""death"",""score"":""148/1"",""crr"":9.25,""rrr"":1.5,""pressure"":0.336,""xRuns"":1.511,""xWicket"":0.048,""risk"":0.623,""control"":0.547}"
483,4,16,1,6,1,37,1,0,,TRUE,FALSE,,,,cover_drive,silly_mid_on,"{""phase"":""death"",""score"":""149/1"",""crr"":9.22,""rrr"":1.3,""pressure"":0.341,""xRuns"":1.666,""xWicket"":0.051,""risk"":0.818,""control"":0.551}"
484,4,16,2,1,6,37,1,0,,TRUE,FALSE,,,,upper_cut,square_leg_inside,"{""phase"":""death"",""score"":""150/1"",""crr"":9.18,""rrr"":1.09,""pressure"":0.338,""xRuns"":1.51,""xWicket"":0.048,""risk"":0.624,""control"":0.608}"
485,4,16,3,6,1,37,4,0,,TRUE,FALSE,,,,upper_cut,silly_point,"{""phase"":""death"",""score"":""154/1"",""crr"":9.33,""rrr"":0.0,""pressure"":0.335,""xRuns"":1.669,""xWicket"":0.051,""risk"":0.965,""control"":0.611}"
486,5,0,1,60,46,7,4,0,,TRUE,FALSE,,,,drive,cover_point_inside,"{""phase"":""powerplay"",""score"":""4/0"",""crr"":24.0,""rrr"":"""",""pressure"":0.0,""xRuns"":1.359,""xWicket"":0.034,""risk"":0.571,""control"":0.545}"
487,5,0,2,60,46,7,0,2,leg_bye,TRUE,FALSE,,,,lofted_drive,cover_inside,"{""phase"":""powerplay"",""score"":""6/0"",""crr"":18.0,""rrr"":"""",""pressure"":0.003,""xRuns"":1.358,""xWicket"":0.034,""risk"":0.423,""control"":0.521}"
488,5,0,3,60,46,7,0,0,,TRUE,FALSE,,,,hook,fine_leg,"{""phase"":""powerplay"",""score"":""6/0"",""crr"":12.0,""rrr"":"""",""pressure"":0.006,""xRuns"":1.357,""xWicket"":0.034,""risk"":0.424,""control"":0.454}"
489,5,0,4,60,46,7,6,0,,TRUE,FALSE,,,,on_drive,long_off,"{""phase"":""powerplay"",""score"":""12/0"",""crr"":18.0,""rrr"":"""",""pressure"":0.009,""xRuns"":1.356,""xWicket"":0.034,""risk"":0.575,""control"":0.45}"
490,5,0,5,60,46,7,1,0,,TRUE,FALSE,,,,clip,mid_on_inside,"{""phase"":""powerplay"",""score"":""13/0"",""crr"":15.6,""rrr"":"""",""pressure"":0.011,""xRuns"":1.355,""xWicket"":0.034,""risk"":0.426,""control"":0.471}"
491,5,0,6,46,60,7,1,0,,TRUE,FALSE,,,,slog,cover_point_inside,"{""phase"":""powerplay"",""score"":""14/0"",""crr"":14.0,""rrr"":"""",""pressure"":0.014,""xRuns"":1.356,""xWicket"":0.035,""risk"":0.471,""control"":0.528}"
492,5,1,1,46,60,9,1,0,,TRUE,FALSE,,,,reverse_sweep,straight_inside,"{""phase"":""powerplay"",""score"":""15/0"",""crr"":12.86,""rrr"":"""",""pressure"":0.017,""xRuns"":1.393,""xWicket"":0.031,""risk"":0.472,""control"":0.466}"
493,5,1,2,60,46,9,1,0,,TRUE,FALSE,,,,pull,square_leg_inside,"{""phase"":""powerplay"",""score"":""16/0"",""crr"":12.0,""rrr"":"""",""pressure"":0.02,""xRuns"":1.389,""xWicket"":0.031,""risk"":0.43,""control"":0.525}"
494,5,1,3,46,60,9,1,0,,TRUE,FALSE,,,,ramp,cover_point_inside,"{""phase"":""powerplay"",""score"":""17/0"",""crr"":11.33,""rrr"":"""",""pressure"":0.023,""xRuns"":1.39,""xWicket"":0.032,""risk"":0.475,""control"":0.427}"
495,5,1,4,60,46,9,1,0,,TRUE,FALSE,,,,drive,cover_point_inside,"{""phase"":""powerplay"",""score"":""18/0"",""crr"":10.8,""rrr"":"""",""pressure"":0.026,""xRuns"":1.387,""xWicket"":0.031,""risk"":0.433,""control"":0.505}"
496,5,1,5,46,60,9,1,0,,TRUE,FALSE,,,,cut,cover_inside,"{""phase"":""powerplay"",""score"":""19/0"",""crr"":10.36,""rrr"":"""",""pressure"":0.028,""xRuns"":1.388,""xWicket"":0.032,""risk"":0.477,""control"":0.485}"
497,5,1,6,60,46,9,1,0,,TRUE,FALSE,,,,clip,long_on,"{""phase"":""powerplay"",""score"":""20/0"",""crr"":10.0,""rrr"":"""",""pressure"":0.031,""xRuns"":1.384,""xWicket"":0.032,""risk"":0.435,""control"":0.443}"
498,5,2,1,60,46,14,0,0,,TRUE,FALSE,,,,paddle_sweep,silly_mid_on,"{""phase"":""powerplay"",""score"":""20/0"",""crr"":9.23,""rrr"":"""",""pressure"":0.034,""xRuns"":1.383,""xWicket"":0.032,""risk"":0.437,""control"":0.57}"
499,5,2,2,60,46,14,4,0,,TRUE,FALSE,,,,glance,fine_leg,"{""phase"":""powerplay"",""score"":""24/0"",""crr"":10.29,""rrr"":"""",""pressure"":0.037,""xRuns"":1.382,""xWicket"":0.032,""risk"":0.588,""control"":0.576}"
500,5,2,3,60,46,14,1,0,,TRUE,FALSE,,,,drive,silly_mid_on,"{""phase"":""powerplay"",""score"":""25/0"",""crr"":10.0,""rrr"":"""",""pressure"":0.04,""xRuns"":1.381,""xWicket"":0.032,""risk"":0.439,""control"":0.45}"
501,5,2,4,46,60,14,1,0,,TRUE,FALSE,,,,on_drive,point_inside,"{""phase"":""powerplay"",""score"":""26/0"",""crr"":9.75,""rrr"":"""",""pressure"":0.043,""xRuns"":1.382,""xWicket"":0.033,""risk"":0.484,""control"":0.453}"
502,5,2,5,60,46,14,1,0,,TRUE,FALSE,,,,pull,straight_inside,"{""phase"":""powerplay"",""score"":""27/0"",""crr"":9.53,""rrr"":"""",""pressure"":0.045,""xRuns"":1.379,""xWicket"":0.032,""risk"":0.442,""control"":0.555}"
503,5,2,6,46,60,14,1,0,,TRUE,FALSE,,,,on_drive,point_inside,"{""phase"":""powerplay"",""score"":""28/0"",""crr"":9.33,""rrr"":"""",""pressure"":0.048,""xRuns"":1.38,""xWicket"":0.033,""risk"":0.486,""control"":0.457}"
504,5,3,1,46,60,8,4,0,,TRUE,FALSE,,,,square_cut,silly_mid_on,"{""phase"":""powerplay"",""score"":""32/0"",""crr"":10.11,""rrr"":"""",""pressure"":0.051,""xRuns"":1.435,""xWicket"":0.028,""risk"":0.637,""control"":0.573}"
505,5,3,2,46,60,8,6,0,,TRUE,FALSE,,,,square_cut,cover_point_inside,"{""phase"":""powerplay"",""score"":""38/0"",""crr"":11.4,""rrr"":"""",""pressure"":0.054,""xRuns"":1.434,""xWicket"":0.028,""risk"":0.639,""control"":0.448}"
506,5,3,3,46,60,8,0,0,,TRUE,FALSE,,,,hook,fine_leg,"{""phase"":""powerplay"",""score"":""38/0"",""crr"":10.86,""rrr"":"""",""pressure"":0.057,""xRuns"":1.433,""xWicket"":0.028,""risk"":0.49,""control"":0.53}"
507,5,3,4,46,60,8,4,0,,TRUE,FALSE,,,,late_cut,silly_mid_on,"{""phase"":""powerplay"",""score"":""42/0"",""crr"":11.45,""rrr"":"""",""pressure"":0.059,""xRuns"":1.432,""xWicket"":0.028,""risk"":0.641,""control"":0.431}"
508,5,3,5,46,60,8,0,0,,TRUE,FALSE,,,,ramp,cover_inside,"{""phase"":""powerplay"",""score"":""42/0"",""crr"":10.96,""rrr"":"""",""pressure"":0.062,""xRuns"":1.431,""xWicket"":0.028,""risk"":0.492,""control"":0.463}"
509,5,3,6,46,60,8,0,1,bye,TRUE,FALSE,,,,paddle_sweep,short_leg,"{""phase"":""powerplay"",""score"":""43/0"",""crr"":10.75,""rrr"":"""",""pressure"":0.065,""xRuns"":1.43,""xWicket"":0.028,""risk"":0.494,""control"":0.47}"
510,5,4,1,46,60,10,1,0,,TRUE,FALSE,,,,late_cut,long_off,"{""phase"":""powerplay"",""score"":""44/0"",""crr"":10.56,""rrr"":"""",""pressure"":0.068,""xRuns"":1.438,""xWicket"":0.027,""risk"":0.495,""control"":0.562}"
511,5,4,2,60,46,10,0,0,,TRUE,FALSE,,,,lofted,square_leg_inside,"{""phase"":""powerplay"",""score"":""44/0"",""crr"":10.15,""rrr"":"""",""pressure"":0.071,""xRuns"":1.434,""xWicket"":0.027,""risk"":0.453,""control"":0.569}"
512,5,4,3,60,46,10,6,0,,TRUE,FALSE,,,,square_cut,silly_point,"{""phase"":""powerplay"",""score"":""50/0"",""crr"":11.11,""rrr"":"""",""pressure"":0.074,""xRuns"":1.433,""xWicket"":0.027,""risk"":0.605,""control"":0.478}"
513,5,4,4,60,46,10,4,0,,TRUE,FALSE,,,,sweep,long_on,"{""phase"":""powerplay"",""score"":""54/0"",""crr"":11.57,""rrr"":"""",""pressure"":0.077,""xRuns"":1.432,""xWicket"":0.027,""risk"":0.606,""control"":0.568}"
514,5,4,5,60,46,10,1,0,,TRUE,FALSE,,,,late_cut,straight_inside,"{""phase"":""powerplay"",""score"":""55/0"",""crr"":11.38,""rrr"":"""",""pressure"":0.079,""xRuns"":1.431,""xWicket"":0.027,""risk"":0.457,""control"":0.497}"
515,5,4,6,46,60,10,1,0,,TRUE,FALSE,,,,scoop,long_on,"{""phase"":""powerplay"",""score"":""56/0"",""crr"":11.2,""rrr"":"""",""pressure"":0.082,""xRuns"":1.432,""xWicket"":0.028,""risk"":0.501,""control"":0.439}"
516,5,5,1,46,60,12,2,0,,TRUE,FALSE,,,,flick,deep_square_leg,"{""phase"":""powerplay"",""score"":""58/0"",""crr"":11.23,""rrr"":"""",""pressure"":0.085,""xRuns"":1.659,""xWicket"":0.006,""risk"":0.503,""control"":0.555}"
517,5,5,2,46,60,12,0,1,bye,TRUE,FALSE,,,,defence,silly_mid_on,"{""phase"":""powerplay"",""score"":""59/0"",""crr"":11.06,""rrr"":"""",""pressure"":0.088,""xRuns"":1.658,""xWicket"":0.006,""risk"":0.504,""control"":0.66}"
518,5,5,3,60,46,12,3,0,,TRUE,FALSE,,,,square_cut,fine_leg,"{""phase"":""powerplay"",""score"":""62/0"",""crr"":11.27,""rrr"":"""",""pressure"":0.091,""xRuns"":1.654,""xWicket"":0.006,""risk"":0.462,""control"":0.695}"
519,5,5,4,46,60,12,1,0,,TRUE,FALSE,,,,cover_drive,silly_mid_on,"{""phase"":""powerplay"",""score"":""63/0"",""crr"":11.12,""rrr"":"""",""pressure"":0.094,""xRuns"":1.655,""xWicket"":0.007,""risk"":0.507,""control"":0.579}"
520,5,5,5,60,46,12,4,0,,TRUE,FALSE,,,,cut,cover_point_inside,"{""phase"":""powerplay"",""score"":""67/0"",""crr"":11.49,""rrr"":"""",""pressure"":0.096,""xRuns"":1.652,""xWicket"":0.006,""risk"":0.615,""control"":0.606}"
521,5,5,6,60,46,12,1,0,,TRUE,FALSE,,,,lofted,long_off,"{""phase"":""powerplay"",""score"":""68/0"",""crr"":11.33,""rrr"":"""",""pressure"":0.099,""xRuns"":1.651,""xWicket"":0.007,""risk"":0.466,""control"":0.647}"
522,5,6,1,60,46,7,0,0,,TRUE,FALSE,,,,drive,third_point,"{""phase"":""middle"",""score"":""68/0"",""crr"":11.03,""rrr"":"""",""pressure"":0.102,""xRuns"":1.317,""xWicket"":0.039,""risk"":0.467,""control"":0.499}"
523,5,6,2,60,46,7,1,0,,TRUE,FALSE,,,,lofted,mid_on_inside,"{""phase"":""middle"",""score"":""69/0"",""crr"":10.89,""rrr"":"""",""pressure"":0.105,""xRuns"":1.315,""xWicket"":0.039,""risk"":0.469,""control"":0.448}"
524,5,6,3,46,60,7,0,0,,TRUE,FALSE,,,,lofted_drive,third_point,"{""phase"":""middle"",""score"":""69/0"",""crr"":10.62,""rrr"":"""",""pressure"":0.108,""xRuns"":1.316,""xWicket"":0.039,""risk"":0.513,""control"":0.523}"
525,5,6,4,46,60,7,1,0,,TRUE,FALSE,,,,straight_drive,long_on,"{""phase"":""middle"",""score"":""70/0"",""crr"":10.5,""rrr"":"""",""pressure"":0.111,""xRuns"":1.315,""xWicket"":0.039,""risk"":0.514,""control"":0.511}"
526,5,6,5,60,46,7,1,0,,TRUE,FALSE,,,,flick,fine_leg_inside,"{""phase"":""middle"",""score"":""71/0"",""crr"":10.39,""rrr"":"""",""pressure"":0.113,""xRuns"":1.312,""xWicket"":0.039,""risk"":0.472,""control"":0.447}"
527,5,6,6,46,60,7,1,0,,TRUE,FALSE,,,,lofted_drive,third_point,"{""phase"":""middle"",""score"":""72/0"",""crr"":10.29,""rrr"":"""",""pressure"":0.116,""xRuns"":1.313,""xWicket"":0.04,""risk"":0.516,""control"":0.527}"
528,5,7,1,46,60,9,4,0,,TRUE,FALSE,,,,paddle_sweep,square_leg_inside,"{""phase"":""middle"",""score"":""76/0"",""crr"":10.6,""rrr"":"""",""pressure"":0.119,""xRuns"":1.35,""xWicket"":0.036,""risk"":0.668,""control"":0.396}"
529,5,7,2,46,60,9,0,0,,TRUE,FALSE,,,,reverse_sweep,long_off,"{""phase"":""middle"",""score"":""76/0"",""crr"":10.36,""rrr"":"""",""pressure"":0.122,""xRuns"":1.348,""xWicket"":0.036,""risk"":0.519,""control"":0.423}"
530,5,7,3,46,60,9,1,0,,TRUE,FALSE,,,,slog,mid_on_area,"{""phase"":""middle"",""score"":""77/0"",""crr"":10.27,""rrr"":"""",""pressure"":0.125,""xRuns"":1.347,""xWicket"":0.036,""risk"":0.521,""control"":0.394}"
531,5,7,4,60,46,9,0,0,,TRUE,FALSE,,,,straight_drive,mid_on_inside,"{""phase"":""middle"",""score"":""77/0"",""crr"":10.04,""rrr"":"""",""pressure"":0.128,""xRuns"":1.344,""xWicket"":0.036,""risk"":0.479,""control"":0.492}"
532,5,7,5,60,46,9,1,0,,TRUE,FALSE,,,,late_cut,deep_extra_cover,"{""phase"":""middle"",""score"":""78/0"",""crr"":9.96,""rrr"":"""",""pressure"":0.13,""xRuns"":1.343,""xWicket"":0.036,""risk"":0.48,""control"":0.422}"
533,5,7,6,46,60,9,1,0,,TRUE,FALSE,,,,late_cut,cover_inside,"{""phase"":""middle"",""score"":""79/0"",""crr"":9.88,""rrr"":"""",""pressure"":0.133,""xRuns"":1.344,""xWicket"":0.037,""risk"":0.524,""control"":0.519}"
534,5,8,1,46,60,14,4,0,,TRUE,FALSE,,,,sweep,cover_inside,"{""phase"":""middle"",""score"":""83/0"",""crr"":10.16,""rrr"":"""",""pressure"":0.136,""xRuns"":1.343,""xWicket"":0.037,""risk"":0.675,""control"":0.493}"
535,5,8,2,46,60,14,2,0,,TRUE,FALSE,,,,glance,third_point,"{""phase"":""middle"",""score"":""85/0"",""crr"":10.2,""rrr"":"""",""pressure"":0.139,""xRuns"":1.341,""xWicket"":0.037,""risk"":0.527,""control"":0.514}"
536,5,8,3,46,60,14,1,1,no_ball,FALSE,FALSE,,,,upper_cut,silly_mid_wicket,"{""phase"":""middle"",""score"":""87/0"",""crr"":10.44,""rrr"":"""",""pressure"":0.142,""xRuns"":1.34,""xWicket"":0.006,""risk"":0.528,""control"":0.501}"
537,5,8,3,60,46,14,2,0,,TRUE,FALSE,,,,upper_cut,third_point,"{""phase"":""middle"",""score"":""89/0"",""crr"":10.47,""rrr"":"""",""pressure"":0.142,""xRuns"":1.338,""xWicket"":0.037,""risk"":0.485,""control"":0.534}"
538,5,8,4,60,46,14,4,0,,TRUE,FALSE,,,,lofted_drive,fine_leg,"{""phase"":""middle"",""score"":""93/0"",""crr"":10.73,""rrr"":"""",""pressure"":0.145,""xRuns"":1.337,""xWicket"":0.037,""risk"":0.637,""control"":0.565}"
539,5,8,5,60,46,14,3,0,,TRUE,FALSE,,,,lofted_drive,point_inside,"{""phase"":""middle"",""score"":""96/0"",""crr"":10.87,""rrr"":"""",""pressure"":0.147,""xRuns"":1.336,""xWicket"":0.037,""risk"":0.488,""control"":0.486}"
540,5,8,6,46,60,14,1,0,,TRUE,FALSE,,,,cover_drive,long_on,"{""phase"":""middle"",""score"":""97/0"",""crr"":10.78,""rrr"":"""",""pressure"":0.15,""xRuns"":1.337,""xWicket"":0.037,""risk"":0.532,""control"":0.452}"
541,5,9,1,46,60,8,0,0,,TRUE,FALSE,,,,defence,fine_leg_inside,"{""phase"":""middle"",""score"":""97/0"",""crr"":10.58,""rrr"":"""",""pressure"":0.153,""xRuns"":1.393,""xWicket"":0.032,""risk"":0.533,""control"":0.5}"
542,5,9,2,46,60,8,1,0,,TRUE,FALSE,,,,on_drive,silly_point,"{""phase"":""middle"",""score"":""98/0"",""crr"":10.5,""rrr"":"""",""pressure"":0.156,""xRuns"":1.391,""xWicket"":0.032,""risk"":0.534,""control"":0.532}"
543,5,9,3,60,46,8,0,0,,TRUE,FALSE,,,,on_drive,fine_leg_inside,"{""phase"":""middle"",""score"":""98/0"",""crr"":10.32,""rrr"":"""",""pressure"":0.159,""xRuns"":1.388,""xWicket"":0.032,""risk"":0.493,""control"":0.575}"
544,5,9,4,60,46,8,0,1,wide,FALSE,FALSE,,,,defence,mid_on_area,"{""phase"":""middle"",""score"":""99/0"",""crr"":10.42,""rrr"":"""",""pressure"":0.162,""xRuns"":1.387,""xWicket"":0.006,""risk"":0.494,""control"":0.539}"
545,5,9,4,60,46,8,0,0,,TRUE,FALSE,,,,paddle_sweep,silly_point,"{""phase"":""middle"",""score"":""99/0"",""crr"":10.24,""rrr"":"""",""pressure"":0.162,""xRuns"":1.387,""xWicket"":0.032,""risk"":0.494,""control"":0.533}"
546,5,9,5,60,46,8,1,0,,TRUE,FALSE,,,,pull,square_leg_inside,"{""phase"":""middle"",""score"":""100/0"",""crr"":10.17,""rrr"":"""",""pressure"":0.164,""xRuns"":1.386,""xWicket"":0.032,""risk"":0.495,""control"":0.452}"
547,5,9,6,46,60,8,4,0,,TRUE,FALSE,,,,straight_drive,fine_leg,"{""phase"":""middle"",""score"":""104/0"",""crr"":10.4,""rrr"":"""",""pressure"":0.167,""xRuns"":1.387,""xWicket"":0.033,""risk"":0.689,""control"":0.508}"
548,5,10,1,60,46,10,2,0,,TRUE,FALSE,,,,defence,cover_point_inside,"{""phase"":""middle"",""score"":""106/0"",""crr"":10.43,""rrr"":"""",""pressure"":0.17,""xRuns"":1.393,""xWicket"":0.032,""risk"":0.498,""control"":0.462}"
549,5,10,2,60,46,10,0,0,,TRUE,FALSE,,,,hook,mid_off,"{""phase"":""middle"",""score"":""106/0"",""crr"":10.26,""rrr"":"""",""pressure"":0.173,""xRuns"":1.391,""xWicket"":0.032,""risk"":0.499,""control"":0.587}"
550,5,10,3,60,46,10,2,0,,TRUE,FALSE,,,,defence,mid_on_area,"{""phase"":""middle"",""score"":""108/0"",""crr"":10.29,""rrr"":"""",""pressure"":0.176,""xRuns"":1.39,""xWicket"":0.032,""risk"":0.501,""control"":0.497}"
551,5,10,4,60,46,10,1,0,,TRUE,FALSE,,,,defence,deep_extra_cover,"{""phase"":""middle"",""score"":""109/0"",""crr"":10.22,""rrr"":"""",""pressure"":0.179,""xRuns"":1.389,""xWicket"":0.032,""risk"":0.502,""control"":0.603}"
552,5,10,5,46,60,10,1,0,,TRUE,FALSE,,,,cut,point_inside,"{""phase"":""middle"",""score"":""110/0"",""crr"":10.15,""rrr"":"""",""pressure"":0.181,""xRuns"":1.39,""xWicket"":0.032,""risk"":0.546,""control"":0.536}"
553,5,10,6,60,46,10,1,0,,TRUE,FALSE,,,,on_drive,point_inside,"{""phase"":""middle"",""score"":""111/0"",""crr"":10.09,""rrr"":"""",""pressure"":0.184,""xRuns"":1.387,""xWicket"":0.032,""risk"":0.504,""control"":0.592}"
554,5,11,1,60,46,12,0,0,,TRUE,FALSE,,,,sweep,silly_mid_wicket,"{""phase"":""middle"",""score"":""111/0"",""crr"":9.94,""rrr"":"""",""pressure"":0.187,""xRuns"":1.614,""xWicket"":0.011,""risk"":0.506,""control"":0.669}"
555,5,11,2,60,46,12,0,0,,TRUE,FALSE,,,,ramp,mid_on_area,"{""phase"":""middle"",""score"":""111/0"",""crr"":9.79,""rrr"":"""",""pressure"":0.19,""xRuns"":1.613,""xWicket"":0.011,""risk"":0.507,""control"":0.664}"
556,5,11,3,60,46,12,0,0,,TRUE,FALSE,,,,lofted,point_inside,"{""phase"":""middle"",""score"":""111/0"",""crr"":9.65,""rrr"":"""",""pressure"":0.193,""xRuns"":1.612,""xWicket"":0.011,""risk"":0.508,""control"":0.641}"
557,5,11,4,60,46,12,2,0,,TRUE,FALSE,,,,flick,square_leg_inside,"{""phase"":""middle"",""score"":""113/0"",""crr"":9.69,""rrr"":"""",""pressure"":0.196,""xRuns"":1.61,""xWicket"":0.011,""risk"":0.51,""control"":0.563}"
558,5,11,5,60,46,12,6,0,,TRUE,FALSE,,,,reverse_sweep,cover_inside,"{""phase"":""middle"",""score"":""119/0"",""crr"":10.06,""rrr"":"""",""pressure"":0.198,""xRuns"":1.61,""xWicket"":0.011,""risk"":0.661,""control"":0.625}"
559,5,11,6,60,46,12,0,0,,TRUE,FALSE,,,,square_cut,silly_mid_wicket,"{""phase"":""middle"",""score"":""119/0"",""crr"":9.92,""rrr"":"""",""pressure"":0.201,""xRuns"":1.608,""xWicket"":0.011,""risk"":0.512,""control"":0.577}"
560,5,12,1,46,60,7,3,0,,TRUE,FALSE,,,,cover_drive,mid_on_area,"{""phase"":""middle"",""score"":""122/0"",""crr"":10.03,""rrr"":"""",""pressure"":0.204,""xRuns"":1.276,""xWicket"":0.044,""risk"":0.556,""control"":0.384}"
561,5,12,2,60,46,7,3,0,,TRUE,TRUE,bowled,60,,reverse_sweep,cover_point_inside,"{""phase"":""middle"",""score"":""125/0"",""crr"":10.14,""rrr"":"""",""pressure"":0.207,""xRuns"":1.272,""xWicket"":0.043,""risk"":0.515,""control"":0.544}"
562,5,12,3,46,56,7,1,0,,TRUE,FALSE,,,,slog,cover_point_inside,"{""phase"":""middle"",""score"":""126/1"",""crr"":10.08,""rrr"":"""",""pressure"":0.236,""xRuns"":1.262,""xWicket"":0.045,""risk"":0.57,""control"":0.405}"
563,5,12,4,56,46,7,4,0,,TRUE,FALSE,,,,pull,silly_mid_wicket,"{""phase"":""middle"",""score"":""130/1"",""crr"":10.26,""rrr"":"""",""pressure"":0.239,""xRuns"":1.367,""xWicket"":0.056,""risk"":0.843,""control"":0.45}"
564,5,12,5,56,46,7,0,1,leg_bye,TRUE,FALSE,,,,on_drive,fine_leg,"{""phase"":""middle"",""score"":""131/1"",""crr"":10.21,""rrr"":"""",""pressure"":0.241,""xRuns"":1.367,""xWicket"":0.056,""risk"":0.694,""control"":0.468}"
565,5,12,6,46,56,7,0,0,,TRUE,FALSE,,,,cut,fine_leg,"{""phase"":""middle"",""score"":""131/1"",""crr"":10.08,""rrr"":"""",""pressure"":0.244,""xRuns"":1.259,""xWicket"":0.045,""risk"":0.574,""control"":0.466}"
566,5,13,1,56,46,9,1,0,,TRUE,FALSE,,,,on_drive,mid_on_area,"{""phase"":""middle"",""score"":""132/1"",""crr"":10.03,""rrr"":"""",""pressure"":0.247,""xRuns"":1.402,""xWicket"":0.053,""risk"":0.697,""control"":0.444}"
567,5,13,2,46,56,9,1,0,,TRUE,FALSE,,,,drive,fine_leg,"{""phase"":""middle"",""score"":""133/1"",""crr"":9.97,""rrr"":"""",""pressure"":0.25,""xRuns"":1.295,""xWicket"":0.042,""risk"":0.577,""control"":0.508}"
568,5,13,3,56,46,9,0,1,leg_bye,TRUE,FALSE,,,,square_cut,silly_mid_wicket,"{""phase"":""middle"",""score"":""134/1"",""crr"":9.93,""rrr"":"""",""pressure"":0.253,""xRuns"":1.4,""xWicket"":0.053,""risk"":0.7,""control"":0.549}"
569,5,13,4,46,56,9,0,1,wide,FALSE,FALSE,,,,lofted,point_inside,"{""phase"":""middle"",""score"":""135/1"",""crr"":10.0,""rrr"":"""",""pressure"":0.256,""xRuns"":1.292,""xWicket"":0.006,""risk"":0.579,""control"":0.392}"
570,5,13,4,46,56,9,0,0,,TRUE,FALSE,,,,lofted_drive,short_leg,"{""phase"":""middle"",""score"":""135/1"",""crr"":9.88,""rrr"":"""",""pressure"":0.256,""xRuns"":1.292,""xWicket"":0.042,""risk"":0.579,""control"":0.44}"
571,5,13,5,46,56,9,0,0,,TRUE,FALSE,,,,lofted_drive,mid_on_inside,"{""phase"":""middle"",""score"":""135/1"",""crr"":9.76,""rrr"":"""",""pressure"":0.258,""xRuns"":1.291,""xWicket"":0.042,""risk"":0.58,""control"":0.521}"
572,5,13,6,46,56,9,1,0,,TRUE,FALSE,,,,sweep,cover_point_inside,"{""phase"":""middle"",""score"":""136/1"",""crr"":9.71,""rrr"":"""",""pressure"":0.261,""xRuns"":1.29,""xWicket"":0.042,""risk"":0.582,""control"":0.531}"
573,5,14,1,46,56,14,4,0,,TRUE,FALSE,,,,scoop,silly_mid_on,"{""phase"":""middle"",""score"":""140/1"",""crr"":9.88,""rrr"":"""",""pressure"":0.264,""xRuns"":1.289,""xWicket"":0.043,""risk"":0.733,""control"":0.508}"
574,5,14,2,46,56,14,1,0,,TRUE,FALSE,,,,straight_drive,deep_extra_cover,"{""phase"":""middle"",""score"":""141/1"",""crr"":9.84,""rrr"":"""",""pressure"":0.267,""xRuns"":1.288,""xWicket"":0.043,""risk"":0.584,""control"":0.456}"
575,5,14,3,56,46,14,1,0,,TRUE,FALSE,,,,drive,mid_off,"{""phase"":""middle"",""score"":""142/1"",""crr"":9.79,""rrr"":"""",""pressure"":0.27,""xRuns"":1.393,""xWicket"":0.054,""risk"":0.707,""control"":0.452}"
576,5,14,4,46,56,14,0,0,,TRUE,FALSE,,,,cut,mid_on_area,"{""phase"":""middle"",""score"":""142/1"",""crr"":9.68,""rrr"":"""",""pressure"":0.273,""xRuns"":1.285,""xWicket"":0.043,""risk"":0.587,""control"":0.447}"
577,5,14,5,46,56,14,0,0,,TRUE,FALSE,,,,upper_cut,short_leg,"{""phase"":""middle"",""score"":""142/1"",""crr"":9.57,""rrr"":"""",""pressure"":0.275,""xRuns"":1.284,""xWicket"":0.043,""risk"":0.588,""control"":0.493}"
578,5,14,6,46,56,14,0,0,,TRUE,FALSE,,,,lofted_drive,straight_inside,"{""phase"":""middle"",""score"":""142/1"",""crr"":9.47,""rrr"":"""",""pressure"":0.278,""xRuns"":1.283,""xWicket"":0.043,""risk"":0.589,""control"":0.486}"
579,5,15,1,56,46,8,0,0,,TRUE,FALSE,,,,scoop,deep_extra_cover,"{""phase"":""death"",""score"":""142/1"",""crr"":9.36,""rrr"":"""",""pressure"":0.281,""xRuns"":1.445,""xWicket"":0.067,""risk"":0.712,""control"":0.475}"
580,5,15,2,56,46,8,0,0,,TRUE,FALSE,,,,ramp,mid_on_inside,"{""phase"":""death"",""score"":""142/1"",""crr"":9.26,""rrr"":"""",""pressure"":0.284,""xRuns"":1.444,""xWicket"":0.067,""risk"":0.714,""control"":0.438}"
581,5,15,3,56,46,8,1,0,,TRUE,FALSE,,,,ramp,deep_square_leg,"{""phase"":""death"",""score"":""143/1"",""crr"":9.23,""rrr"":"""",""pressure"":0.287,""xRuns"":1.443,""xWicket"":0.067,""risk"":0.715,""control"":0.561}"
582,5,15,4,46,56,8,0,0,,TRUE,FALSE,,,,lofted_drive,long_on,"{""phase"":""death"",""score"":""143/1"",""crr"":9.13,""rrr"":"""",""pressure"":0.29,""xRuns"":1.335,""xWicket"":0.056,""risk"":0.595,""control"":0.552}"
583,5,15,5,46,56,8,6,0,,TRUE,FALSE,,,,glance,silly_mid_wicket,"{""phase"":""death"",""score"":""149/1"",""crr"":9.41,""rrr"":"""",""pressure"":0.292,""xRuns"":1.334,""xWicket"":0.056,""risk"":0.746,""control"":0.555}"
584,5,15,6,46,56,8,1,0,,TRUE,FALSE,,,,lofted_drive,short_leg,"{""phase"":""death"",""score"":""150/1"",""crr"":9.38,""rrr"":"""",""pressure"":0.295,""xRuns"":1.333,""xWicket"":0.057,""risk"":0.597,""control"":0.506}"
585,5,16,1,46,56,12,1,0,,TRUE,FALSE,,,,sweep,silly_mid_wicket,"{""phase"":""death"",""score"":""151/1"",""crr"":9.34,""rrr"":"""",""pressure"":0.298,""xRuns"":1.57,""xWicket"":0.034,""risk"":0.598,""control"":0.66}"
586,5,16,2,56,46,12,0,0,,TRUE,FALSE,,,,glance,mid_on_area,"{""phase"":""death"",""score"":""151/1"",""crr"":9.24,""rrr"":"""",""pressure"":0.301,""xRuns"":1.675,""xWicket"":0.045,""risk"":0.721,""control"":0.567}"
587,5,16,3,56,46,12,1,0,,TRUE,FALSE,,,,pull,fine_leg,"{""phase"":""death"",""score"":""152/1"",""crr"":9.21,""rrr"":"""",""pressure"":0.304,""xRuns"":1.673,""xWicket"":0.045,""risk"":0.723,""control"":0.655}"
588,5,16,4,46,56,12,1,0,,TRUE,FALSE,,,,lofted,cover_point_inside,"{""phase"":""death"",""score"":""153/1"",""crr"":9.18,""rrr"":"""",""pressure"":0.307,""xRuns"":1.566,""xWicket"":0.034,""risk"":0.602,""control"":0.522}"
589,5,16,5,56,46,12,6,0,,TRUE,FALSE,,,,glance,square_leg_inside,"{""phase"":""death"",""score"":""159/1"",""crr"":9.45,""rrr"":"""",""pressure"":0.309,""xRuns"":1.671,""xWicket"":0.045,""risk"":0.875,""control"":0.562}"
590,5,16,6,56,46,12,4,0,,TRUE,TRUE,caught,56,Yash Bhandari,reverse_sweep,silly_mid_on,"{""phase"":""death"",""score"":""163/1"",""crr"":9.59,""rrr"":"""",""pressure"":0.312,""xRuns"":1.67,""xWicket"":0.046,""risk"":0.876,""control"":0.656}"
591,5,17,1,46,58,12,0,0,,TRUE,FALSE,,,,on_drive,mid_on_area,"{""phase"":""death"",""score"":""163/2"",""crr"":9.5,""rrr"":"""",""pressure"":0.341,""xRuns"":1.552,""xWicket"":0.036,""risk"":0.618,""control"":0.544}"
592,5,17,2,46,58,12,1,0,,TRUE,FALSE,,,,reverse_sweep,mid_on_inside,"{""phase"":""death"",""score"":""164/2"",""crr"":9.46,""rrr"":"""",""pressure"":0.344,""xRuns"":1.55,""xWicket"":0.036,""risk"":0.619,""control"":0.61}"
593,5,17,3,58,46,12,6,0,,TRUE,FALSE,,,,defence,third_point,"{""phase"":""death"",""score"":""170/2"",""crr"":9.71,""rrr"":"""",""pressure"":0.347,""xRuns"":1.47,""xWicket"":0.044,""risk"":0.72,""control"":0.538}"
594,5,17,4,58,46,12,6,0,,TRUE,FALSE,,,,lofted,square_leg_inside,"{""phase"":""death"",""score"":""176/2"",""crr"":9.96,""rrr"":"""",""pressure"":0.35,""xRuns"":1.469,""xWicket"":0.044,""risk"":0.722,""control"":0.503}"
595,5,17,5,58,46,12,6,0,,TRUE,FALSE,,,,upper_cut,cover_point_inside,"{""phase"":""death"",""score"":""182/2"",""crr"":10.21,""rrr"":"""",""pressure"":0.352,""xRuns"":1.468,""xWicket"":0.044,""risk"":0.723,""control"":0.495}"
596,5,17,6,58,46,12,0,0,,TRUE,FALSE,,,,on_drive,mid_on_area,"{""phase"":""death"",""score"":""182/2"",""crr"":10.11,""rrr"":"""",""pressure"":0.355,""xRuns"":1.467,""xWicket"":0.044,""risk"":0.574,""control"":0.622}"
597,5,18,1,46,58,14,0,0,,TRUE,FALSE,,,,cover_drive,third_point,"{""phase"":""death"",""score"":""182/2"",""crr"":10.02,""rrr"":"""",""pressure"":0.358,""xRuns"":1.249,""xWicket"":0.065,""risk"":0.625,""control"":0.476}"
598,5,18,2,46,58,14,0,1,no_ball,FALSE,FALSE,,,,cover_drive,fine_leg,"{""phase"":""death"",""score"":""183/2"",""crr"":10.07,""rrr"":"""",""pressure"":0.361,""xRuns"":1.248,""xWicket"":0.01,""risk"":0.627,""control"":0.403}"
599,5,18,2,46,58,14,4,0,,TRUE,FALSE,,,,glance,cover_point_inside,"{""phase"":""death"",""score"":""187/2"",""crr"":10.2,""rrr"":"""",""pressure"":0.361,""xRuns"":1.248,""xWicket"":0.065,""risk"":0.777,""control"":0.453}"
600,5,18,3,46,58,14,0,0,,TRUE,FALSE,,,,upper_cut,deep_cover,"{""phase"":""death"",""score"":""187/2"",""crr"":10.11,""rrr"":"""",""pressure"":0.364,""xRuns"":1.247,""xWicket"":0.065,""risk"":0.628,""control"":0.477}"
601,5,18,4,46,58,14,1,0,,TRUE,FALSE,,,,upper_cut,short_leg,"{""phase"":""death"",""score"":""188/2"",""crr"":10.07,""rrr"":"""",""pressure"":0.367,""xRuns"":1.246,""xWicket"":0.065,""risk"":0.629,""control"":0.488}"
602,5,18,5,58,46,14,0,0,,TRUE,FALSE,,,,flick,deep_square_leg,"{""phase"":""death"",""score"":""188/2"",""crr"":9.98,""rrr"":"""",""pressure"":0.369,""xRuns"":1.166,""xWicket"":0.073,""risk"":0.58,""control"":0.386}"
603,5,18,6,58,46,14,4,0,,TRUE,FALSE,,,,slog,straight_inside,"{""phase"":""death"",""score"":""192/2"",""crr"":10.11,""rrr"":"""",""pressure"":0.372,""xRuns"":1.164,""xWicket"":0.073,""risk"":0.732,""control"":0.413}"
604,5,19,1,46,58,9,1,0,,TRUE,FALSE,,,,scoop,silly_mid_on,"{""phase"":""death"",""score"":""193/2"",""crr"":10.07,""rrr"":"""",""pressure"":0.375,""xRuns"":1.242,""xWicket"":0.066,""risk"":0.633,""control"":0.513}"
605,5,19,2,58,46,9,1,0,,TRUE,FALSE,,,,clip,third_point,"{""phase"":""death"",""score"":""194/2"",""crr"":10.03,""rrr"":"""",""pressure"":0.378,""xRuns"":1.162,""xWicket"":0.074,""risk"":0.584,""control"":0.433}"
606,5,19,3,46,58,9,6,0,,TRUE,FALSE,,,,pull,third_point,"{""phase"":""death"",""score"":""200/2"",""crr"":10.26,""rrr"":"""",""pressure"":0.381,""xRuns"":1.24,""xWicket"":0.066,""risk"":0.786,""control"":0.48}"
607,5,19,4,46,58,9,4,0,,TRUE,FALSE,,,,cut,point_inside,"{""phase"":""death"",""score"":""204/2"",""crr"":10.37,""rrr"":"""",""pressure"":0.384,""xRuns"":1.238,""xWicket"":0.066,""risk"":0.787,""control"":0.397}"
608,5,19,5,46,58,9,1,0,,TRUE,FALSE,,,,ramp,long_off,"{""phase"":""death"",""score"":""205/2"",""crr"":10.34,""rrr"":"""",""pressure"":0.386,""xRuns"":1.238,""xWicket"":0.066,""risk"":0.638,""control"":0.424}"
609,5,19,6,58,46,9,1,0,,TRUE,FALSE,,,,clip,mid_off,"{""phase"":""death"",""score"":""206/2"",""crr"":10.3,""rrr"":"""",""pressure"":0.389,""xRuns"":1.157,""xWicket"":0.074,""risk"":0.589,""control"":0.482}"
610,6,0,1,15,1,55,4,0,,TRUE,FALSE,,,,reverse_sweep,mid_on_area,"{""phase"":""powerplay"",""score"":""4/0"",""crr"":24.0,""rrr"":10.24,""pressure"":0.296,""xRuns"":1.449,""xWicket"":0.041,""risk"":0.833,""control"":0.59}"
611,6,0,2,15,1,55,1,0,,TRUE,FALSE,,,,reverse_sweep,mid_off,"{""phase"":""powerplay"",""score"":""5/0"",""crr"":15.0,""rrr"":10.27,""pressure"":0.295,""xRuns"":1.449,""xWicket"":0.041,""risk"":0.683,""control"":0.484}"
612,6,0,3,1,15,55,0,1,leg_bye,TRUE,FALSE,,,,reverse_sweep,long_off,"{""phase"":""powerplay"",""score"":""6/0"",""crr"":12.0,""rrr"":10.31,""pressure"":0.299,""xRuns"":1.355,""xWicket"":0.044,""risk"":0.606,""control"":0.589}"
613,6,0,4,15,1,55,0,0,,TRUE,FALSE,,,,cut,silly_mid_on,"{""phase"":""powerplay"",""score"":""6/0"",""crr"":9.0,""rrr"":10.4,""pressure"":0.303,""xRuns"":1.446,""xWicket"":0.042,""risk"":0.686,""control"":0.593}"
614,6,0,5,15,1,55,4,0,,TRUE,FALSE,,,,straight_drive,silly_mid_wicket,"{""phase"":""powerplay"",""score"":""10/0"",""crr"":12.0,""rrr"":10.28,""pressure"":0.308,""xRuns"":1.444,""xWicket"":0.042,""risk"":0.839,""control"":0.586}"
615,6,0,6,15,1,55,0,0,,TRUE,FALSE,,,,drive,silly_point,"{""phase"":""powerplay"",""score"":""10/0"",""crr"":10.0,""rrr"":10.37,""pressure"":0.308,""xRuns"":1.444,""xWicket"":0.042,""risk"":0.689,""control"":0.513}"
616,6,1,1,1,15,59,0,0,,TRUE,FALSE,,,,glance,short_leg,"{""phase"":""powerplay"",""score"":""10/0"",""crr"":8.57,""rrr"":10.46,""pressure"":0.313,""xRuns"":1.369,""xWicket"":0.043,""risk"":0.612,""control"":0.562}"
617,6,1,2,1,15,59,0,1,wide,FALSE,FALSE,,,,scoop,mid_on_area,"{""phase"":""powerplay"",""score"":""11/0"",""crr"":9.43,""rrr"":10.41,""pressure"":0.319,""xRuns"":1.366,""xWicket"":0.006,""risk"":0.615,""control"":0.559}"
618,6,1,2,1,15,59,0,0,,TRUE,FALSE,,,,lofted_drive,cover_inside,"{""phase"":""powerplay"",""score"":""11/0"",""crr"":8.25,""rrr"":10.5,""pressure"":0.317,""xRuns"":1.367,""xWicket"":0.043,""risk"":0.614,""control"":0.561}"
619,6,1,3,1,15,59,2,0,,TRUE,FALSE,,,,lofted,silly_point,"{""phase"":""powerplay"",""score"":""13/0"",""crr"":8.67,""rrr"":10.49,""pressure"":0.323,""xRuns"":1.364,""xWicket"":0.043,""risk"":0.617,""control"":0.477}"
620,6,1,4,1,15,59,0,0,,TRUE,FALSE,,,,sweep,long_off,"{""phase"":""powerplay"",""score"":""13/0"",""crr"":7.8,""rrr"":10.58,""pressure"":0.325,""xRuns"":1.364,""xWicket"":0.044,""risk"":0.618,""control"":0.592}"
621,6,1,5,1,15,59,4,0,,TRUE,FALSE,,,,flick,mid_on_area,"{""phase"":""powerplay"",""score"":""17/0"",""crr"":9.27,""rrr"":10.46,""pressure"":0.331,""xRuns"":1.361,""xWicket"":0.044,""risk"":0.77,""control"":0.49}"
622,6,1,6,1,15,59,0,1,no_ball,FALSE,FALSE,,,,scoop,deep_extra_cover,"{""phase"":""powerplay"",""score"":""18/0"",""crr"":9.82,""rrr"":10.4,""pressure"":0.33,""xRuns"":1.361,""xWicket"":0.007,""risk"":0.62,""control"":0.624}"
623,6,1,6,1,15,59,1,0,,TRUE,FALSE,,,,square_cut,mid_on_area,"{""phase"":""powerplay"",""score"":""19/0"",""crr"":9.5,""rrr"":10.44,""pressure"":0.328,""xRuns"":1.362,""xWicket"":0.044,""risk"":0.619,""control"":0.484}"
624,6,2,1,1,15,54,1,0,,TRUE,FALSE,,,,late_cut,short_leg,"{""phase"":""powerplay"",""score"":""20/0"",""crr"":9.23,""rrr"":10.49,""pressure"":0.332,""xRuns"":1.37,""xWicket"":0.043,""risk"":0.621,""control"":0.577}"
625,6,2,2,15,1,54,6,1,no_ball,FALSE,FALSE,,,,on_drive,cover_point_inside,"{""phase"":""powerplay"",""score"":""27/0"",""crr"":12.46,""rrr"":10.09,""pressure"":0.337,""xRuns"":1.46,""xWicket"":0.006,""risk"":0.852,""control"":0.636}"
626,6,2,2,15,1,54,0,0,,TRUE,FALSE,,,,lofted_drive,cover_inside,"{""phase"":""powerplay"",""score"":""27/0"",""crr"":11.57,""rrr"":10.19,""pressure"":0.325,""xRuns"":1.465,""xWicket"":0.04,""risk"":0.696,""control"":0.541}"
627,6,2,3,15,1,54,1,0,,TRUE,FALSE,,,,upper_cut,long_off,"{""phase"":""powerplay"",""score"":""28/0"",""crr"":11.2,""rrr"":10.23,""pressure"":0.331,""xRuns"":1.463,""xWicket"":0.04,""risk"":0.699,""control"":0.54}"
628,6,2,4,1,15,54,2,0,,TRUE,FALSE,,,,flick,long_off,"{""phase"":""powerplay"",""score"":""30/0"",""crr"":11.25,""rrr"":10.21,""pressure"":0.335,""xRuns"":1.369,""xWicket"":0.043,""risk"":0.622,""control"":0.499}"
629,6,2,5,1,15,54,0,1,leg_bye,TRUE,FALSE,,,,straight_drive,long_off,"{""phase"":""powerplay"",""score"":""31/0"",""crr"":10.94,""rrr"":10.25,""pressure"":0.337,""xRuns"":1.368,""xWicket"":0.043,""risk"":0.623,""control"":0.475}"
630,6,2,6,15,1,54,1,0,,TRUE,FALSE,,,,cover_drive,mid_on_inside,"{""phase"":""powerplay"",""score"":""32/0"",""crr"":10.67,""rrr"":10.29,""pressure"":0.341,""xRuns"":1.459,""xWicket"":0.041,""risk"":0.703,""control"":0.592}"
631,6,3,1,15,1,53,1,0,,TRUE,FALSE,,,,upper_cut,short_leg,"{""phase"":""powerplay"",""score"":""33/0"",""crr"":10.42,""rrr"":10.34,""pressure"":0.345,""xRuns"":1.457,""xWicket"":0.041,""risk"":0.705,""control"":0.534}"
632,6,3,2,1,15,53,1,0,,TRUE,FALSE,,,,late_cut,third_point,"{""phase"":""powerplay"",""score"":""34/0"",""crr"":10.2,""rrr"":10.38,""pressure"":0.349,""xRuns"":1.363,""xWicket"":0.044,""risk"":0.628,""control"":0.499}"
633,6,3,3,15,1,53,6,0,,TRUE,FALSE,,,,clip,square_leg_inside,"{""phase"":""powerplay"",""score"":""40/0"",""crr"":11.43,""rrr"":10.12,""pressure"":0.353,""xRuns"":1.454,""xWicket"":0.041,""risk"":0.859,""control"":0.585}"
634,6,3,4,15,1,53,0,1,bye,TRUE,TRUE,hit_wicket,15,,reverse_sweep,mid_off,"{""phase"":""powerplay"",""score"":""41/0"",""crr"":11.18,""rrr"":10.16,""pressure"":0.349,""xRuns"":1.455,""xWicket"":0.041,""risk"":0.707,""control"":0.53}"
635,6,3,5,1,6,53,1,1,no_ball,FALSE,FALSE,,,,flick,fine_leg,"{""phase"":""powerplay"",""score"":""43/1"",""crr"":11.73,""rrr"":10.04,""pressure"":0.379,""xRuns"":1.35,""xWicket"":0.007,""risk"":0.642,""control"":0.538}"
636,6,3,5,6,1,53,1,0,,TRUE,FALSE,,,,square_cut,silly_mid_wicket,"{""phase"":""powerplay"",""score"":""44/1"",""crr"":11.48,""rrr"":10.08,""pressure"":0.375,""xRuns"":1.509,""xWicket"":0.049,""risk"":0.833,""control"":0.472}"
637,6,3,6,1,6,53,0,0,,TRUE,FALSE,,,,pull,cover_inside,"{""phase"":""powerplay"",""score"":""44/1"",""crr"":11.0,""rrr"":10.19,""pressure"":0.379,""xRuns"":1.35,""xWicket"":0.045,""risk"":0.642,""control"":0.598}"
638,6,4,1,6,1,52,0,0,,TRUE,FALSE,,,,upper_cut,fine_leg,"{""phase"":""powerplay"",""score"":""44/1"",""crr"":10.56,""rrr"":10.29,""pressure"":0.385,""xRuns"":1.514,""xWicket"":0.048,""risk"":0.838,""control"":0.473}"
639,6,4,2,6,1,52,1,0,,TRUE,FALSE,,,,paddle_sweep,mid_on_inside,"{""phase"":""powerplay"",""score"":""45/1"",""crr"":10.38,""rrr"":10.34,""pressure"":0.391,""xRuns"":1.512,""xWicket"":0.048,""risk"":0.84,""control"":0.554}"
640,6,4,3,1,6,52,4,0,,TRUE,FALSE,,,,clip,square_leg_inside,"{""phase"":""powerplay"",""score"":""49/1"",""crr"":10.89,""rrr"":10.19,""pressure"":0.395,""xRuns"":1.353,""xWicket"":0.045,""risk"":0.799,""control"":0.568}"
641,6,4,4,1,6,52,1,0,,TRUE,FALSE,,,,flick,silly_mid_on,"{""phase"":""powerplay"",""score"":""50/1"",""crr"":10.71,""rrr"":10.24,""pressure"":0.394,""xRuns"":1.354,""xWicket"":0.045,""risk"":0.649,""control"":0.48}"
642,6,4,5,6,1,52,6,0,,TRUE,FALSE,,,,flick,long_off,"{""phase"":""powerplay"",""score"":""56/1"",""crr"":11.59,""rrr"":9.96,""pressure"":0.398,""xRuns"":1.509,""xWicket"":0.049,""risk"":0.993,""control"":0.511}"
643,6,4,6,6,1,52,2,0,,TRUE,FALSE,,,,late_cut,mid_on_area,"{""phase"":""powerplay"",""score"":""58/1"",""crr"":11.6,""rrr"":9.93,""pressure"":0.393,""xRuns"":1.511,""xWicket"":0.048,""risk"":0.841,""control"":0.606}"
644,6,5,1,1,6,57,0,0,,TRUE,FALSE,,,,pull,long_off,"{""phase"":""powerplay"",""score"":""58/1"",""crr"":11.23,""rrr"":10.04,""pressure"":0.395,""xRuns"":1.525,""xWicket"":0.029,""risk"":0.649,""control"":0.552}"
645,6,5,2,1,6,57,6,0,,TRUE,FALSE,,,,paddle_sweep,fine_leg,"{""phase"":""powerplay"",""score"":""64/1"",""crr"":12.0,""rrr"":9.75,""pressure"":0.401,""xRuns"":1.522,""xWicket"":0.029,""risk"":0.802,""control"":0.56}"
646,6,5,3,1,6,57,1,0,,TRUE,FALSE,,,,pull,long_on,"{""phase"":""powerplay"",""score"":""65/1"",""crr"":11.82,""rrr"":9.79,""pressure"":0.395,""xRuns"":1.525,""xWicket"":0.029,""risk"":0.649,""control"":0.665}"
647,6,5,4,6,1,57,0,0,,TRUE,FALSE,,,,lofted,mid_on_inside,"{""phase"":""powerplay"",""score"":""65/1"",""crr"":11.47,""rrr"":9.91,""pressure"":0.399,""xRuns"":1.68,""xWicket"":0.032,""risk"":0.844,""control"":0.565}"
648,6,5,5,6,1,57,2,0,,TRUE,FALSE,,,,cut,silly_point,"{""phase"":""powerplay"",""score"":""67/1"",""crr"":11.49,""rrr"":9.88,""pressure"":0.405,""xRuns"":1.677,""xWicket"":0.033,""risk"":0.847,""control"":0.672}"
649,6,5,6,6,1,57,1,0,,TRUE,FALSE,,,,scoop,mid_on_inside,"{""phase"":""powerplay"",""score"":""68/1"",""crr"":11.33,""rrr"":9.93,""pressure"":0.407,""xRuns"":1.677,""xWicket"":0.033,""risk"":0.847,""control"":0.648}"
650,6,6,1,6,1,55,4,0,,TRUE,FALSE,,,,upper_cut,straight_inside,"{""phase"":""middle"",""score"":""72/1"",""crr"":11.68,""rrr"":9.76,""pressure"":0.412,""xRuns"":1.465,""xWicket"":0.053,""risk"":1.0,""control"":0.496}"
651,6,6,2,6,1,55,0,0,,TRUE,FALSE,,,,slog,silly_mid_wicket,"{""phase"":""middle"",""score"":""72/1"",""crr"":11.37,""rrr"":9.88,""pressure"":0.41,""xRuns"":1.466,""xWicket"":0.053,""risk"":0.849,""control"":0.505}"
652,6,6,3,6,1,55,0,0,,TRUE,FALSE,,,,upper_cut,deep_square_leg,"{""phase"":""middle"",""score"":""72/1"",""crr"":11.08,""rrr"":10.0,""pressure"":0.416,""xRuns"":1.463,""xWicket"":0.053,""risk"":0.851,""control"":0.61}"
653,6,6,4,6,1,55,1,0,,TRUE,FALSE,,,,lofted,long_off,"{""phase"":""middle"",""score"":""73/1"",""crr"":10.95,""rrr"":10.05,""pressure"":0.422,""xRuns"":1.461,""xWicket"":0.053,""risk"":0.854,""control"":0.597}"
654,6,6,5,1,6,55,3,0,,TRUE,FALSE,,,,reverse_sweep,fine_leg_inside,"{""phase"":""middle"",""score"":""76/1"",""crr"":11.12,""rrr"":9.95,""pressure"":0.426,""xRuns"":1.302,""xWicket"":0.05,""risk"":0.663,""control"":0.622}"
655,6,6,6,6,1,55,0,0,,TRUE,FALSE,,,,slog,square_leg_inside,"{""phase"":""middle"",""score"":""76/1"",""crr"":10.86,""rrr"":10.08,""pressure"":0.426,""xRuns"":1.459,""xWicket"":0.054,""risk"":0.856,""control"":0.501}"
656,6,7,1,1,6,59,0,0,,TRUE,FALSE,,,,straight_drive,deep_square_leg,"{""phase"":""middle"",""score"":""76/1"",""crr"":10.6,""rrr"":10.21,""pressure"":0.433,""xRuns"":1.318,""xWicket"":0.048,""risk"":0.666,""control"":0.565}"
657,6,7,2,1,6,59,4,0,,TRUE,FALSE,,,,square_cut,silly_point,"{""phase"":""middle"",""score"":""80/1"",""crr"":10.91,""rrr"":10.03,""pressure"":0.44,""xRuns"":1.315,""xWicket"":0.049,""risk"":0.819,""control"":0.62}"
658,6,7,3,1,6,59,0,0,,TRUE,FALSE,,,,paddle_sweep,short_leg,"{""phase"":""middle"",""score"":""80/1"",""crr"":10.67,""rrr"":10.16,""pressure"":0.437,""xRuns"":1.316,""xWicket"":0.049,""risk"":0.668,""control"":0.562}"
659,6,7,4,1,6,59,4,0,,TRUE,FALSE,,,,on_drive,silly_point,"{""phase"":""middle"",""score"":""84/1"",""crr"":10.96,""rrr"":9.97,""pressure"":0.444,""xRuns"":1.314,""xWicket"":0.049,""risk"":0.821,""control"":0.501}"
660,6,7,5,1,6,59,4,0,,TRUE,FALSE,,,,paddle_sweep,silly_mid_on,"{""phase"":""middle"",""score"":""88/1"",""crr"":11.23,""rrr"":9.78,""pressure"":0.441,""xRuns"":1.315,""xWicket"":0.049,""risk"":0.82,""control"":0.629}"
661,6,7,6,1,6,59,0,0,,TRUE,FALSE,,,,straight_drive,deep_extra_cover,"{""phase"":""middle"",""score"":""88/1"",""crr"":11.0,""rrr"":9.92,""pressure"":0.439,""xRuns"":1.316,""xWicket"":0.049,""risk"":0.669,""control"":0.481}"
662,6,8,1,6,1,54,2,0,,TRUE,FALSE,,,,clip,silly_mid_on,"{""phase"":""middle"",""score"":""90/1"",""crr"":11.02,""rrr"":9.89,""pressure"":0.445,""xRuns"":1.48,""xWicket"":0.052,""risk"":0.865,""control"":0.515}"
663,6,8,2,6,1,54,1,0,,TRUE,FALSE,,,,cover_drive,deep_extra_cover,"{""phase"":""middle"",""score"":""91/1"",""crr"":10.92,""rrr"":9.94,""pressure"":0.447,""xRuns"":1.479,""xWicket"":0.052,""risk"":0.865,""control"":0.47}"
664,6,8,3,1,6,54,1,0,,TRUE,FALSE,,,,square_cut,cover_inside,"{""phase"":""middle"",""score"":""92/1"",""crr"":10.82,""rrr"":10.0,""pressure"":0.452,""xRuns"":1.32,""xWicket"":0.048,""risk"":0.675,""control"":0.513}"
665,6,8,4,6,1,54,1,0,,TRUE,FALSE,,,,on_drive,square_leg_inside,"{""phase"":""middle"",""score"":""93/1"",""crr"":10.73,""rrr"":10.06,""pressure"":0.456,""xRuns"":1.475,""xWicket"":0.052,""risk"":0.869,""control"":0.495}"
666,6,8,5,1,6,54,0,0,,TRUE,TRUE,hit_wicket,1,,straight_drive,silly_mid_on,"{""phase"":""middle"",""score"":""93/1"",""crr"":10.53,""rrr"":10.21,""pressure"":0.461,""xRuns"":1.316,""xWicket"":0.049,""risk"":0.679,""control"":0.612}"
667,6,8,6,13,6,54,0,0,,TRUE,FALSE,,,,reverse_sweep,silly_point,"{""phase"":""middle"",""score"":""93/2"",""crr"":10.33,""rrr"":10.36,""pressure"":0.494,""xRuns"":1.262,""xWicket"":0.054,""risk"":0.715,""control"":0.581}"
668,6,9,1,6,13,53,3,0,,TRUE,FALSE,,,,square_cut,long_on,"{""phase"":""middle"",""score"":""96/2"",""crr"":10.47,""rrr"":10.25,""pressure"":0.501,""xRuns"":1.456,""xWicket"":0.054,""risk"":0.89,""control"":0.538}"
669,6,9,2,13,6,53,0,0,,TRUE,FALSE,,,,straight_drive,cover_inside,"{""phase"":""middle"",""score"":""96/2"",""crr"":10.29,""rrr"":10.41,""pressure"":0.501,""xRuns"":1.259,""xWicket"":0.054,""risk"":0.718,""control"":0.501}"
670,6,9,3,13,6,53,1,1,no_ball,FALSE,FALSE,,,,on_drive,silly_mid_wicket,"{""phase"":""middle"",""score"":""98/2"",""crr"":10.5,""rrr"":10.22,""pressure"":0.508,""xRuns"":1.256,""xWicket"":0.008,""risk"":0.721,""control"":0.55}"
671,6,9,3,6,13,53,1,0,,TRUE,FALSE,,,,cut,deep_extra_cover,"{""phase"":""middle"",""score"":""99/2"",""crr"":10.42,""rrr"":10.29,""pressure"":0.503,""xRuns"":1.455,""xWicket"":0.054,""risk"":0.891,""control"":0.52}"
672,6,9,4,13,6,53,1,0,,TRUE,FALSE,,,,slog,third_point,"{""phase"":""middle"",""score"":""100/2"",""crr"":10.34,""rrr"":10.35,""pressure"":0.508,""xRuns"":1.256,""xWicket"":0.054,""risk"":0.721,""control"":0.511}"
673,6,9,5,6,13,53,2,0,,TRUE,FALSE,,,,on_drive,cover_point_inside,"{""phase"":""middle"",""score"":""102/2"",""crr"":10.37,""rrr"":10.33,""pressure"":0.512,""xRuns"":1.452,""xWicket"":0.055,""risk"":0.895,""control"":0.552}"
674,6,9,6,6,13,53,0,0,,TRUE,FALSE,,,,drive,silly_mid_on,"{""phase"":""middle"",""score"":""102/2"",""crr"":10.2,""rrr"":10.5,""pressure"":0.514,""xRuns"":1.451,""xWicket"":0.055,""risk"":0.896,""control"":0.476}"
675,6,10,1,13,6,52,0,0,,TRUE,FALSE,,,,lofted_drive,long_on,"{""phase"":""middle"",""score"":""102/2"",""crr"":10.03,""rrr"":10.68,""pressure"":0.522,""xRuns"":1.26,""xWicket"":0.054,""risk"":0.728,""control"":0.487}"
676,6,10,2,13,6,52,0,0,,TRUE,FALSE,,,,cover_drive,silly_mid_on,"{""phase"":""middle"",""score"":""102/2"",""crr"":9.87,""rrr"":10.86,""pressure"":0.53,""xRuns"":1.256,""xWicket"":0.054,""risk"":0.731,""control"":0.464}"
677,6,10,3,13,6,52,1,0,,TRUE,FALSE,,,,glance,straight_inside,"{""phase"":""middle"",""score"":""103/2"",""crr"":9.81,""rrr"":10.95,""pressure"":0.538,""xRuns"":1.253,""xWicket"":0.055,""risk"":0.735,""control"":0.433}"
678,6,10,4,6,13,52,0,0,,TRUE,FALSE,,,,clip,fine_leg,"{""phase"":""middle"",""score"":""103/2"",""crr"":9.66,""rrr"":11.14,""pressure"":0.543,""xRuns"":1.448,""xWicket"":0.055,""risk"":0.909,""control"":0.471}"
679,6,10,5,6,13,52,1,0,,TRUE,FALSE,,,,sweep,straight_inside,"{""phase"":""middle"",""score"":""104/2"",""crr"":9.6,""rrr"":11.24,""pressure"":0.552,""xRuns"":1.444,""xWicket"":0.056,""risk"":0.913,""control"":0.594}"
680,6,10,6,13,6,52,1,0,,TRUE,FALSE,,,,defence,fine_leg,"{""phase"":""middle"",""score"":""105/2"",""crr"":9.55,""rrr"":11.33,""pressure"":0.557,""xRuns"":1.245,""xWicket"":0.055,""risk"":0.744,""control"":0.497}"
681,6,11,1,13,6,57,1,0,,TRUE,FALSE,,,,sweep,deep_extra_cover,"{""phase"":""middle"",""score"":""106/2"",""crr"":9.49,""rrr"":11.43,""pressure"":0.563,""xRuns"":1.414,""xWicket"":0.039,""risk"":0.746,""control"":0.511}"
682,6,11,2,6,13,57,4,0,,TRUE,FALSE,,,,cut,deep_square_leg,"{""phase"":""middle"",""score"":""110/2"",""crr"":9.71,""rrr"":11.19,""pressure"":0.568,""xRuns"":1.609,""xWicket"":0.04,""risk"":1,""control"":0.693}"
683,6,11,3,6,13,57,1,0,,TRUE,FALSE,,,,lofted,silly_mid_wicket,"{""phase"":""middle"",""score"":""111/2"",""crr"":9.65,""rrr"":11.29,""pressure"":0.564,""xRuns"":1.611,""xWicket"":0.04,""risk"":0.918,""control"":0.54}"
684,6,11,4,13,6,57,4,0,,TRUE,FALSE,,,,hook,deep_square_leg,"{""phase"":""middle"",""score"":""115/2"",""crr"":9.86,""rrr"":11.04,""pressure"":0.57,""xRuns"":1.411,""xWicket"":0.04,""risk"":0.899,""control"":0.546}"
685,6,11,5,13,6,57,1,0,,TRUE,FALSE,,,,cut,square_leg_inside,"{""phase"":""middle"",""score"":""116/2"",""crr"":9.8,""rrr"":11.14,""pressure"":0.566,""xRuns"":1.413,""xWicket"":0.039,""risk"":0.748,""control"":0.582}"
686,6,11,6,6,13,57,0,0,,TRUE,FALSE,,,,on_drive,cover_inside,"{""phase"":""middle"",""score"":""116/2"",""crr"":9.67,""rrr"":11.38,""pressure"":0.571,""xRuns"":1.608,""xWicket"":0.04,""risk"":0.921,""control"":0.605}"
687,6,12,1,13,6,55,1,0,,TRUE,FALSE,,,,clip,short_leg,"{""phase"":""middle"",""score"":""117/2"",""crr"":9.62,""rrr"":11.49,""pressure"":0.581,""xRuns"":1.197,""xWicket"":0.06,""risk"":0.754,""control"":0.527}"
688,6,12,2,6,13,55,1,0,,TRUE,FALSE,,,,hook,silly_mid_on,"{""phase"":""middle"",""score"":""118/2"",""crr"":9.57,""rrr"":11.61,""pressure"":0.587,""xRuns"":1.391,""xWicket"":0.061,""risk"":0.928,""control"":0.456}"
689,6,12,3,13,6,55,0,0,,TRUE,TRUE,bowled,13,,reverse_sweep,mid_on_inside,"{""phase"":""middle"",""score"":""118/2"",""crr"":9.44,""rrr"":11.87,""pressure"":0.593,""xRuns"":1.192,""xWicket"":0.061,""risk"":0.76,""control"":0.568}"
690,6,12,4,2,6,55,1,0,,TRUE,FALSE,,,,sweep,deep_extra_cover,"{""phase"":""middle"",""score"":""119/3"",""crr"":9.39,""rrr"":12.0,""pressure"":0.63,""xRuns"":1.063,""xWicket"":0.067,""risk"":0.741,""control"":0.438}"
691,6,12,5,6,2,55,0,0,,TRUE,FALSE,,,,slog,deep_cover,"{""phase"":""middle"",""score"":""119/3"",""crr"":9.27,""rrr"":12.28,""pressure"":0.636,""xRuns"":1.371,""xWicket"":0.063,""risk"":0.95,""control"":0.507}"
692,6,12,6,6,2,55,2,0,,TRUE,FALSE,,,,hook,cover_point_inside,"{""phase"":""middle"",""score"":""121/3"",""crr"":9.31,""rrr"":12.29,""pressure"":0.647,""xRuns"":1.366,""xWicket"":0.063,""risk"":0.955,""control"":0.581}"
693,6,13,1,2,6,59,4,0,,TRUE,FALSE,,,,square_cut,long_on,"{""phase"":""middle"",""score"":""125/3"",""crr"":9.49,""rrr"":12.0,""pressure"":0.65,""xRuns"":1.073,""xWicket"":0.066,""risk"":0.9,""control"":0.366}"
694,6,13,2,2,6,59,1,0,,TRUE,FALSE,,,,cover_drive,point_inside,"{""phase"":""middle"",""score"":""126/3"",""crr"":9.45,""rrr"":12.15,""pressure"":0.645,""xRuns"":1.075,""xWicket"":0.066,""risk"":0.747,""control"":0.413}"
695,6,13,3,6,2,59,0,0,,TRUE,FALSE,,,,clip,deep_extra_cover,"{""phase"":""middle"",""score"":""126/3"",""crr"":9.33,""rrr"":12.46,""pressure"":0.652,""xRuns"":1.383,""xWicket"":0.062,""risk"":0.958,""control"":0.603}"
696,6,13,4,6,2,59,1,0,,TRUE,FALSE,,,,square_cut,long_off,"{""phase"":""middle"",""score"":""127/3"",""crr"":9.29,""rrr"":12.63,""pressure"":0.664,""xRuns"":1.378,""xWicket"":0.062,""risk"":0.963,""control"":0.591}"
697,6,13,5,2,6,59,0,1,wide,FALSE,FALSE,,,,drive,deep_extra_cover,"{""phase"":""middle"",""score"":""128/3"",""crr"":9.37,""rrr"":12.47,""pressure"":0.671,""xRuns"":1.065,""xWicket"":0.007,""risk"":0.759,""control"":0.499}"
698,6,13,5,2,6,59,4,0,,TRUE,FALSE,,,,defence,square_leg_inside,"{""phase"":""middle"",""score"":""132/3"",""crr"":9.54,""rrr"":12.16,""pressure"":0.667,""xRuns"":1.066,""xWicket"":0.067,""risk"":0.907,""control"":0.424}"
699,6,13,6,2,6,59,1,0,,TRUE,FALSE,,,,sweep,short_leg,"{""phase"":""middle"",""score"":""133/3"",""crr"":9.5,""rrr"":12.33,""pressure"":0.661,""xRuns"":1.069,""xWicket"":0.066,""risk"":0.755,""control"":0.485}"
700,6,14,1,2,6,54,0,0,,TRUE,FALSE,,,,paddle_sweep,cover_inside,"{""phase"":""middle"",""score"":""133/3"",""crr"":9.39,""rrr"":12.69,""pressure"":0.668,""xRuns"":1.075,""xWicket"":0.066,""risk"":0.758,""control"":0.495}"
701,6,14,2,2,6,54,0,0,,TRUE,FALSE,,,,cut,deep_square_leg,"{""phase"":""middle"",""score"":""133/3"",""crr"":9.28,""rrr"":13.06,""pressure"":0.681,""xRuns"":1.07,""xWicket"":0.066,""risk"":0.764,""control"":0.372}"
702,6,14,3,2,6,54,1,0,,TRUE,TRUE,bowled,2,,sweep,cover_inside,"{""phase"":""middle"",""score"":""134/3"",""crr"":9.24,""rrr"":13.27,""pressure"":0.695,""xRuns"":1.064,""xWicket"":0.067,""risk"":0.77,""control"":0.426}"
703,6,14,4,6,12,54,0,0,,TRUE,FALSE,,,,paddle_sweep,long_off,"{""phase"":""middle"",""score"":""134/4"",""crr"":9.14,""rrr"":13.69,""pressure"":0.73,""xRuns"":1.36,""xWicket"":0.064,""risk"":0.993,""control"":0.622}"
704,6,14,5,6,12,54,1,0,,TRUE,FALSE,,,,straight_drive,mid_off,"{""phase"":""middle"",""score"":""135/4"",""crr"":9.1,""rrr"":13.94,""pressure"":0.744,""xRuns"":1.354,""xWicket"":0.065,""risk"":0.999,""control"":0.61}"
705,6,14,6,12,6,54,0,1,bye,TRUE,FALSE,,,,flick,deep_cover,"{""phase"":""middle"",""score"":""136/4"",""crr"":9.07,""rrr"":14.2,""pressure"":0.754,""xRuns"":0.986,""xWicket"":0.076,""risk"":0.789,""control"":0.463}"
706,6,15,1,12,6,53,0,0,,TRUE,FALSE,,,,on_drive,mid_off,"{""phase"":""death"",""score"":""136/4"",""crr"":8.97,""rrr"":14.69,""pressure"":0.759,""xRuns"":0.984,""xWicket"":0.094,""risk"":0.792,""control"":0.416}"
707,6,15,2,12,6,53,4,0,,TRUE,FALSE,,,,cover_drive,long_on,"{""phase"":""death"",""score"":""140/4"",""crr"":9.13,""rrr"":14.36,""pressure"":0.762,""xRuns"":0.983,""xWicket"":0.094,""risk"":0.943,""control"":0.339}"
708,6,15,3,12,6,53,1,0,,TRUE,FALSE,,,,paddle_sweep,silly_mid_wicket,"{""phase"":""death"",""score"":""141/4"",""crr"":9.1,""rrr"":14.67,""pressure"":0.765,""xRuns"":0.981,""xWicket"":0.095,""risk"":0.794,""control"":0.463}"
709,6,15,4,6,12,53,1,0,,TRUE,FALSE,,,,sweep,mid_on_inside,"{""phase"":""death"",""score"":""142/4"",""crr"":9.06,""rrr"":15.0,""pressure"":0.768,""xRuns"":1.344,""xWicket"":0.084,""risk"":1,""control"":0.469}"
710,6,15,5,12,6,53,0,0,,TRUE,FALSE,,,,square_cut,long_off,"{""phase"":""death"",""score"":""142/4"",""crr"":8.97,""rrr"":15.6,""pressure"":0.77,""xRuns"":0.979,""xWicket"":0.095,""risk"":0.796,""control"":0.33}"
711,6,15,6,12,6,53,2,0,,TRUE,FALSE,,,,flick,long_on,"{""phase"":""death"",""score"":""144/4"",""crr"":9.0,""rrr"":15.75,""pressure"":0.773,""xRuns"":0.978,""xWicket"":0.095,""risk"":0.798,""control"":0.344}"
712,6,16,1,6,12,59,3,0,,TRUE,FALSE,,,,lofted_drive,deep_extra_cover,"{""phase"":""death"",""score"":""147/4"",""crr"":9.09,""rrr"":15.65,""pressure"":0.776,""xRuns"":1.331,""xWicket"":0.085,""risk"":1,""control"":0.503}"
713,6,16,2,12,6,59,1,0,,TRUE,FALSE,,,,slog,mid_on_inside,"{""phase"":""death"",""score"":""148/4"",""crr"":9.06,""rrr"":16.09,""pressure"":0.779,""xRuns"":0.966,""xWicket"":0.096,""risk"":0.801,""control"":0.382}"
714,6,16,3,6,12,59,1,0,,TRUE,FALSE,,,,sweep,mid_on_inside,"{""phase"":""death"",""score"":""149/4"",""crr"":9.03,""rrr"":16.57,""pressure"":0.782,""xRuns"":1.329,""xWicket"":0.086,""risk"":1,""control"":0.557}"
715,6,16,4,12,6,59,1,0,,TRUE,FALSE,,,,paddle_sweep,point_inside,"{""phase"":""death"",""score"":""150/4"",""crr"":9.0,""rrr"":17.1,""pressure"":0.785,""xRuns"":0.963,""xWicket"":0.096,""risk"":0.803,""control"":0.313}"
716,6,16,5,6,12,59,1,0,,TRUE,FALSE,,,,on_drive,cover_inside,"{""phase"":""death"",""score"":""151/4"",""crr"":8.97,""rrr"":17.68,""pressure"":0.787,""xRuns"":1.326,""xWicket"":0.086,""risk"":1,""control"":0.501}"
717,6,16,6,12,6,59,4,0,,TRUE,FALSE,,,,paddle_sweep,mid_on_inside,"{""phase"":""death"",""score"":""155/4"",""crr"":9.12,""rrr"":17.33,""pressure"":0.79,""xRuns"":0.961,""xWicket"":0.097,""risk"":0.956,""control"":0.429}"
718,6,17,1,6,12,57,0,2,leg_bye,TRUE,FALSE,,,,defence,point_inside,"{""phase"":""death"",""score"":""157/4"",""crr"":9.15,""rrr"":17.65,""pressure"":0.793,""xRuns"":1.514,""xWicket"":0.068,""risk"":1,""control"":0.595}"
719,6,17,2,6,12,57,1,0,,TRUE,FALSE,,,,drive,fine_leg_inside,"{""phase"":""death"",""score"":""158/4"",""crr"":9.12,""rrr"":18.38,""pressure"":0.796,""xRuns"":1.513,""xWicket"":0.068,""risk"":1,""control"":0.614}"
720,6,17,3,12,6,57,1,0,,TRUE,FALSE,,,,reverse_sweep,deep_extra_cover,"{""phase"":""death"",""score"":""159/4"",""crr"":9.09,""rrr"":19.2,""pressure"":0.799,""xRuns"":1.148,""xWicket"":0.079,""risk"":0.81,""control"":0.449}"
721,6,17,4,6,12,57,4,0,,TRUE,FALSE,,,,ramp,point_inside,"{""phase"":""death"",""score"":""163/4"",""crr"":9.23,""rrr"":18.86,""pressure"":0.802,""xRuns"":1.511,""xWicket"":0.068,""risk"":1,""control"":0.659}"
722,6,17,5,6,12,57,3,0,,TRUE,FALSE,,,,reverse_sweep,mid_on_inside,"{""phase"":""death"",""score"":""166/4"",""crr"":9.31,""rrr"":18.92,""pressure"":0.804,""xRuns"":1.51,""xWicket"":0.069,""risk"":1,""control"":0.568}"
723,6,17,6,12,6,57,0,0,,TRUE,FALSE,,,,flick,silly_mid_wicket,"{""phase"":""death"",""score"":""166/4"",""crr"":9.22,""rrr"":20.5,""pressure"":0.807,""xRuns"":1.145,""xWicket"":0.079,""risk"":0.813,""control"":0.452}"
724,6,18,1,6,12,57,4,0,,TRUE,FALSE,,,,slog,cover_point_inside,"{""phase"":""death"",""score"":""170/4"",""crr"":9.36,""rrr"":20.18,""pressure"":0.81,""xRuns"":1.507,""xWicket"":0.069,""risk"":1,""control"":0.689}"
725,6,18,2,6,12,57,0,0,,TRUE,FALSE,,,,on_drive,long_on,"{""phase"":""death"",""score"":""170/4"",""crr"":9.27,""rrr"":22.2,""pressure"":0.813,""xRuns"":1.506,""xWicket"":0.069,""risk"":1,""control"":0.695}"
726,6,18,3,6,12,57,4,0,,TRUE,FALSE,,,,late_cut,long_off,"{""phase"":""death"",""score"":""174/4"",""crr"":9.41,""rrr"":22.0,""pressure"":0.816,""xRuns"":1.505,""xWicket"":0.069,""risk"":1,""control"":0.598}"
727,6,18,4,6,12,57,0,0,,TRUE,FALSE,,,,ramp,long_off,"{""phase"":""death"",""score"":""174/4"",""crr"":9.32,""rrr"":24.75,""pressure"":0.819,""xRuns"":1.504,""xWicket"":0.069,""risk"":1,""control"":0.636}"
728,6,18,5,6,12,57,0,0,,TRUE,FALSE,,,,pull,silly_mid_on,"{""phase"":""death"",""score"":""174/4"",""crr"":9.24,""rrr"":28.29,""pressure"":0.821,""xRuns"":1.503,""xWicket"":0.069,""risk"":1,""control"":0.65}"
729,6,18,6,6,12,57,1,0,,TRUE,FALSE,,,,ramp,silly_mid_on,"{""phase"":""death"",""score"":""175/4"",""crr"":9.21,""rrr"":32.0,""pressure"":0.824,""xRuns"":1.501,""xWicket"":0.069,""risk"":1,""control"":0.56}"
730,6,19,1,6,12,52,4,0,,TRUE,FALSE,,,,ramp,fine_leg_inside,"{""phase"":""death"",""score"":""179/4"",""crr"":9.34,""rrr"":33.6,""pressure"":0.827,""xRuns"":1.329,""xWicket"":0.086,""risk"":1,""control"":0.57}"
731,6,19,2,6,12,52,4,0,,TRUE,FALSE,,,,sweep,silly_point,"{""phase"":""death"",""score"":""183/4"",""crr"":9.47,""rrr"":36.0,""pressure"":0.83,""xRuns"":1.327,""xWicket"":0.086,""risk"":1,""control"":0.539}"
732,6,19,3,6,12,52,2,0,,TRUE,FALSE,,,,upper_cut,long_off,"{""phase"":""death"",""score"":""185/4"",""crr"":9.49,""rrr"":44.0,""pressure"":0.833,""xRuns"":1.326,""xWicket"":0.086,""risk"":1,""control"":0.607}"
733,6,19,4,6,12,52,0,0,,TRUE,FALSE,,,,flick,short_leg,"{""phase"":""death"",""score"":""185/4"",""crr"":9.41,""rrr"":66.0,""pressure"":0.836,""xRuns"":1.325,""xWicket"":0.086,""risk"":1,""control"":0.604}"
734,6,19,5,6,12,52,3,0,,TRUE,FALSE,,,,late_cut,deep_cover,"{""phase"":""death"",""score"":""188/4"",""crr"":9.48,""rrr"":114.0,""pressure"":0.838,""xRuns"":1.324,""xWicket"":0.086,""risk"":1,""control"":0.59}"
735,6,19,6,12,6,52,2,0,,TRUE,FALSE,,,,cut,mid_off,"{""phase"":""death"",""score"":""190/4"",""crr"":9.5,""rrr"":102.0,""pressure"":0.841,""xRuns"":0.959,""xWicket"":0.097,""risk"":0.828,""control"":0.398}"
736,7,0,1,27,30,44,4,0,,TRUE,FALSE,,,,straight_drive,short_leg,"{""phase"":""powerplay"",""score"":""4/0"",""crr"":24.0,""rrr"":"""",""pressure"":0.0,""xRuns"":1.483,""xWicket"":0.036,""risk"":0.686,""control"":0.435}"
737,7,0,2,27,30,44,2,0,,TRUE,FALSE,,,,pull,fine_leg,"{""phase"":""powerplay"",""score"":""6/0"",""crr"":18.0,""rrr"":"""",""pressure"":0.003,""xRuns"":1.482,""xWicket"":0.036,""risk"":0.537,""control"":0.484}"
738,7,0,3,27,30,44,1,0,,TRUE,FALSE,,,,clip,long_off,"{""phase"":""powerplay"",""score"":""7/0"",""crr"":14.0,""rrr"":"""",""pressure"":0.006,""xRuns"":1.48,""xWicket"":0.036,""risk"":0.538,""control"":0.49}"
739,7,0,4,30,27,44,0,0,,TRUE,FALSE,,,,paddle_sweep,deep_extra_cover,"{""phase"":""powerplay"",""score"":""7/0"",""crr"":10.5,""rrr"":"""",""pressure"":0.009,""xRuns"":1.548,""xWicket"":0.044,""risk"":0.618,""control"":0.562}"
740,7,0,5,30,27,44,6,0,,TRUE,FALSE,,,,scoop,silly_mid_wicket,"{""phase"":""powerplay"",""score"":""13/0"",""crr"":15.6,""rrr"":"""",""pressure"":0.011,""xRuns"":1.547,""xWicket"":0.044,""risk"":0.769,""control"":0.501}"
741,7,0,6,30,27,44,1,0,,TRUE,FALSE,,,,sweep,silly_point,"{""phase"":""powerplay"",""score"":""14/0"",""crr"":14.0,""rrr"":"""",""pressure"":0.014,""xRuns"":1.546,""xWicket"":0.044,""risk"":0.621,""control"":0.469}"
742,7,1,1,30,27,38,4,0,,TRUE,FALSE,,,,sweep,deep_square_leg,"{""phase"":""powerplay"",""score"":""18/0"",""crr"":15.43,""rrr"":"""",""pressure"":0.017,""xRuns"":1.564,""xWicket"":0.042,""risk"":0.772,""control"":0.528}"
743,7,1,2,30,27,38,4,0,,TRUE,FALSE,,,,clip,long_on,"{""phase"":""powerplay"",""score"":""22/0"",""crr"":16.5,""rrr"":"""",""pressure"":0.02,""xRuns"":1.562,""xWicket"":0.042,""risk"":0.773,""control"":0.562}"
744,7,1,3,30,27,38,0,0,,TRUE,FALSE,,,,square_cut,deep_cover,"{""phase"":""powerplay"",""score"":""22/0"",""crr"":14.67,""rrr"":"""",""pressure"":0.023,""xRuns"":1.561,""xWicket"":0.042,""risk"":0.625,""control"":0.497}"
745,7,1,4,30,27,38,1,0,,TRUE,FALSE,,,,late_cut,mid_on_inside,"{""phase"":""powerplay"",""score"":""23/0"",""crr"":13.8,""rrr"":"""",""pressure"":0.026,""xRuns"":1.56,""xWicket"":0.043,""risk"":0.626,""control"":0.479}"
746,7,1,5,27,30,38,0,0,,TRUE,FALSE,,,,upper_cut,silly_mid_on,"{""phase"":""powerplay"",""score"":""23/0"",""crr"":12.55,""rrr"":"""",""pressure"":0.028,""xRuns"":1.49,""xWicket"":0.035,""risk"":0.548,""control"":0.505}"
747,7,1,6,27,30,38,2,0,,TRUE,FALSE,,,,scoop,long_off,"{""phase"":""powerplay"",""score"":""25/0"",""crr"":12.5,""rrr"":"""",""pressure"":0.031,""xRuns"":1.489,""xWicket"":0.036,""risk"":0.55,""control"":0.5}"
748,7,2,1,30,27,40,1,0,,TRUE,FALSE,,,,straight_drive,deep_extra_cover,"{""phase"":""powerplay"",""score"":""26/0"",""crr"":12.0,""rrr"":"""",""pressure"":0.034,""xRuns"":1.68,""xWicket"":0.031,""risk"":0.63,""control"":0.538}"
749,7,2,2,27,30,40,0,0,,TRUE,FALSE,,,,drive,deep_extra_cover,"{""phase"":""powerplay"",""score"":""26/0"",""crr"":11.14,""rrr"":"""",""pressure"":0.037,""xRuns"":1.61,""xWicket"":0.024,""risk"":0.552,""control"":0.584}"
750,7,2,3,27,30,40,4,0,,TRUE,FALSE,,,,upper_cut,straight_inside,"{""phase"":""powerplay"",""score"":""30/0"",""crr"":12.0,""rrr"":"""",""pressure"":0.04,""xRuns"":1.609,""xWicket"":0.024,""risk"":0.704,""control"":0.518}"
751,7,2,4,27,30,40,1,0,,TRUE,FALSE,,,,cut,cover_inside,"{""phase"":""powerplay"",""score"":""31/0"",""crr"":11.62,""rrr"":"""",""pressure"":0.043,""xRuns"":1.608,""xWicket"":0.024,""risk"":0.555,""control"":0.513}"
752,7,2,5,30,27,40,1,0,,TRUE,FALSE,,,,defence,fine_leg_inside,"{""phase"":""powerplay"",""score"":""32/0"",""crr"":11.29,""rrr"":"""",""pressure"":0.045,""xRuns"":1.676,""xWicket"":0.032,""risk"":0.635,""control"":0.565}"
753,7,2,6,27,30,40,2,0,,TRUE,FALSE,,,,drive,deep_square_leg,"{""phase"":""powerplay"",""score"":""34/0"",""crr"":11.33,""rrr"":"""",""pressure"":0.048,""xRuns"":1.606,""xWicket"":0.024,""risk"":0.557,""control"":0.575}"
754,7,3,1,30,27,37,2,0,,TRUE,FALSE,,,,lofted,mid_on_inside,"{""phase"":""powerplay"",""score"":""36/0"",""crr"":11.37,""rrr"":"""",""pressure"":0.051,""xRuns"":1.721,""xWicket"":0.027,""risk"":0.637,""control"":0.552}"
755,7,3,2,30,27,37,2,0,,TRUE,FALSE,,,,sweep,fine_leg,"{""phase"":""powerplay"",""score"":""38/0"",""crr"":11.4,""rrr"":"""",""pressure"":0.054,""xRuns"":1.719,""xWicket"":0.027,""risk"":0.639,""control"":0.613}"
756,7,3,3,30,27,37,4,0,,TRUE,FALSE,,,,on_drive,mid_on_inside,"{""phase"":""powerplay"",""score"":""42/0"",""crr"":12.0,""rrr"":"""",""pressure"":0.057,""xRuns"":1.718,""xWicket"":0.028,""risk"":0.79,""control"":0.583}"
757,7,3,4,30,27,37,1,0,,TRUE,FALSE,,,,paddle_sweep,silly_mid_wicket,"{""phase"":""powerplay"",""score"":""43/0"",""crr"":11.73,""rrr"":"""",""pressure"":0.059,""xRuns"":1.717,""xWicket"":0.028,""risk"":0.641,""control"":0.66}"
758,7,3,5,27,30,37,0,0,,TRUE,FALSE,,,,ramp,deep_extra_cover,"{""phase"":""powerplay"",""score"":""43/0"",""crr"":11.22,""rrr"":"""",""pressure"":0.062,""xRuns"":1.647,""xWicket"":0.021,""risk"":0.564,""control"":0.577}"
759,7,3,6,27,30,37,0,1,wide,FALSE,FALSE,,,,lofted,mid_on_inside,"{""phase"":""powerplay"",""score"":""44/0"",""crr"":11.48,""rrr"":"""",""pressure"":0.065,""xRuns"":1.646,""xWicket"":0.006,""risk"":0.565,""control"":0.598}"
760,7,3,6,27,30,37,0,0,,TRUE,FALSE,,,,hook,point_inside,"{""phase"":""powerplay"",""score"":""44/0"",""crr"":11.0,""rrr"":"""",""pressure"":0.065,""xRuns"":1.646,""xWicket"":0.021,""risk"":0.565,""control"":0.535}"
761,7,4,1,30,27,39,0,0,,TRUE,FALSE,,,,flick,mid_on_inside,"{""phase"":""powerplay"",""score"":""44/0"",""crr"":10.56,""rrr"":"""",""pressure"":0.068,""xRuns"":1.733,""xWicket"":0.026,""risk"":0.645,""control"":0.561}"
762,7,4,2,30,27,39,0,0,,TRUE,FALSE,,,,slog,square_leg_inside,"{""phase"":""powerplay"",""score"":""44/0"",""crr"":10.15,""rrr"":"""",""pressure"":0.071,""xRuns"":1.731,""xWicket"":0.026,""risk"":0.646,""control"":0.64}"
763,7,4,3,30,27,39,3,0,,TRUE,FALSE,,,,straight_drive,silly_mid_on,"{""phase"":""powerplay"",""score"":""47/0"",""crr"":10.44,""rrr"":"""",""pressure"":0.074,""xRuns"":1.73,""xWicket"":0.026,""risk"":0.648,""control"":0.546}"
764,7,4,4,27,30,39,0,0,,TRUE,FALSE,,,,straight_drive,mid_on_area,"{""phase"":""powerplay"",""score"":""47/0"",""crr"":10.07,""rrr"":"""",""pressure"":0.077,""xRuns"":1.66,""xWicket"":0.019,""risk"":0.57,""control"":0.56}"
765,7,4,5,27,30,39,6,0,,TRUE,FALSE,,,,sweep,fine_leg,"{""phase"":""powerplay"",""score"":""53/0"",""crr"":10.97,""rrr"":"""",""pressure"":0.079,""xRuns"":1.659,""xWicket"":0.02,""risk"":0.721,""control"":0.518}"
766,7,4,6,27,30,39,1,0,,TRUE,FALSE,,,,clip,silly_mid_on,"{""phase"":""powerplay"",""score"":""54/0"",""crr"":10.8,""rrr"":"""",""pressure"":0.082,""xRuns"":1.658,""xWicket"":0.02,""risk"":0.573,""control"":0.518}"
767,7,5,1,27,30,42,1,0,,TRUE,FALSE,,,,lofted_drive,long_on,"{""phase"":""powerplay"",""score"":""55/0"",""crr"":10.65,""rrr"":"""",""pressure"":0.085,""xRuns"":1.704,""xWicket"":0.015,""risk"":0.574,""control"":0.587}"
768,7,5,2,30,27,42,0,0,,TRUE,FALSE,,,,ramp,point_inside,"{""phase"":""powerplay"",""score"":""55/0"",""crr"":10.31,""rrr"":"""",""pressure"":0.088,""xRuns"":1.772,""xWicket"":0.023,""risk"":0.654,""control"":0.652}"
769,7,5,3,30,27,42,0,0,,TRUE,TRUE,caught,30,Kartik Shukla,defence,third_point,"{""phase"":""powerplay"",""score"":""55/0"",""crr"":10.0,""rrr"":"""",""pressure"":0.091,""xRuns"":1.771,""xWicket"":0.023,""risk"":0.655,""control"":0.599}"
770,7,5,4,26,27,42,4,0,,TRUE,FALSE,,,,clip,fine_leg,"{""phase"":""powerplay"",""score"":""59/1"",""crr"":10.41,""rrr"":"""",""pressure"":0.12,""xRuns"":1.553,""xWicket"":0.01,""risk"":0.597,""control"":0.548}"
771,7,5,5,26,27,42,1,0,,TRUE,FALSE,,,,square_cut,short_leg,"{""phase"":""powerplay"",""score"":""60/1"",""crr"":10.29,""rrr"":"""",""pressure"":0.122,""xRuns"":1.552,""xWicket"":0.01,""risk"":0.448,""control"":0.55}"
772,7,5,6,27,26,42,4,0,,TRUE,FALSE,,,,defence,point_inside,"{""phase"":""powerplay"",""score"":""64/1"",""crr"":10.67,""rrr"":"""",""pressure"":0.125,""xRuns"":1.688,""xWicket"":0.017,""risk"":0.742,""control"":0.599}"
773,7,6,1,26,27,44,0,1,wide,FALSE,FALSE,,,,straight_drive,silly_mid_wicket,"{""phase"":""middle"",""score"":""65/1"",""crr"":10.83,""rrr"":"""",""pressure"":0.128,""xRuns"":1.292,""xWicket"":0.006,""risk"":0.45,""control"":0.557}"
774,7,6,1,26,27,44,2,0,,TRUE,FALSE,,,,upper_cut,silly_mid_wicket,"{""phase"":""middle"",""score"":""67/1"",""crr"":10.86,""rrr"":"""",""pressure"":0.128,""xRuns"":1.292,""xWicket"":0.035,""risk"":0.45,""control"":0.435}"
775,7,6,2,26,27,44,0,0,,TRUE,FALSE,,,,hook,third_point,"{""phase"":""middle"",""score"":""67/1"",""crr"":10.58,""rrr"":"""",""pressure"":0.131,""xRuns"":1.291,""xWicket"":0.035,""risk"":0.452,""control"":0.425}"
776,7,6,3,26,27,44,2,0,,TRUE,FALSE,,,,ramp,third_point,"{""phase"":""middle"",""score"":""69/1"",""crr"":10.62,""rrr"":"""",""pressure"":0.134,""xRuns"":1.29,""xWicket"":0.035,""risk"":0.453,""control"":0.441}"
777,7,6,4,26,27,44,2,0,,TRUE,FALSE,,,,lofted_drive,fine_leg,"{""phase"":""middle"",""score"":""71/1"",""crr"":10.65,""rrr"":"""",""pressure"":0.137,""xRuns"":1.289,""xWicket"":0.035,""risk"":0.455,""control"":0.426}"
778,7,6,5,26,27,44,0,0,,TRUE,FALSE,,,,reverse_sweep,fine_leg_inside,"{""phase"":""middle"",""score"":""71/1"",""crr"":10.39,""rrr"":"""",""pressure"":0.139,""xRuns"":1.288,""xWicket"":0.035,""risk"":0.455,""control"":0.55}"
779,7,6,6,26,27,44,3,0,,TRUE,FALSE,,,,drive,square_leg_inside,"{""phase"":""middle"",""score"":""74/1"",""crr"":10.57,""rrr"":"""",""pressure"":0.142,""xRuns"":1.286,""xWicket"":0.035,""risk"":0.457,""control"":0.437}"
780,7,7,1,26,27,38,1,0,,TRUE,FALSE,,,,sweep,short_leg,"{""phase"":""middle"",""score"":""75/1"",""crr"":10.47,""rrr"":"""",""pressure"":0.145,""xRuns"":1.304,""xWicket"":0.033,""risk"":0.458,""control"":0.44}"
781,7,7,2,27,26,38,2,0,,TRUE,FALSE,,,,drive,straight_inside,"{""phase"":""middle"",""score"":""77/1"",""crr"":10.5,""rrr"":"""",""pressure"":0.148,""xRuns"":1.44,""xWicket"":0.041,""risk"":0.602,""control"":0.459}"
782,7,7,3,27,26,38,1,0,,TRUE,FALSE,,,,on_drive,cover_point_inside,"{""phase"":""middle"",""score"":""78/1"",""crr"":10.4,""rrr"":"""",""pressure"":0.151,""xRuns"":1.439,""xWicket"":0.041,""risk"":0.604,""control"":0.442}"
783,7,7,4,26,27,38,0,0,,TRUE,FALSE,,,,cut,point_inside,"{""phase"":""middle"",""score"":""78/1"",""crr"":10.17,""rrr"":"""",""pressure"":0.153,""xRuns"":1.301,""xWicket"":0.034,""risk"":0.462,""control"":0.431}"
784,7,7,5,26,27,38,2,0,,TRUE,FALSE,,,,ramp,cover_point_inside,"{""phase"":""middle"",""score"":""80/1"",""crr"":10.21,""rrr"":"""",""pressure"":0.156,""xRuns"":1.3,""xWicket"":0.034,""risk"":0.463,""control"":0.564}"
785,7,7,6,26,27,38,1,0,,TRUE,FALSE,,,,paddle_sweep,mid_off,"{""phase"":""middle"",""score"":""81/1"",""crr"":10.12,""rrr"":"""",""pressure"":0.159,""xRuns"":1.298,""xWicket"":0.034,""risk"":0.464,""control"":0.444}"
786,7,8,1,26,27,40,0,0,,TRUE,FALSE,,,,cover_drive,cover_point_inside,"{""phase"":""middle"",""score"":""81/1"",""crr"":9.92,""rrr"":"""",""pressure"":0.162,""xRuns"":1.421,""xWicket"":0.022,""risk"":0.466,""control"":0.63}"
787,7,8,2,26,27,40,0,0,,TRUE,FALSE,,,,slog,deep_cover,"{""phase"":""middle"",""score"":""81/1"",""crr"":9.72,""rrr"":"""",""pressure"":0.165,""xRuns"":1.42,""xWicket"":0.023,""risk"":0.467,""control"":0.479}"
788,7,8,3,26,27,40,2,0,,TRUE,FALSE,,,,scoop,cover_point_inside,"{""phase"":""middle"",""score"":""83/1"",""crr"":9.76,""rrr"":"""",""pressure"":0.168,""xRuns"":1.418,""xWicket"":0.023,""risk"":0.468,""control"":0.594}"
789,7,8,4,26,27,40,0,0,,TRUE,FALSE,,,,on_drive,deep_extra_cover,"{""phase"":""middle"",""score"":""83/1"",""crr"":9.58,""rrr"":"""",""pressure"":0.171,""xRuns"":1.417,""xWicket"":0.023,""risk"":0.47,""control"":0.552}"
790,7,8,5,26,27,40,2,0,,TRUE,FALSE,,,,reverse_sweep,mid_on_inside,"{""phase"":""middle"",""score"":""85/1"",""crr"":9.62,""rrr"":"""",""pressure"":0.173,""xRuns"":1.416,""xWicket"":0.023,""risk"":0.471,""control"":0.507}"
791,7,8,6,26,27,40,1,0,,TRUE,FALSE,,,,clip,deep_square_leg,"{""phase"":""middle"",""score"":""86/1"",""crr"":9.56,""rrr"":"""",""pressure"":0.176,""xRuns"":1.415,""xWicket"":0.023,""risk"":0.472,""control"":0.482}"
792,7,9,1,26,27,37,0,0,,TRUE,FALSE,,,,drive,deep_extra_cover,"{""phase"":""middle"",""score"":""86/1"",""crr"":9.38,""rrr"":"""",""pressure"":0.179,""xRuns"":1.461,""xWicket"":0.019,""risk"":0.473,""control"":0.569}"
793,7,9,2,26,27,37,1,0,,TRUE,FALSE,,,,slog,fine_leg_inside,"{""phase"":""middle"",""score"":""87/1"",""crr"":9.32,""rrr"":"""",""pressure"":0.182,""xRuns"":1.46,""xWicket"":0.019,""risk"":0.475,""control"":0.501}"
794,7,9,3,27,26,37,0,0,,TRUE,FALSE,,,,lofted_drive,deep_cover,"{""phase"":""middle"",""score"":""87/1"",""crr"":9.16,""rrr"":"""",""pressure"":0.185,""xRuns"":1.596,""xWicket"":0.026,""risk"":0.619,""control"":0.66}"
795,7,9,4,27,26,37,0,0,,TRUE,FALSE,,,,slog,mid_on_inside,"{""phase"":""middle"",""score"":""87/1"",""crr"":9.0,""rrr"":"""",""pressure"":0.188,""xRuns"":1.594,""xWicket"":0.026,""risk"":0.62,""control"":0.582}"
796,7,9,5,27,26,37,0,0,,TRUE,FALSE,,,,flick,third_point,"{""phase"":""middle"",""score"":""87/1"",""crr"":8.85,""rrr"":"""",""pressure"":0.19,""xRuns"":1.594,""xWicket"":0.026,""risk"":0.621,""control"":0.514}"
797,7,9,6,27,26,37,1,0,,TRUE,FALSE,,,,lofted,deep_square_leg,"{""phase"":""middle"",""score"":""88/1"",""crr"":8.8,""rrr"":"""",""pressure"":0.193,""xRuns"":1.592,""xWicket"":0.026,""risk"":0.623,""control"":0.571}"
798,7,10,1,27,26,39,1,0,,TRUE,FALSE,,,,pull,long_off,"{""phase"":""middle"",""score"":""89/1"",""crr"":8.75,""rrr"":"""",""pressure"":0.196,""xRuns"":1.61,""xWicket"":0.025,""risk"":0.624,""control"":0.627}"
799,7,10,2,26,27,39,0,0,,TRUE,FALSE,,,,ramp,cover_inside,"{""phase"":""middle"",""score"":""89/1"",""crr"":8.61,""rrr"":"""",""pressure"":0.199,""xRuns"":1.472,""xWicket"":0.018,""risk"":0.482,""control"":0.586}"
800,7,10,3,26,27,39,2,0,,TRUE,FALSE,,,,clip,long_on,"{""phase"":""middle"",""score"":""91/1"",""crr"":8.67,""rrr"":"""",""pressure"":0.202,""xRuns"":1.471,""xWicket"":0.018,""risk"":0.484,""control"":0.533}"
801,7,10,4,26,27,39,1,0,,TRUE,FALSE,,,,pull,deep_cover,"{""phase"":""middle"",""score"":""92/1"",""crr"":8.62,""rrr"":"""",""pressure"":0.205,""xRuns"":1.47,""xWicket"":0.018,""risk"":0.485,""control"":0.64}"
802,7,10,5,27,26,39,6,0,,TRUE,FALSE,,,,flick,long_off,"{""phase"":""middle"",""score"":""98/1"",""crr"":9.05,""rrr"":"""",""pressure"":0.207,""xRuns"":1.605,""xWicket"":0.025,""risk"":0.779,""control"":0.654}"
803,7,10,6,27,26,39,2,0,,TRUE,FALSE,,,,cut,straight_inside,"{""phase"":""middle"",""score"":""100/1"",""crr"":9.09,""rrr"":"""",""pressure"":0.21,""xRuns"":1.604,""xWicket"":0.025,""risk"":0.63,""control"":0.532}"
804,7,11,1,26,27,42,1,0,,TRUE,FALSE,,,,ramp,point_inside,"{""phase"":""middle"",""score"":""101/1"",""crr"":9.04,""rrr"":"""",""pressure"":0.213,""xRuns"":1.514,""xWicket"":0.014,""risk"":0.489,""control"":0.567}"
805,7,11,2,27,26,42,4,0,,TRUE,FALSE,,,,late_cut,fine_leg,"{""phase"":""middle"",""score"":""105/1"",""crr"":9.26,""rrr"":"""",""pressure"":0.216,""xRuns"":1.649,""xWicket"":0.021,""risk"":0.783,""control"":0.622}"
806,7,11,3,27,26,42,0,2,leg_bye,TRUE,FALSE,,,,reverse_sweep,fine_leg,"{""phase"":""middle"",""score"":""107/1"",""crr"":9.3,""rrr"":"""",""pressure"":0.219,""xRuns"":1.648,""xWicket"":0.021,""risk"":0.634,""control"":0.635}"
807,7,11,4,27,26,42,0,0,,TRUE,FALSE,,,,lofted,deep_cover,"{""phase"":""middle"",""score"":""107/1"",""crr"":9.17,""rrr"":"""",""pressure"":0.222,""xRuns"":1.647,""xWicket"":0.021,""risk"":0.636,""control"":0.599}"
808,7,11,5,27,26,42,0,0,,TRUE,FALSE,,,,drive,deep_extra_cover,"{""phase"":""middle"",""score"":""107/1"",""crr"":9.04,""rrr"":"""",""pressure"":0.224,""xRuns"":1.646,""xWicket"":0.021,""risk"":0.637,""control"":0.605}"
809,7,11,6,27,26,42,1,0,,TRUE,FALSE,,,,ramp,straight_inside,"{""phase"":""middle"",""score"":""108/1"",""crr"":9.0,""rrr"":"""",""pressure"":0.227,""xRuns"":1.645,""xWicket"":0.022,""risk"":0.638,""control"":0.591}"
810,7,12,1,27,26,44,4,0,,TRUE,FALSE,,,,late_cut,deep_square_leg,"{""phase"":""middle"",""score"":""112/1"",""crr"":9.21,""rrr"":"""",""pressure"":0.23,""xRuns"":1.386,""xWicket"":0.046,""risk"":0.789,""control"":0.474}"
811,7,12,2,27,26,44,1,0,,TRUE,FALSE,,,,square_cut,long_on,"{""phase"":""middle"",""score"":""113/1"",""crr"":9.16,""rrr"":"""",""pressure"":0.233,""xRuns"":1.385,""xWicket"":0.046,""risk"":0.641,""control"":0.479}"
812,7,12,3,26,27,44,0,0,,TRUE,FALSE,,,,lofted,long_off,"{""phase"":""middle"",""score"":""113/1"",""crr"":9.04,""rrr"":"""",""pressure"":0.236,""xRuns"":1.247,""xWicket"":0.039,""risk"":0.499,""control"":0.432}"
813,7,12,4,26,27,44,2,0,,TRUE,TRUE,caught,26,Ayaan Qureshi,drive,mid_on_inside,"{""phase"":""middle"",""score"":""115/1"",""crr"":9.08,""rrr"":"""",""pressure"":0.239,""xRuns"":1.246,""xWicket"":0.04,""risk"":0.5,""control"":0.538}"
814,7,12,5,17,27,44,2,0,,TRUE,FALSE,,,,sweep,deep_extra_cover,"{""phase"":""middle"",""score"":""117/2"",""crr"":9.12,""rrr"":"""",""pressure"":0.267,""xRuns"":1.41,""xWicket"":0.057,""risk"":0.727,""control"":0.491}"
815,7,12,6,17,27,44,0,1,wide,FALSE,FALSE,,,,lofted,short_leg,"{""phase"":""middle"",""score"":""118/2"",""crr"":9.19,""rrr"":"""",""pressure"":0.27,""xRuns"":1.408,""xWicket"":0.006,""risk"":0.729,""control"":0.448}"
816,7,12,6,17,27,44,0,0,,TRUE,FALSE,,,,ramp,deep_cover,"{""phase"":""middle"",""score"":""118/2"",""crr"":9.08,""rrr"":"""",""pressure"":0.27,""xRuns"":1.408,""xWicket"":0.057,""risk"":0.729,""control"":0.506}"
817,7,13,1,27,17,38,2,0,,TRUE,FALSE,,,,slog,silly_mid_wicket,"{""phase"":""middle"",""score"":""120/2"",""crr"":9.11,""rrr"":"""",""pressure"":0.273,""xRuns"":1.387,""xWicket"":0.046,""risk"":0.659,""control"":0.489}"
818,7,13,2,27,17,38,1,0,,TRUE,TRUE,lbw,27,,cut,cover_point_inside,"{""phase"":""middle"",""score"":""121/2"",""crr"":9.07,""rrr"":"""",""pressure"":0.276,""xRuns"":1.386,""xWicket"":0.047,""risk"":0.66,""control"":0.52}"
819,7,13,3,17,19,38,0,0,,TRUE,FALSE,,,,glance,fine_leg,"{""phase"":""middle"",""score"":""121/3"",""crr"":8.96,""rrr"":"""",""pressure"":0.305,""xRuns"":1.413,""xWicket"":0.057,""risk"":0.744,""control"":0.438}"
820,7,13,4,17,19,38,2,0,,TRUE,FALSE,,,,paddle_sweep,silly_point,"{""phase"":""middle"",""score"":""123/3"",""crr"":9.0,""rrr"":"""",""pressure"":0.308,""xRuns"":1.412,""xWicket"":0.057,""risk"":0.746,""control"":0.506}"
821,7,13,5,17,19,38,1,0,,TRUE,FALSE,,,,cut,silly_mid_wicket,"{""phase"":""middle"",""score"":""124/3"",""crr"":8.96,""rrr"":"""",""pressure"":0.31,""xRuns"":1.411,""xWicket"":0.057,""risk"":0.747,""control"":0.461}"
822,7,13,6,19,17,38,1,0,,TRUE,FALSE,,,,lofted_drive,cover_point_inside,"{""phase"":""middle"",""score"":""125/3"",""crr"":8.93,""rrr"":"""",""pressure"":0.313,""xRuns"":1.247,""xWicket"":0.045,""risk"":0.562,""control"":0.468}"
823,7,14,1,19,17,40,4,0,,TRUE,FALSE,,,,square_cut,mid_off,"{""phase"":""middle"",""score"":""129/3"",""crr"":9.11,""rrr"":"""",""pressure"":0.316,""xRuns"":1.37,""xWicket"":0.033,""risk"":0.714,""control"":0.613}"
824,7,14,2,19,17,40,1,0,,TRUE,FALSE,,,,flick,deep_cover,"{""phase"":""middle"",""score"":""130/3"",""crr"":9.07,""rrr"":"""",""pressure"":0.319,""xRuns"":1.368,""xWicket"":0.033,""risk"":0.565,""control"":0.607}"
825,7,14,3,17,19,40,0,0,,TRUE,FALSE,,,,ramp,mid_on_area,"{""phase"":""middle"",""score"":""130/3"",""crr"":8.97,""rrr"":"""",""pressure"":0.322,""xRuns"":1.529,""xWicket"":0.046,""risk"":0.752,""control"":0.62}"
826,7,14,4,17,19,40,1,0,,TRUE,FALSE,,,,paddle_sweep,long_off,"{""phase"":""middle"",""score"":""131/3"",""crr"":8.93,""rrr"":"""",""pressure"":0.325,""xRuns"":1.528,""xWicket"":0.046,""risk"":0.753,""control"":0.476}"
827,7,14,5,19,17,40,1,0,,TRUE,FALSE,,,,straight_drive,fine_leg_inside,"{""phase"":""middle"",""score"":""132/3"",""crr"":8.9,""rrr"":"""",""pressure"":0.327,""xRuns"":1.365,""xWicket"":0.034,""risk"":0.569,""control"":0.596}"
828,7,14,6,17,19,40,1,0,,TRUE,FALSE,,,,lofted_drive,square_leg_inside,"{""phase"":""middle"",""score"":""133/3"",""crr"":8.87,""rrr"":"""",""pressure"":0.33,""xRuns"":1.526,""xWicket"":0.046,""risk"":0.756,""control"":0.47}"
829,7,15,1,17,19,37,0,0,,TRUE,FALSE,,,,scoop,silly_mid_on,"{""phase"":""death"",""score"":""133/3"",""crr"":8.77,""rrr"":"""",""pressure"":0.333,""xRuns"":1.572,""xWicket"":0.059,""risk"":0.757,""control"":0.514}"
830,7,15,2,17,19,37,1,0,,TRUE,FALSE,,,,drive,long_on,"{""phase"":""death"",""score"":""134/3"",""crr"":8.74,""rrr"":"""",""pressure"":0.336,""xRuns"":1.571,""xWicket"":0.06,""risk"":0.758,""control"":0.545}"
831,7,15,3,19,17,37,0,0,,TRUE,FALSE,,,,flick,mid_off,"{""phase"":""death"",""score"":""134/3"",""crr"":8.65,""rrr"":"""",""pressure"":0.339,""xRuns"":1.407,""xWicket"":0.048,""risk"":0.574,""control"":0.526}"
832,7,15,4,19,17,37,0,0,,TRUE,FALSE,,,,lofted_drive,cover_inside,"{""phase"":""death"",""score"":""134/3"",""crr"":8.55,""rrr"":"""",""pressure"":0.342,""xRuns"":1.406,""xWicket"":0.048,""risk"":0.575,""control"":0.621}"
833,7,15,5,19,17,37,1,0,,TRUE,FALSE,,,,sweep,mid_off,"{""phase"":""death"",""score"":""135/3"",""crr"":8.53,""rrr"":"""",""pressure"":0.344,""xRuns"":1.405,""xWicket"":0.048,""risk"":0.576,""control"":0.562}"
834,7,15,6,17,19,37,0,0,,TRUE,FALSE,,,,flick,straight_inside,"{""phase"":""death"",""score"":""135/3"",""crr"":8.44,""rrr"":"""",""pressure"":0.347,""xRuns"":1.567,""xWicket"":0.06,""risk"":0.763,""control"":0.619}"
835,7,16,1,19,17,37,4,0,,TRUE,FALSE,,,,slog,long_off,"{""phase"":""death"",""score"":""139/3"",""crr"":8.6,""rrr"":"""",""pressure"":0.35,""xRuns"":1.403,""xWicket"":0.048,""risk"":0.729,""control"":0.588}"
836,7,16,2,19,17,37,0,1,wide,FALSE,FALSE,,,,slog,silly_mid_on,"{""phase"":""death"",""score"":""140/3"",""crr"":8.66,""rrr"":"""",""pressure"":0.353,""xRuns"":1.402,""xWicket"":0.006,""risk"":0.58,""control"":0.593}"
837,7,16,2,19,17,37,1,0,,TRUE,FALSE,,,,sweep,deep_square_leg,"{""phase"":""death"",""score"":""141/3"",""crr"":8.63,""rrr"":"""",""pressure"":0.353,""xRuns"":1.402,""xWicket"":0.048,""risk"":0.58,""control"":0.643}"
838,7,16,3,17,19,37,1,0,,TRUE,FALSE,,,,glance,silly_point,"{""phase"":""death"",""score"":""142/3"",""crr"":8.61,""rrr"":"""",""pressure"":0.356,""xRuns"":1.563,""xWicket"":0.061,""risk"":0.767,""control"":0.56}"
839,7,16,4,19,17,37,1,0,,TRUE,FALSE,,,,ramp,straight_inside,"{""phase"":""death"",""score"":""143/3"",""crr"":8.58,""rrr"":"""",""pressure"":0.359,""xRuns"":1.399,""xWicket"":0.049,""risk"":0.583,""control"":0.577}"
840,7,16,5,17,19,37,6,0,,TRUE,FALSE,,,,straight_drive,deep_extra_cover,"{""phase"":""death"",""score"":""149/3"",""crr"":8.85,""rrr"":"""",""pressure"":0.361,""xRuns"":1.561,""xWicket"":0.061,""risk"":0.92,""control"":0.619}"
841,7,16,6,17,19,37,4,0,,TRUE,FALSE,,,,clip,straight_inside,"{""phase"":""death"",""score"":""153/3"",""crr"":9.0,""rrr"":"""",""pressure"":0.364,""xRuns"":1.559,""xWicket"":0.061,""risk"":0.921,""control"":0.631}"
842,7,17,1,19,17,38,1,0,,TRUE,FALSE,,,,clip,deep_extra_cover,"{""phase"":""death"",""score"":""154/3"",""crr"":8.97,""rrr"":"""",""pressure"":0.367,""xRuns"":1.224,""xWicket"":0.065,""risk"":0.587,""control"":0.489}"
843,7,17,2,17,19,38,1,0,,TRUE,FALSE,,,,reverse_sweep,silly_mid_wicket,"{""phase"":""death"",""score"":""155/3"",""crr"":8.94,""rrr"":"""",""pressure"":0.37,""xRuns"":1.386,""xWicket"":0.078,""risk"":0.774,""control"":0.567}"
844,7,17,3,19,17,38,2,0,,TRUE,FALSE,,,,scoop,silly_point,"{""phase"":""death"",""score"":""157/3"",""crr"":8.97,""rrr"":"""",""pressure"":0.373,""xRuns"":1.222,""xWicket"":0.066,""risk"":0.589,""control"":0.457}"
845,7,17,4,19,17,38,0,0,,TRUE,FALSE,,,,lofted,fine_leg_inside,"{""phase"":""death"",""score"":""157/3"",""crr"":8.89,""rrr"":"""",""pressure"":0.376,""xRuns"":1.22,""xWicket"":0.066,""risk"":0.591,""control"":0.475}"
846,7,17,5,19,17,38,1,0,,TRUE,FALSE,,,,cut,straight_inside,"{""phase"":""death"",""score"":""158/3"",""crr"":8.86,""rrr"":"""",""pressure"":0.378,""xRuns"":1.22,""xWicket"":0.066,""risk"":0.592,""control"":0.428}"
847,7,17,6,17,19,38,0,0,,TRUE,FALSE,,,,lofted,cover_point_inside,"{""phase"":""death"",""score"":""158/3"",""crr"":8.78,""rrr"":"""",""pressure"":0.381,""xRuns"":1.381,""xWicket"":0.078,""risk"":0.779,""control"":0.508}"
848,7,18,1,19,17,39,3,0,,TRUE,FALSE,,,,paddle_sweep,long_off,"{""phase"":""death"",""score"":""161/3"",""crr"":8.86,""rrr"":"""",""pressure"":0.384,""xRuns"":1.408,""xWicket"":0.048,""risk"":0.594,""control"":0.621}"
849,7,18,2,17,19,39,4,0,,TRUE,FALSE,,,,drive,mid_on_area,"{""phase"":""death"",""score"":""165/3"",""crr"":9.0,""rrr"":"""",""pressure"":0.387,""xRuns"":1.569,""xWicket"":0.06,""risk"":0.931,""control"":0.638}"
850,7,18,3,17,19,39,1,0,,TRUE,FALSE,,,,on_drive,silly_mid_on,"{""phase"":""death"",""score"":""166/3"",""crr"":8.97,""rrr"":"""",""pressure"":0.39,""xRuns"":1.568,""xWicket"":0.06,""risk"":0.783,""control"":0.602}"
851,7,18,4,19,17,39,0,0,,TRUE,FALSE,,,,glance,silly_point,"{""phase"":""death"",""score"":""166/3"",""crr"":8.89,""rrr"":"""",""pressure"":0.393,""xRuns"":1.404,""xWicket"":0.048,""risk"":0.598,""control"":0.522}"
852,7,18,5,19,17,39,3,0,,TRUE,FALSE,,,,drive,deep_extra_cover,"{""phase"":""death"",""score"":""169/3"",""crr"":8.97,""rrr"":"""",""pressure"":0.395,""xRuns"":1.403,""xWicket"":0.049,""risk"":0.599,""control"":0.557}"
853,7,18,6,17,19,39,4,0,,TRUE,FALSE,,,,clip,fine_leg,"{""phase"":""death"",""score"":""173/3"",""crr"":9.11,""rrr"":"""",""pressure"":0.398,""xRuns"":1.564,""xWicket"":0.061,""risk"":0.936,""control"":0.625}"
854,7,19,1,19,17,39,0,1,wide,FALSE,FALSE,,,,glance,deep_extra_cover,"{""phase"":""death"",""score"":""174/3"",""crr"":9.16,""rrr"":"""",""pressure"":0.401,""xRuns"":1.4,""xWicket"":0.006,""risk"":0.602,""control"":0.579}"
855,7,19,1,19,17,39,1,0,,TRUE,FALSE,,,,hook,square_leg_inside,"{""phase"":""death"",""score"":""175/3"",""crr"":9.13,""rrr"":"""",""pressure"":0.401,""xRuns"":1.4,""xWicket"":0.049,""risk"":0.602,""control"":0.626}"
856,7,19,2,17,19,39,2,0,,TRUE,TRUE,hit_wicket,17,,sweep,short_leg,"{""phase"":""death"",""score"":""177/3"",""crr"":9.16,""rrr"":"""",""pressure"":0.404,""xRuns"":1.562,""xWicket"":0.061,""risk"":0.789,""control"":0.644}"
857,7,19,3,21,19,39,1,0,,TRUE,FALSE,,,,glance,silly_mid_wicket,"{""phase"":""death"",""score"":""178/4"",""crr"":9.13,""rrr"":"""",""pressure"":0.433,""xRuns"":1.272,""xWicket"":0.055,""risk"":0.552,""control"":0.566}"
858,7,19,4,19,21,39,0,1,bye,TRUE,FALSE,,,,pull,mid_on_inside,"{""phase"":""death"",""score"":""179/4"",""crr"":9.1,""rrr"":"""",""pressure"":0.435,""xRuns"":1.386,""xWicket"":0.05,""risk"":0.617,""control"":0.541}"
859,7,19,5,21,19,39,2,0,,TRUE,FALSE,,,,square_cut,deep_extra_cover,"{""phase"":""death"",""score"":""181/4"",""crr"":9.13,""rrr"":"""",""pressure"":0.438,""xRuns"":1.27,""xWicket"":0.055,""risk"":0.554,""control"":0.596}"
860,7,19,6,21,19,39,2,0,,TRUE,FALSE,,,,straight_drive,short_leg,"{""phase"":""death"",""score"":""183/4"",""crr"":9.15,""rrr"":"""",""pressure"":0.441,""xRuns"":1.269,""xWicket"":0.055,""risk"":0.556,""control"":0.595}"
861,8,0,1,36,31,29,0,0,,TRUE,FALSE,,,,hook,silly_point,"{""phase"":""powerplay"",""score"":""0/0"",""crr"":0.0,""rrr"":9.28,""pressure"":0.263,""xRuns"":1.28,""xWicket"":0.035,""risk"":0.497,""control"":0.586}"
862,8,0,2,36,31,29,2,0,,TRUE,TRUE,lbw,36,,cover_drive,silly_point,"{""phase"":""powerplay"",""score"":""2/0"",""crr"":6.0,""rrr"":9.25,""pressure"":0.268,""xRuns"":1.278,""xWicket"":0.035,""risk"":0.499,""control"":0.504}"
863,8,0,3,41,31,29,3,0,,TRUE,FALSE,,,,reverse_sweep,fine_leg_inside,"{""phase"":""powerplay"",""score"":""5/1"",""crr"":10.0,""rrr"":9.18,""pressure"":0.296,""xRuns"":1.287,""xWicket"":0.043,""risk"":0.576,""control"":0.568}"
864,8,0,4,31,41,29,0,0,,TRUE,FALSE,,,,square_cut,short_leg,"{""phase"":""powerplay"",""score"":""5/1"",""crr"":7.5,""rrr"":9.26,""pressure"":0.297,""xRuns"":1.43,""xWicket"":0.045,""risk"":0.727,""control"":0.493}"
865,8,0,5,31,41,29,0,0,,TRUE,FALSE,,,,reverse_sweep,long_off,"{""phase"":""powerplay"",""score"":""5/1"",""crr"":6.0,""rrr"":9.34,""pressure"":0.302,""xRuns"":1.428,""xWicket"":0.045,""risk"":0.729,""control"":0.441}"
866,8,0,6,31,41,29,0,0,,TRUE,FALSE,,,,cover_drive,deep_cover,"{""phase"":""powerplay"",""score"":""5/1"",""crr"":5.0,""rrr"":9.42,""pressure"":0.307,""xRuns"":1.426,""xWicket"":0.045,""risk"":0.731,""control"":0.434}"
867,8,1,1,41,31,22,4,0,,TRUE,FALSE,,,,clip,cover_point_inside,"{""phase"":""powerplay"",""score"":""9/1"",""crr"":7.71,""rrr"":9.29,""pressure"":0.312,""xRuns"":1.357,""xWicket"":0.037,""risk"":0.733,""control"":0.474}"
868,8,1,2,41,31,22,1,0,,TRUE,FALSE,,,,drive,silly_point,"{""phase"":""powerplay"",""score"":""10/1"",""crr"":7.5,""rrr"":9.32,""pressure"":0.311,""xRuns"":1.357,""xWicket"":0.037,""risk"":0.583,""control"":0.498}"
869,8,1,3,31,41,22,0,0,,TRUE,FALSE,,,,cover_drive,cover_point_inside,"{""phase"":""powerplay"",""score"":""10/1"",""crr"":6.67,""rrr"":9.41,""pressure"":0.315,""xRuns"":1.499,""xWicket"":0.038,""risk"":0.735,""control"":0.602}"
870,8,1,4,31,41,22,0,0,,TRUE,FALSE,,,,slog,point_inside,"{""phase"":""powerplay"",""score"":""10/1"",""crr"":6.0,""rrr"":9.49,""pressure"":0.32,""xRuns"":1.497,""xWicket"":0.038,""risk"":0.737,""control"":0.587}"
871,8,1,5,31,41,22,1,0,,TRUE,FALSE,,,,defence,deep_extra_cover,"{""phase"":""powerplay"",""score"":""11/1"",""crr"":6.0,""rrr"":9.52,""pressure"":0.325,""xRuns"":1.494,""xWicket"":0.039,""risk"":0.739,""control"":0.606}"
872,8,1,6,41,31,22,1,0,,TRUE,FALSE,,,,square_cut,cover_inside,"{""phase"":""powerplay"",""score"":""12/1"",""crr"":6.0,""rrr"":9.56,""pressure"":0.329,""xRuns"":1.35,""xWicket"":0.037,""risk"":0.591,""control"":0.516}"
873,8,2,1,41,31,24,0,0,,TRUE,FALSE,,,,on_drive,deep_square_leg,"{""phase"":""powerplay"",""score"":""12/1"",""crr"":5.54,""rrr"":9.64,""pressure"":0.333,""xRuns"":1.348,""xWicket"":0.038,""risk"":0.593,""control"":0.481}"
874,8,2,2,41,31,24,2,0,,TRUE,FALSE,,,,on_drive,long_on,"{""phase"":""powerplay"",""score"":""14/1"",""crr"":6.0,""rrr"":9.62,""pressure"":0.338,""xRuns"":1.346,""xWicket"":0.038,""risk"":0.595,""control"":0.52}"
875,8,2,3,41,31,24,1,0,,TRUE,FALSE,,,,late_cut,long_off,"{""phase"":""powerplay"",""score"":""15/1"",""crr"":6.0,""rrr"":9.66,""pressure"":0.341,""xRuns"":1.345,""xWicket"":0.038,""risk"":0.596,""control"":0.573}"
876,8,2,4,31,41,24,4,0,,TRUE,FALSE,,,,slog,deep_cover,"{""phase"":""powerplay"",""score"":""19/1"",""crr"":7.12,""rrr"":9.52,""pressure"":0.345,""xRuns"":1.486,""xWicket"":0.039,""risk"":0.898,""control"":0.519}"
877,8,2,5,31,41,24,0,0,,TRUE,FALSE,,,,on_drive,silly_mid_on,"{""phase"":""powerplay"",""score"":""19/1"",""crr"":6.71,""rrr"":9.61,""pressure"":0.343,""xRuns"":1.487,""xWicket"":0.039,""risk"":0.747,""control"":0.481}"
878,8,2,6,31,41,24,2,0,,TRUE,TRUE,caught,31,Omkar Mishra,clip,deep_cover,"{""phase"":""powerplay"",""score"":""21/1"",""crr"":7.0,""rrr"":9.59,""pressure"":0.349,""xRuns"":1.484,""xWicket"":0.04,""risk"":0.75,""control"":0.478}"
879,8,3,1,41,32,23,0,0,,TRUE,FALSE,,,,sweep,silly_mid_wicket,"{""phase"":""powerplay"",""score"":""21/2"",""crr"":6.63,""rrr"":9.68,""pressure"":0.377,""xRuns"":1.349,""xWicket"":0.038,""risk"":0.613,""control"":0.6}"
880,8,3,2,41,32,23,1,0,,TRUE,FALSE,,,,on_drive,deep_cover,"{""phase"":""powerplay"",""score"":""22/2"",""crr"":6.6,""rrr"":9.72,""pressure"":0.382,""xRuns"":1.347,""xWicket"":0.038,""risk"":0.615,""control"":0.5}"
881,8,3,3,32,41,23,3,0,,TRUE,FALSE,,,,pull,cover_point_inside,"{""phase"":""powerplay"",""score"":""25/2"",""crr"":7.14,""rrr"":9.64,""pressure"":0.386,""xRuns"":1.484,""xWicket"":0.045,""risk"":0.802,""control"":0.56}"
882,8,3,4,41,32,23,0,0,,TRUE,FALSE,,,,cover_drive,deep_cover,"{""phase"":""powerplay"",""score"":""25/2"",""crr"":6.82,""rrr"":9.73,""pressure"":0.387,""xRuns"":1.344,""xWicket"":0.038,""risk"":0.617,""control"":0.515}"
883,8,3,5,41,32,23,1,0,,TRUE,FALSE,,,,glance,silly_mid_on,"{""phase"":""powerplay"",""score"":""26/2"",""crr"":6.78,""rrr"":9.77,""pressure"":0.392,""xRuns"":1.342,""xWicket"":0.039,""risk"":0.619,""control"":0.575}"
884,8,3,6,32,41,23,1,0,,TRUE,FALSE,,,,drive,third_point,"{""phase"":""powerplay"",""score"":""27/2"",""crr"":6.75,""rrr"":9.81,""pressure"":0.396,""xRuns"":1.48,""xWicket"":0.046,""risk"":0.807,""control"":0.57}"
885,8,4,1,32,41,25,4,0,,TRUE,FALSE,,,,cut,long_off,"{""phase"":""powerplay"",""score"":""31/2"",""crr"":7.44,""rrr"":9.66,""pressure"":0.4,""xRuns"":1.487,""xWicket"":0.045,""risk"":0.959,""control"":0.489}"
886,8,4,2,32,41,25,1,0,,TRUE,FALSE,,,,scoop,square_leg_inside,"{""phase"":""powerplay"",""score"":""32/2"",""crr"":7.38,""rrr"":9.7,""pressure"":0.399,""xRuns"":1.488,""xWicket"":0.045,""risk"":0.808,""control"":0.466}"
887,8,4,3,41,32,25,0,0,,TRUE,FALSE,,,,lofted_drive,square_leg_inside,"{""phase"":""powerplay"",""score"":""32/2"",""crr"":7.11,""rrr"":9.81,""pressure"":0.403,""xRuns"":1.347,""xWicket"":0.038,""risk"":0.624,""control"":0.527}"
888,8,4,4,41,32,25,1,0,,TRUE,FALSE,,,,upper_cut,mid_off,"{""phase"":""powerplay"",""score"":""33/2"",""crr"":7.07,""rrr"":9.85,""pressure"":0.409,""xRuns"":1.345,""xWicket"":0.038,""risk"":0.627,""control"":0.594}"
889,8,4,5,32,41,25,0,0,,TRUE,FALSE,,,,flick,fine_leg,"{""phase"":""powerplay"",""score"":""33/2"",""crr"":6.83,""rrr"":9.96,""pressure"":0.413,""xRuns"":1.482,""xWicket"":0.045,""risk"":0.814,""control"":0.453}"
890,8,4,6,32,41,25,1,0,,TRUE,TRUE,caught,32,Pranav Joshi,on_drive,silly_mid_on,"{""phase"":""powerplay"",""score"":""34/2"",""crr"":6.8,""rrr"":10.0,""pressure"":0.419,""xRuns"":1.479,""xWicket"":0.046,""risk"":0.817,""control"":0.497}"
891,8,5,1,33,41,29,1,0,,TRUE,FALSE,,,,clip,silly_mid_on,"{""phase"":""powerplay"",""score"":""35/3"",""crr"":6.77,""rrr"":10.04,""pressure"":0.449,""xRuns"":1.077,""xWicket"":0.051,""risk"":0.545,""control"":0.372}"
892,8,5,2,41,33,29,1,0,,TRUE,TRUE,caught,41,Lakshya Goyal,clip,third_point,"{""phase"":""powerplay"",""score"":""36/3"",""crr"":6.75,""rrr"":10.09,""pressure"":0.453,""xRuns"":1.221,""xWicket"":0.05,""risk"":0.647,""control"":0.524}"
893,8,5,3,33,42,29,0,0,,TRUE,FALSE,,,,defence,fine_leg_inside,"{""phase"":""powerplay"",""score"":""36/4"",""crr"":6.55,""rrr"":10.21,""pressure"":0.483,""xRuns"":1.063,""xWicket"":0.052,""risk"":0.56,""control"":0.373}"
894,8,5,4,33,42,29,2,0,,TRUE,FALSE,,,,flick,square_leg_inside,"{""phase"":""powerplay"",""score"":""38/4"",""crr"":6.71,""rrr"":10.19,""pressure"":0.489,""xRuns"":1.06,""xWicket"":0.053,""risk"":0.563,""control"":0.472}"
895,8,5,5,33,42,29,1,0,,TRUE,FALSE,,,,lofted,deep_cover,"{""phase"":""powerplay"",""score"":""39/4"",""crr"":6.69,""rrr"":10.24,""pressure"":0.491,""xRuns"":1.059,""xWicket"":0.053,""risk"":0.564,""control"":0.398}"
896,8,5,6,42,33,29,0,0,,TRUE,FALSE,,,,cut,long_on,"{""phase"":""powerplay"",""score"":""39/4"",""crr"":6.5,""rrr"":10.36,""pressure"":0.496,""xRuns"":1.213,""xWicket"":0.058,""risk"":0.745,""control"":0.456}"
897,8,6,1,33,42,22,0,0,,TRUE,FALSE,,,,reverse_sweep,fine_leg_inside,"{""phase"":""middle"",""score"":""39/4"",""crr"":6.32,""rrr"":10.48,""pressure"":0.502,""xRuns"":1.131,""xWicket"":0.046,""risk"":0.569,""control"":0.406}"
898,8,6,2,33,42,22,1,0,,TRUE,FALSE,,,,cut,third_point,"{""phase"":""middle"",""score"":""40/4"",""crr"":6.32,""rrr"":10.54,""pressure"":0.508,""xRuns"":1.128,""xWicket"":0.046,""risk"":0.571,""control"":0.442}"
899,8,6,3,42,33,22,1,0,,TRUE,FALSE,,,,reverse_sweep,third_point,"{""phase"":""middle"",""score"":""41/4"",""crr"":6.31,""rrr"":10.59,""pressure"":0.513,""xRuns"":1.282,""xWicket"":0.051,""risk"":0.752,""control"":0.513}"
900,8,6,4,33,42,22,0,1,bye,TRUE,FALSE,,,,drive,mid_off,"{""phase"":""middle"",""score"":""42/4"",""crr"":6.3,""rrr"":10.65,""pressure"":0.517,""xRuns"":1.124,""xWicket"":0.046,""risk"":0.576,""control"":0.509}"
901,8,6,5,42,33,22,0,1,wide,FALSE,FALSE,,,,hook,silly_mid_on,"{""phase"":""middle"",""score"":""43/4"",""crr"":6.45,""rrr"":10.57,""pressure"":0.522,""xRuns"":1.279,""xWicket"":0.006,""risk"":0.756,""control"":0.494}"
902,8,6,5,42,33,22,1,0,,TRUE,FALSE,,,,sweep,silly_mid_on,"{""phase"":""middle"",""score"":""44/4"",""crr"":6.44,""rrr"":10.63,""pressure"":0.519,""xRuns"":1.28,""xWicket"":0.052,""risk"":0.755,""control"":0.483}"
903,8,6,6,33,42,22,2,0,,TRUE,FALSE,,,,ramp,silly_point,"{""phase"":""middle"",""score"":""46/4"",""crr"":6.57,""rrr"":10.62,""pressure"":0.524,""xRuns"":1.122,""xWicket"":0.047,""risk"":0.579,""control"":0.422}"
904,8,7,1,42,33,24,1,0,,TRUE,FALSE,,,,slog,square_leg_inside,"{""phase"":""middle"",""score"":""47/4"",""crr"":6.56,""rrr"":10.68,""pressure"":0.526,""xRuns"":1.277,""xWicket"":0.052,""risk"":0.758,""control"":0.54}"
905,8,7,2,33,42,24,0,0,,TRUE,TRUE,caught,33,Pranav Joshi,flick,fine_leg,"{""phase"":""middle"",""score"":""47/4"",""crr"":6.41,""rrr"":10.82,""pressure"":0.531,""xRuns"":1.119,""xWicket"":0.047,""risk"":0.582,""control"":0.414}"
906,8,7,3,44,42,24,0,0,,TRUE,FALSE,,,,paddle_sweep,short_leg,"{""phase"":""middle"",""score"":""47/5"",""crr"":6.27,""rrr"":10.96,""pressure"":0.564,""xRuns"":0.527,""xWicket"":0.116,""risk"":0.797,""control"":0}"
907,8,7,4,44,42,24,0,1,leg_bye,TRUE,FALSE,,,,scoop,deep_square_leg,"{""phase"":""middle"",""score"":""48/5"",""crr"":6.26,""rrr"":11.03,""pressure"":0.571,""xRuns"":0.524,""xWicket"":0.117,""risk"":0.8,""control"":0}"
908,8,7,5,42,44,24,1,0,,TRUE,FALSE,,,,cover_drive,mid_on_inside,"{""phase"":""middle"",""score"":""49/5"",""crr"":6.26,""rrr"":11.1,""pressure"":0.575,""xRuns"":1.256,""xWicket"":0.054,""risk"":0.78,""control"":0.541}"
909,8,7,6,44,42,24,1,0,,TRUE,TRUE,caught,44,Kiaan Bansal,on_drive,mid_off,"{""phase"":""middle"",""score"":""50/5"",""crr"":6.25,""rrr"":11.17,""pressure"":0.58,""xRuns"":0.52,""xWicket"":0.117,""risk"":0.804,""control"":0}"
910,8,8,1,38,42,23,2,0,,TRUE,FALSE,,,,upper_cut,mid_on_inside,"{""phase"":""middle"",""score"":""52/6"",""crr"":6.37,""rrr"":11.15,""pressure"":0.611,""xRuns"":0.669,""xWicket"":0.108,""risk"":0.861,""control"":0}"
911,8,8,2,38,42,23,0,1,bye,TRUE,FALSE,,,,slog,silly_point,"{""phase"":""middle"",""score"":""53/6"",""crr"":6.36,""rrr"":11.23,""pressure"":0.613,""xRuns"":0.669,""xWicket"":0.108,""risk"":0.862,""control"":0}"
912,8,8,3,42,38,23,0,0,,TRUE,FALSE,,,,scoop,fine_leg_inside,"{""phase"":""middle"",""score"":""53/6"",""crr"":6.24,""rrr"":11.39,""pressure"":0.619,""xRuns"":1.257,""xWicket"":0.054,""risk"":0.8,""control"":0.431}"
913,8,8,4,42,38,23,4,0,,TRUE,FALSE,,,,pull,deep_cover,"{""phase"":""middle"",""score"":""57/6"",""crr"":6.58,""rrr"":11.21,""pressure"":0.626,""xRuns"":1.254,""xWicket"":0.055,""risk"":0.953,""control"":0.473}"
914,8,8,5,42,38,23,1,0,,TRUE,FALSE,,,,flick,third_point,"{""phase"":""middle"",""score"":""58/6"",""crr"":6.57,""rrr"":11.28,""pressure"":0.624,""xRuns"":1.255,""xWicket"":0.054,""risk"":0.802,""control"":0.426}"
915,8,8,6,38,42,23,3,0,,TRUE,FALSE,,,,on_drive,long_off,"{""phase"":""middle"",""score"":""61/6"",""crr"":6.78,""rrr"":11.18,""pressure"":0.628,""xRuns"":0.662,""xWicket"":0.109,""risk"":0.868,""control"":0}"
916,8,9,1,38,42,25,0,0,,TRUE,FALSE,,,,cover_drive,fine_leg_inside,"{""phase"":""middle"",""score"":""61/6"",""crr"":6.65,""rrr"":11.35,""pressure"":0.628,""xRuns"":0.672,""xWicket"":0.108,""risk"":0.868,""control"":0}"
917,8,9,2,38,42,25,2,0,,TRUE,FALSE,,,,sweep,silly_point,"{""phase"":""middle"",""score"":""63/6"",""crr"":6.75,""rrr"":11.34,""pressure"":0.636,""xRuns"":0.668,""xWicket"":0.108,""risk"":0.872,""control"":0.009}"
918,8,9,3,38,42,25,2,0,,TRUE,FALSE,,,,slog,straight_inside,"{""phase"":""middle"",""score"":""65/6"",""crr"":6.84,""rrr"":11.33,""pressure"":0.639,""xRuns"":0.667,""xWicket"":0.108,""risk"":0.873,""control"":0}"
919,8,9,4,38,42,25,0,0,,TRUE,FALSE,,,,upper_cut,deep_square_leg,"{""phase"":""middle"",""score"":""65/6"",""crr"":6.72,""rrr"":11.52,""pressure"":0.641,""xRuns"":0.666,""xWicket"":0.109,""risk"":0.874,""control"":0}"
920,8,9,5,38,42,25,0,0,,TRUE,FALSE,,,,cut,mid_on_area,"{""phase"":""middle"",""score"":""65/6"",""crr"":6.61,""rrr"":11.7,""pressure"":0.649,""xRuns"":0.663,""xWicket"":0.109,""risk"":0.878,""control"":0}"
921,8,9,6,38,42,25,1,0,,TRUE,FALSE,,,,sweep,mid_on_inside,"{""phase"":""middle"",""score"":""66/6"",""crr"":6.6,""rrr"":11.8,""pressure"":0.657,""xRuns"":0.66,""xWicket"":0.109,""risk"":0.881,""control"":0}"
922,8,10,1,38,42,29,4,0,,TRUE,FALSE,,,,pull,mid_off,"{""phase"":""middle"",""score"":""70/6"",""crr"":6.89,""rrr"":11.59,""pressure"":0.663,""xRuns"":0.552,""xWicket"":0.12,""risk"":1,""control"":0}"
923,8,10,2,38,42,29,0,0,,TRUE,FALSE,,,,ramp,silly_mid_on,"{""phase"":""middle"",""score"":""70/6"",""crr"":6.77,""rrr"":11.79,""pressure"":0.66,""xRuns"":0.554,""xWicket"":0.119,""risk"":0.883,""control"":0}"
924,8,10,3,38,42,29,1,0,,TRUE,FALSE,,,,lofted_drive,short_leg,"{""phase"":""middle"",""score"":""71/6"",""crr"":6.76,""rrr"":11.89,""pressure"":0.669,""xRuns"":0.55,""xWicket"":0.12,""risk"":0.887,""control"":0}"
925,8,10,4,42,38,29,1,0,,TRUE,FALSE,,,,cover_drive,short_leg,"{""phase"":""middle"",""score"":""72/6"",""crr"":6.75,""rrr"":12.0,""pressure"":0.674,""xRuns"":1.139,""xWicket"":0.066,""risk"":0.825,""control"":0.448}"
926,8,10,5,38,42,29,1,0,,TRUE,FALSE,,,,clip,mid_on_inside,"{""phase"":""middle"",""score"":""73/6"",""crr"":6.74,""rrr"":12.11,""pressure"":0.68,""xRuns"":0.545,""xWicket"":0.12,""risk"":0.892,""control"":0}"
927,8,10,6,42,38,29,1,0,,TRUE,FALSE,,,,flick,deep_cover,"{""phase"":""middle"",""score"":""74/6"",""crr"":6.73,""rrr"":12.22,""pressure"":0.686,""xRuns"":1.134,""xWicket"":0.066,""risk"":0.83,""control"":0.403}"
928,8,11,1,42,38,22,0,0,,TRUE,FALSE,,,,upper_cut,mid_off,"{""phase"":""middle"",""score"":""74/6"",""crr"":6.63,""rrr"":12.45,""pressure"":0.692,""xRuns"":1.207,""xWicket"":0.059,""risk"":0.833,""control"":0.517}"
929,8,11,2,42,38,22,1,0,,TRUE,FALSE,,,,pull,fine_leg,"{""phase"":""middle"",""score"":""75/6"",""crr"":6.62,""rrr"":12.58,""pressure"":0.702,""xRuns"":1.203,""xWicket"":0.06,""risk"":0.837,""control"":0.47}"
930,8,11,3,38,42,22,1,0,,TRUE,FALSE,,,,on_drive,mid_off,"{""phase"":""middle"",""score"":""76/6"",""crr"":6.61,""rrr"":12.71,""pressure"":0.708,""xRuns"":0.61,""xWicket"":0.114,""risk"":0.904,""control"":0}"
931,8,11,4,42,38,22,0,0,,TRUE,FALSE,,,,scoop,cover_inside,"{""phase"":""middle"",""score"":""76/6"",""crr"":6.51,""rrr"":12.96,""pressure"":0.715,""xRuns"":1.198,""xWicket"":0.06,""risk"":0.843,""control"":0.4}"
932,8,11,5,42,38,22,0,1,wide,FALSE,FALSE,,,,cut,silly_point,"{""phase"":""middle"",""score"":""77/6"",""crr"":6.6,""rrr"":12.84,""pressure"":0.725,""xRuns"":1.193,""xWicket"":0.006,""risk"":0.848,""control"":0.409}"
933,8,11,5,42,38,22,0,0,,TRUE,FALSE,,,,hook,straight_inside,"{""phase"":""middle"",""score"":""77/6"",""crr"":6.51,""rrr"":13.1,""pressure"":0.721,""xRuns"":1.195,""xWicket"":0.061,""risk"":0.846,""control"":0.535}"
934,8,11,6,42,38,22,1,0,,TRUE,FALSE,,,,square_cut,third_point,"{""phase"":""middle"",""score"":""78/6"",""crr"":6.5,""rrr"":13.25,""pressure"":0.731,""xRuns"":1.191,""xWicket"":0.061,""risk"":0.85,""control"":0.473}"
935,8,12,1,42,38,24,0,0,,TRUE,FALSE,,,,defence,silly_mid_on,"{""phase"":""middle"",""score"":""78/6"",""crr"":6.41,""rrr"":13.53,""pressure"":0.739,""xRuns"":1.187,""xWicket"":0.061,""risk"":0.854,""control"":0.497}"
936,8,12,2,42,38,24,0,1,wide,FALSE,FALSE,,,,scoop,third_point,"{""phase"":""middle"",""score"":""79/6"",""crr"":6.49,""rrr"":13.4,""pressure"":0.749,""xRuns"":1.183,""xWicket"":0.006,""risk"":0.858,""control"":0.522}"
937,8,12,2,42,38,24,1,0,,TRUE,FALSE,,,,reverse_sweep,fine_leg,"{""phase"":""middle"",""score"":""80/6"",""crr"":6.49,""rrr"":13.57,""pressure"":0.746,""xRuns"":1.185,""xWicket"":0.062,""risk"":0.857,""control"":0.529}"
938,8,12,3,38,42,24,4,0,,TRUE,FALSE,,,,pull,fine_leg_inside,"{""phase"":""middle"",""score"":""84/6"",""crr"":6.72,""rrr"":13.33,""pressure"":0.753,""xRuns"":0.591,""xWicket"":0.116,""risk"":1,""control"":0}"
939,8,12,4,38,42,24,2,0,,TRUE,FALSE,,,,cover_drive,silly_point,"{""phase"":""middle"",""score"":""86/6"",""crr"":6.79,""rrr"":13.36,""pressure"":0.749,""xRuns"":0.592,""xWicket"":0.116,""risk"":0.923,""control"":0}"
940,8,12,5,38,42,24,2,0,,TRUE,FALSE,,,,straight_drive,third_point,"{""phase"":""middle"",""score"":""88/6"",""crr"":6.86,""rrr"":13.4,""pressure"":0.753,""xRuns"":0.591,""xWicket"":0.116,""risk"":0.925,""control"":0}"
941,8,12,6,38,42,24,0,0,,TRUE,TRUE,bowled,38,,upper_cut,silly_point,"{""phase"":""middle"",""score"":""88/6"",""crr"":6.77,""rrr"":13.71,""pressure"":0.757,""xRuns"":0.589,""xWicket"":0.117,""risk"":0.926,""control"":0}"
942,8,13,1,42,40,23,1,0,,TRUE,FALSE,,,,cover_drive,cover_inside,"{""phase"":""middle"",""score"":""89/7"",""crr"":6.76,""rrr"":13.9,""pressure"":0.795,""xRuns"":1.183,""xWicket"":0.062,""risk"":0.879,""control"":0.554}"
943,8,13,2,40,42,23,2,0,,TRUE,FALSE,,,,square_cut,long_on,"{""phase"":""middle"",""score"":""91/7"",""crr"":6.82,""rrr"":13.95,""pressure"":0.803,""xRuns"":0.687,""xWicket"":0.089,""risk"":0.79,""control"":0.176}"
944,8,13,3,40,42,23,1,0,,TRUE,FALSE,,,,reverse_sweep,long_off,"{""phase"":""middle"",""score"":""92/7"",""crr"":6.81,""rrr"":14.15,""pressure"":0.807,""xRuns"":0.685,""xWicket"":0.089,""risk"":0.792,""control"":0.201}"
945,8,13,4,42,40,23,1,0,,TRUE,FALSE,,,,scoop,silly_mid_wicket,"{""phase"":""middle"",""score"":""93/7"",""crr"":6.8,""rrr"":14.37,""pressure"":0.812,""xRuns"":1.176,""xWicket"":0.063,""risk"":0.887,""control"":0.455}"
946,8,13,5,40,42,23,0,0,,TRUE,FALSE,,,,flick,long_on,"{""phase"":""middle"",""score"":""93/7"",""crr"":6.72,""rrr"":14.76,""pressure"":0.814,""xRuns"":0.682,""xWicket"":0.089,""risk"":0.795,""control"":0.064}"
947,8,13,6,40,42,23,1,0,,TRUE,FALSE,,,,reverse_sweep,mid_on_inside,"{""phase"":""middle"",""score"":""94/7"",""crr"":6.71,""rrr"":15.0,""pressure"":0.817,""xRuns"":0.681,""xWicket"":0.089,""risk"":0.796,""control"":0.062}"
948,8,14,1,40,42,25,0,0,,TRUE,FALSE,,,,drive,deep_extra_cover,"{""phase"":""middle"",""score"":""94/7"",""crr"":6.64,""rrr"":15.43,""pressure"":0.82,""xRuns"":0.689,""xWicket"":0.089,""risk"":0.798,""control"":0.113}"
949,8,14,2,40,42,25,0,0,,TRUE,FALSE,,,,defence,third_point,"{""phase"":""middle"",""score"":""94/7"",""crr"":6.56,""rrr"":15.88,""pressure"":0.823,""xRuns"":0.688,""xWicket"":0.089,""risk"":0.799,""control"":0.156}"
950,8,14,3,40,42,25,1,0,,TRUE,FALSE,,,,hook,point_inside,"{""phase"":""middle"",""score"":""95/7"",""crr"":6.55,""rrr"":16.18,""pressure"":0.826,""xRuns"":0.686,""xWicket"":0.089,""risk"":0.8,""control"":0.158}"
951,8,14,4,42,40,25,2,0,,TRUE,FALSE,,,,paddle_sweep,mid_on_inside,"{""phase"":""middle"",""score"":""97/7"",""crr"":6.61,""rrr"":16.31,""pressure"":0.829,""xRuns"":1.178,""xWicket"":0.063,""risk"":0.894,""control"":0.496}"
952,8,14,5,42,40,25,0,0,,TRUE,FALSE,,,,lofted,mid_on_area,"{""phase"":""middle"",""score"":""97/7"",""crr"":6.54,""rrr"":16.84,""pressure"":0.831,""xRuns"":1.177,""xWicket"":0.063,""risk"":0.895,""control"":0.541}"
953,8,14,6,42,40,25,1,0,,TRUE,FALSE,,,,flick,deep_square_leg,"{""phase"":""middle"",""score"":""98/7"",""crr"":6.53,""rrr"":17.2,""pressure"":0.834,""xRuns"":1.176,""xWicket"":0.063,""risk"":0.897,""control"":0.541}"
954,8,15,1,42,40,29,6,0,,TRUE,FALSE,,,,ramp,deep_extra_cover,"{""phase"":""death"",""score"":""104/7"",""crr"":6.86,""rrr"":16.55,""pressure"":0.837,""xRuns"":1.07,""xWicket"":0.091,""risk"":1,""control"":0.387}"
955,8,15,2,42,40,29,2,0,,TRUE,FALSE,,,,ramp,third_point,"{""phase"":""death"",""score"":""106/7"",""crr"":6.91,""rrr"":16.71,""pressure"":0.84,""xRuns"":1.069,""xWicket"":0.091,""risk"":0.899,""control"":0.495}"
956,8,15,3,42,40,29,4,0,,TRUE,TRUE,bowled,42,,paddle_sweep,square_leg_inside,"{""phase"":""death"",""score"":""110/7"",""crr"":7.1,""rrr"":16.44,""pressure"":0.843,""xRuns"":1.068,""xWicket"":0.091,""risk"":1,""control"":0.399}"
957,8,15,4,37,40,29,2,0,,TRUE,FALSE,,,,glance,mid_on_area,"{""phase"":""death"",""score"":""112/8"",""crr"":7.15,""rrr"":16.62,""pressure"":0.872,""xRuns"":0.668,""xWicket"":0.135,""risk"":1,""control"":0}"
958,8,15,5,37,40,29,6,0,,TRUE,FALSE,,,,upper_cut,long_on,"{""phase"":""death"",""score"":""118/8"",""crr"":7.45,""rrr"":15.84,""pressure"":0.874,""xRuns"":0.667,""xWicket"":0.135,""risk"":1,""control"":0.086}"
959,8,15,6,37,40,29,1,0,,TRUE,FALSE,,,,cover_drive,long_on,"{""phase"":""death"",""score"":""119/8"",""crr"":7.44,""rrr"":16.25,""pressure"":0.877,""xRuns"":0.665,""xWicket"":0.135,""risk"":1,""control"":0.024}"
960,8,16,1,37,40,23,4,0,,TRUE,FALSE,,,,reverse_sweep,deep_square_leg,"{""phase"":""death"",""score"":""123/8"",""crr"":7.61,""rrr"":15.91,""pressure"":0.88,""xRuns"":0.759,""xWicket"":0.126,""risk"":1,""control"":0.135}"
961,8,16,2,37,40,23,0,0,,TRUE,FALSE,,,,lofted,deep_square_leg,"{""phase"":""death"",""score"":""123/8"",""crr"":7.53,""rrr"":16.64,""pressure"":0.883,""xRuns"":0.758,""xWicket"":0.126,""risk"":1,""control"":0.102}"
962,8,16,3,37,40,23,0,0,,TRUE,FALSE,,,,late_cut,short_leg,"{""phase"":""death"",""score"":""123/8"",""crr"":7.45,""rrr"":17.43,""pressure"":0.886,""xRuns"":0.757,""xWicket"":0.126,""risk"":1,""control"":0.063}"
963,8,16,4,37,40,23,0,0,,TRUE,FALSE,,,,square_cut,mid_on_inside,"{""phase"":""death"",""score"":""123/8"",""crr"":7.38,""rrr"":18.3,""pressure"":0.889,""xRuns"":0.756,""xWicket"":0.126,""risk"":1,""control"":0.029}"
964,8,16,5,37,40,23,0,0,,TRUE,TRUE,bowled,37,,reverse_sweep,mid_on_area,"{""phase"":""death"",""score"":""123/8"",""crr"":7.31,""rrr"":19.26,""pressure"":0.891,""xRuns"":0.755,""xWicket"":0.126,""risk"":1,""control"":0.097}"
965,8,16,6,39,40,23,0,0,,TRUE,FALSE,,,,lofted_drive,mid_on_inside,"{""phase"":""death"",""score"":""123/9"",""crr"":7.24,""rrr"":20.33,""pressure"":0.92,""xRuns"":0.688,""xWicket"":0.12,""risk"":0.914,""control"":0.12}"
966,8,17,1,40,39,22,2,0,,TRUE,FALSE,,,,paddle_sweep,square_leg_inside,"{""phase"":""death"",""score"":""125/9"",""crr"":7.28,""rrr"":20.82,""pressure"":0.923,""xRuns"":0.617,""xWicket"":0.114,""risk"":0.844,""control"":0.047}"
967,8,17,2,40,39,22,0,0,,TRUE,TRUE,caught,40,Tanush Chaturvedi,reverse_sweep,silly_mid_wicket,"{""phase"":""death"",""score"":""125/9"",""crr"":7.21,""rrr"":22.12,""pressure"":0.926,""xRuns"":0.616,""xWicket"":0.114,""risk"":0.845,""control"":0.172}"
968,9,0,1,60,46,29,1,0,,TRUE,FALSE,,,,slog,deep_extra_cover,"{""phase"":""powerplay"",""score"":""1/0"",""crr"":6.0,""rrr"":"""",""pressure"":0.0,""xRuns"":1.417,""xWicket"":0.028,""risk"":0.421,""control"":0.538}"
969,9,0,2,46,60,29,1,0,,TRUE,FALSE,,,,square_cut,long_off,"{""phase"":""powerplay"",""score"":""2/0"",""crr"":6.0,""rrr"":"""",""pressure"":0.003,""xRuns"":1.417,""xWicket"":0.029,""risk"":0.466,""control"":0.483}"
970,9,0,3,60,46,29,4,0,,TRUE,FALSE,,,,straight_drive,cover_point_inside,"{""phase"":""powerplay"",""score"":""6/0"",""crr"":12.0,""rrr"":"""",""pressure"":0.006,""xRuns"":1.414,""xWicket"":0.029,""risk"":0.574,""control"":0.438}"
971,9,0,4,60,46,29,1,0,,TRUE,FALSE,,,,clip,square_leg_inside,"{""phase"":""powerplay"",""score"":""7/0"",""crr"":10.5,""rrr"":"""",""pressure"":0.009,""xRuns"":1.413,""xWicket"":0.029,""risk"":0.425,""control"":0.534}"
972,9,0,5,46,60,29,0,0,,TRUE,FALSE,,,,flick,mid_on_inside,"{""phase"":""powerplay"",""score"":""7/0"",""crr"":8.4,""rrr"":"""",""pressure"":0.011,""xRuns"":1.414,""xWicket"":0.029,""risk"":0.469,""control"":0.478}"
973,9,0,6,46,60,29,0,0,,TRUE,FALSE,,,,hook,fine_leg,"{""phase"":""powerplay"",""score"":""7/0"",""crr"":7.0,""rrr"":"""",""pressure"":0.014,""xRuns"":1.413,""xWicket"":0.029,""risk"":0.471,""control"":0.532}"
974,9,1,1,60,46,22,0,0,,TRUE,FALSE,,,,scoop,fine_leg_inside,"{""phase"":""powerplay"",""score"":""7/0"",""crr"":6.0,""rrr"":"""",""pressure"":0.017,""xRuns"":1.486,""xWicket"":0.022,""risk"":0.429,""control"":0.487}"
975,9,1,2,60,46,22,1,0,,TRUE,FALSE,,,,square_cut,point_inside,"{""phase"":""powerplay"",""score"":""8/0"",""crr"":6.0,""rrr"":"""",""pressure"":0.02,""xRuns"":1.484,""xWicket"":0.022,""risk"":0.43,""control"":0.491}"
976,9,1,3,46,60,22,1,0,,TRUE,FALSE,,,,slog,long_on,"{""phase"":""powerplay"",""score"":""9/0"",""crr"":6.0,""rrr"":"""",""pressure"":0.023,""xRuns"":1.485,""xWicket"":0.023,""risk"":0.475,""control"":0.441}"
977,9,1,4,60,46,22,0,0,,TRUE,FALSE,,,,glance,straight_inside,"{""phase"":""powerplay"",""score"":""9/0"",""crr"":5.4,""rrr"":"""",""pressure"":0.026,""xRuns"":1.482,""xWicket"":0.022,""risk"":0.433,""control"":0.587}"
978,9,1,5,60,46,22,4,0,,TRUE,FALSE,,,,late_cut,fine_leg,"{""phase"":""powerplay"",""score"":""13/0"",""crr"":7.09,""rrr"":"""",""pressure"":0.028,""xRuns"":1.481,""xWicket"":0.022,""risk"":0.584,""control"":0.534}"
979,9,1,6,60,46,22,0,0,,TRUE,FALSE,,,,lofted,silly_point,"{""phase"":""powerplay"",""score"":""13/0"",""crr"":6.5,""rrr"":"""",""pressure"":0.031,""xRuns"":1.48,""xWicket"":0.023,""risk"":0.435,""control"":0.552}"
980,9,2,1,46,60,24,0,0,,TRUE,FALSE,,,,late_cut,fine_leg_inside,"{""phase"":""powerplay"",""score"":""13/0"",""crr"":6.0,""rrr"":"""",""pressure"":0.034,""xRuns"":1.481,""xWicket"":0.023,""risk"":0.48,""control"":0.442}"
981,9,2,2,46,60,24,0,0,,TRUE,FALSE,,,,slog,cover_inside,"{""phase"":""powerplay"",""score"":""13/0"",""crr"":5.57,""rrr"":"""",""pressure"":0.037,""xRuns"":1.479,""xWicket"":0.023,""risk"":0.481,""control"":0.515}"
982,9,2,3,46,60,24,0,2,bye,TRUE,FALSE,,,,sweep,long_on,"{""phase"":""powerplay"",""score"":""15/0"",""crr"":6.0,""rrr"":"""",""pressure"":0.04,""xRuns"":1.478,""xWicket"":0.023,""risk"":0.482,""control"":0.52}"
983,9,2,4,46,60,24,0,0,,TRUE,FALSE,,,,cover_drive,long_on,"{""phase"":""powerplay"",""score"":""15/0"",""crr"":5.62,""rrr"":"""",""pressure"":0.043,""xRuns"":1.477,""xWicket"":0.024,""risk"":0.484,""control"":0.48}"
984,9,2,5,46,60,24,1,0,,TRUE,FALSE,,,,lofted_drive,mid_off,"{""phase"":""powerplay"",""score"":""16/0"",""crr"":5.65,""rrr"":"""",""pressure"":0.045,""xRuns"":1.476,""xWicket"":0.024,""risk"":0.485,""control"":0.549}"
985,9,2,6,60,46,24,2,0,,TRUE,FALSE,,,,upper_cut,fine_leg_inside,"{""phase"":""powerplay"",""score"":""18/0"",""crr"":6.0,""rrr"":"""",""pressure"":0.048,""xRuns"":1.473,""xWicket"":0.023,""risk"":0.443,""control"":0.602}"
986,9,3,1,46,60,23,4,0,,TRUE,FALSE,,,,flick,deep_cover,"{""phase"":""powerplay"",""score"":""22/0"",""crr"":6.95,""rrr"":"""",""pressure"":0.051,""xRuns"":1.493,""xWicket"":0.022,""risk"":0.637,""control"":0.491}"
987,9,3,2,46,60,23,4,0,,TRUE,FALSE,,,,reverse_sweep,mid_off,"{""phase"":""powerplay"",""score"":""26/0"",""crr"":7.8,""rrr"":"""",""pressure"":0.054,""xRuns"":1.491,""xWicket"":0.022,""risk"":0.639,""control"":0.477}"
988,9,3,3,46,60,23,1,0,,TRUE,FALSE,,,,defence,long_off,"{""phase"":""powerplay"",""score"":""27/0"",""crr"":7.71,""rrr"":"""",""pressure"":0.057,""xRuns"":1.49,""xWicket"":0.022,""risk"":0.49,""control"":0.549}"
989,9,3,4,60,46,23,2,0,,TRUE,FALSE,,,,straight_drive,straight_inside,"{""phase"":""powerplay"",""score"":""29/0"",""crr"":7.91,""rrr"":"""",""pressure"":0.059,""xRuns"":1.487,""xWicket"":0.022,""risk"":0.448,""control"":0.593}"
990,9,3,5,60,46,23,0,1,wide,FALSE,FALSE,,,,glance,silly_mid_wicket,"{""phase"":""powerplay"",""score"":""30/0"",""crr"":8.18,""rrr"":"""",""pressure"":0.062,""xRuns"":1.486,""xWicket"":0.006,""risk"":0.449,""control"":0.588}"
991,9,3,5,60,46,23,2,0,,TRUE,FALSE,,,,scoop,cover_point_inside,"{""phase"":""powerplay"",""score"":""32/0"",""crr"":8.35,""rrr"":"""",""pressure"":0.062,""xRuns"":1.486,""xWicket"":0.022,""risk"":0.449,""control"":0.513}"
992,9,3,6,60,46,23,0,0,,TRUE,FALSE,,,,on_drive,silly_point,"{""phase"":""powerplay"",""score"":""32/0"",""crr"":8.0,""rrr"":"""",""pressure"":0.065,""xRuns"":1.484,""xWicket"":0.022,""risk"":0.451,""control"":0.62}"
993,9,4,1,46,60,25,1,0,,TRUE,FALSE,,,,flick,cover_point_inside,"{""phase"":""powerplay"",""score"":""33/0"",""crr"":7.92,""rrr"":"""",""pressure"":0.068,""xRuns"":1.495,""xWicket"":0.022,""risk"":0.495,""control"":0.575}"
994,9,4,2,60,46,25,0,2,leg_bye,TRUE,FALSE,,,,square_cut,mid_on_area,"{""phase"":""powerplay"",""score"":""35/0"",""crr"":8.08,""rrr"":"""",""pressure"":0.071,""xRuns"":1.491,""xWicket"":0.022,""risk"":0.453,""control"":0.595}"
995,9,4,3,60,46,25,0,0,,TRUE,FALSE,,,,scoop,deep_square_leg,"{""phase"":""powerplay"",""score"":""35/0"",""crr"":7.78,""rrr"":"""",""pressure"":0.074,""xRuns"":1.49,""xWicket"":0.022,""risk"":0.455,""control"":0.511}"
996,9,4,4,60,46,25,0,0,,TRUE,FALSE,,,,square_cut,mid_on_area,"{""phase"":""powerplay"",""score"":""35/0"",""crr"":7.5,""rrr"":"""",""pressure"":0.077,""xRuns"":1.489,""xWicket"":0.022,""risk"":0.456,""control"":0.509}"
997,9,4,5,60,46,25,0,1,leg_bye,TRUE,FALSE,,,,square_cut,mid_off,"{""phase"":""powerplay"",""score"":""36/0"",""crr"":7.45,""rrr"":"""",""pressure"":0.079,""xRuns"":1.488,""xWicket"":0.022,""risk"":0.457,""control"":0.578}"
998,9,4,6,46,60,25,4,0,,TRUE,FALSE,,,,pull,third_point,"{""phase"":""powerplay"",""score"":""40/0"",""crr"":8.0,""rrr"":"""",""pressure"":0.082,""xRuns"":1.489,""xWicket"":0.023,""risk"":0.651,""control"":0.55}"
999,9,5,1,60,46,29,0,0,,TRUE,FALSE,,,,scoop,mid_on_area,"{""phase"":""powerplay"",""score"":""40/0"",""crr"":7.74,""rrr"":"""",""pressure"":0.085,""xRuns"":1.381,""xWicket"":0.032,""risk"":0.46,""control"":0.435}"
1000,9,5,2,60,46,29,0,0,,TRUE,FALSE,,,,scoop,silly_mid_on,"{""phase"":""powerplay"",""score"":""40/0"",""crr"":7.5,""rrr"":"""",""pressure"":0.088,""xRuns"":1.38,""xWicket"":0.032,""risk"":0.461,""control"":0.453}"
1001,9,5,3,60,46,29,0,0,,TRUE,FALSE,,,,straight_drive,point_inside,"{""phase"":""powerplay"",""score"":""40/0"",""crr"":7.27,""rrr"":"""",""pressure"":0.091,""xRuns"":1.378,""xWicket"":0.033,""risk"":0.462,""control"":0.485}"
1002,9,5,4,60,46,29,4,0,,TRUE,TRUE,caught,60,Advik Agarwal,on_drive,silly_point,"{""phase"":""powerplay"",""score"":""44/0"",""crr"":7.76,""rrr"":"""",""pressure"":0.094,""xRuns"":1.377,""xWicket"":0.033,""risk"":0.614,""control"":0.588}"
1003,9,5,5,56,46,29,0,1,wide,FALSE,FALSE,,,,reverse_sweep,deep_cover,"{""phase"":""powerplay"",""score"":""45/1"",""crr"":7.94,""rrr"":"""",""pressure"":0.122,""xRuns"":1.474,""xWicket"":0.006,""risk"":0.641,""control"":0.465}"
1004,9,5,5,56,46,29,2,0,,TRUE,FALSE,,,,late_cut,short_leg,"{""phase"":""powerplay"",""score"":""47/1"",""crr"":8.06,""rrr"":"""",""pressure"":0.122,""xRuns"":1.474,""xWicket"":0.045,""risk"":0.641,""control"":0.456}"
1005,9,5,6,56,46,29,0,1,wide,FALSE,FALSE,,,,slog,mid_on_inside,"{""phase"":""powerplay"",""score"":""48/1"",""crr"":8.23,""rrr"":"""",""pressure"":0.125,""xRuns"":1.472,""xWicket"":0.006,""risk"":0.642,""control"":0.544}"
1006,9,5,6,56,46,29,1,0,,TRUE,FALSE,,,,reverse_sweep,deep_square_leg,"{""phase"":""powerplay"",""score"":""49/1"",""crr"":8.17,""rrr"":"""",""pressure"":0.125,""xRuns"":1.472,""xWicket"":0.046,""risk"":0.642,""control"":0.421}"
1007,9,6,1,56,46,22,0,0,,TRUE,FALSE,,,,cover_drive,mid_on_area,"{""phase"":""middle"",""score"":""49/1"",""crr"":7.95,""rrr"":"""",""pressure"":0.128,""xRuns"":1.547,""xWicket"":0.038,""risk"":0.643,""control"":0.441}"
1008,9,6,2,56,46,22,1,0,,TRUE,FALSE,,,,defence,deep_cover,"{""phase"":""middle"",""score"":""50/1"",""crr"":7.89,""rrr"":"""",""pressure"":0.131,""xRuns"":1.546,""xWicket"":0.039,""risk"":0.645,""control"":0.52}"
1009,9,6,3,46,56,22,0,0,,TRUE,FALSE,,,,defence,silly_mid_on,"{""phase"":""middle"",""score"":""50/1"",""crr"":7.69,""rrr"":"""",""pressure"":0.134,""xRuns"":1.439,""xWicket"":0.028,""risk"":0.525,""control"":0.476}"
1010,9,6,4,46,56,22,0,0,,TRUE,FALSE,,,,paddle_sweep,deep_cover,"{""phase"":""middle"",""score"":""50/1"",""crr"":7.5,""rrr"":"""",""pressure"":0.137,""xRuns"":1.437,""xWicket"":0.028,""risk"":0.526,""control"":0.467}"
1011,9,6,5,46,56,22,1,0,,TRUE,FALSE,,,,hook,deep_cover,"{""phase"":""middle"",""score"":""51/1"",""crr"":7.46,""rrr"":"""",""pressure"":0.139,""xRuns"":1.437,""xWicket"":0.028,""risk"":0.527,""control"":0.545}"
1012,9,6,6,56,46,22,4,0,,TRUE,FALSE,,,,sweep,square_leg_inside,"{""phase"":""middle"",""score"":""55/1"",""crr"":7.86,""rrr"":"""",""pressure"":0.142,""xRuns"":1.542,""xWicket"":0.039,""risk"":0.8,""control"":0.55}"
1013,9,7,1,46,56,24,1,0,,TRUE,FALSE,,,,scoop,cover_point_inside,"{""phase"":""middle"",""score"":""56/1"",""crr"":7.81,""rrr"":"""",""pressure"":0.145,""xRuns"":1.434,""xWicket"":0.028,""risk"":0.53,""control"":0.517}"
1014,9,7,2,56,46,24,0,2,leg_bye,TRUE,FALSE,,,,reverse_sweep,fine_leg_inside,"{""phase"":""middle"",""score"":""58/1"",""crr"":7.91,""rrr"":"""",""pressure"":0.148,""xRuns"":1.539,""xWicket"":0.039,""risk"":0.652,""control"":0.51}"
1015,9,7,3,56,46,24,0,0,,TRUE,FALSE,,,,drive,fine_leg,"{""phase"":""middle"",""score"":""58/1"",""crr"":7.73,""rrr"":"""",""pressure"":0.151,""xRuns"":1.538,""xWicket"":0.039,""risk"":0.654,""control"":0.55}"
1016,9,7,4,56,46,24,0,0,,TRUE,FALSE,,,,paddle_sweep,fine_leg_inside,"{""phase"":""middle"",""score"":""58/1"",""crr"":7.57,""rrr"":"""",""pressure"":0.153,""xRuns"":1.537,""xWicket"":0.04,""risk"":0.655,""control"":0.477}"
1017,9,7,5,56,46,24,2,0,,TRUE,FALSE,,,,glance,silly_mid_wicket,"{""phase"":""middle"",""score"":""60/1"",""crr"":7.66,""rrr"":"""",""pressure"":0.156,""xRuns"":1.536,""xWicket"":0.04,""risk"":0.656,""control"":0.519}"
1018,9,7,6,56,46,24,0,0,,TRUE,FALSE,,,,paddle_sweep,silly_mid_on,"{""phase"":""middle"",""score"":""60/1"",""crr"":7.5,""rrr"":"""",""pressure"":0.159,""xRuns"":1.534,""xWicket"":0.04,""risk"":0.657,""control"":0.451}"
1019,9,8,1,46,56,23,0,0,,TRUE,FALSE,,,,straight_drive,silly_mid_wicket,"{""phase"":""middle"",""score"":""60/1"",""crr"":7.35,""rrr"":"""",""pressure"":0.162,""xRuns"":1.446,""xWicket"":0.027,""risk"":0.537,""control"":0.561}"
1020,9,8,2,46,56,23,3,0,,TRUE,FALSE,,,,on_drive,point_inside,"{""phase"":""middle"",""score"":""63/1"",""crr"":7.56,""rrr"":"""",""pressure"":0.165,""xRuns"":1.445,""xWicket"":0.027,""risk"":0.539,""control"":0.54}"
1021,9,8,3,56,46,23,0,0,,TRUE,FALSE,,,,cover_drive,third_point,"{""phase"":""middle"",""score"":""63/1"",""crr"":7.41,""rrr"":"""",""pressure"":0.168,""xRuns"":1.55,""xWicket"":0.038,""risk"":0.661,""control"":0.473}"
1022,9,8,4,56,46,23,0,0,,TRUE,FALSE,,,,late_cut,fine_leg_inside,"{""phase"":""middle"",""score"":""63/1"",""crr"":7.27,""rrr"":"""",""pressure"":0.171,""xRuns"":1.548,""xWicket"":0.039,""risk"":0.663,""control"":0.443}"
1023,9,8,5,56,46,23,6,0,,TRUE,FALSE,,,,sweep,cover_inside,"{""phase"":""middle"",""score"":""69/1"",""crr"":7.81,""rrr"":"""",""pressure"":0.173,""xRuns"":1.548,""xWicket"":0.039,""risk"":0.814,""control"":0.552}"
1024,9,8,6,56,46,23,2,0,,TRUE,FALSE,,,,hook,short_leg,"{""phase"":""middle"",""score"":""71/1"",""crr"":7.89,""rrr"":"""",""pressure"":0.176,""xRuns"":1.546,""xWicket"":0.039,""risk"":0.665,""control"":0.56}"
1025,9,9,1,46,56,25,0,2,leg_bye,TRUE,FALSE,,,,straight_drive,long_off,"{""phase"":""middle"",""score"":""73/1"",""crr"":7.96,""rrr"":"""",""pressure"":0.179,""xRuns"":1.448,""xWicket"":0.027,""risk"":0.545,""control"":0.477}"
1026,9,9,2,46,56,25,0,0,,TRUE,TRUE,hit_wicket,46,,defence,fine_leg_inside,"{""phase"":""middle"",""score"":""73/1"",""crr"":7.82,""rrr"":"""",""pressure"":0.182,""xRuns"":1.447,""xWicket"":0.027,""risk"":0.546,""control"":0.5}"
1027,9,9,3,58,56,25,1,0,,TRUE,FALSE,,,,slog,point_inside,"{""phase"":""middle"",""score"":""74/2"",""crr"":7.79,""rrr"":"""",""pressure"":0.211,""xRuns"":1.356,""xWicket"":0.036,""risk"":0.509,""control"":0.549}"
1028,9,9,4,56,58,25,0,0,,TRUE,FALSE,,,,square_cut,cover_inside,"{""phase"":""middle"",""score"":""74/2"",""crr"":7.66,""rrr"":"""",""pressure"":0.214,""xRuns"":1.54,""xWicket"":0.04,""risk"":0.682,""control"":0.49}"
1029,9,9,5,56,58,25,1,0,,TRUE,FALSE,,,,cover_drive,silly_mid_wicket,"{""phase"":""middle"",""score"":""75/2"",""crr"":7.63,""rrr"":"""",""pressure"":0.216,""xRuns"":1.539,""xWicket"":0.04,""risk"":0.683,""control"":0.556}"
1030,9,9,6,58,56,25,0,0,,TRUE,FALSE,,,,hook,cover_point_inside,"{""phase"":""middle"",""score"":""75/2"",""crr"":7.5,""rrr"":"""",""pressure"":0.219,""xRuns"":1.352,""xWicket"":0.037,""risk"":0.513,""control"":0.466}"
1031,9,10,1,56,58,29,0,0,,TRUE,FALSE,,,,paddle_sweep,silly_mid_wicket,"{""phase"":""middle"",""score"":""75/2"",""crr"":7.38,""rrr"":"""",""pressure"":0.222,""xRuns"":1.432,""xWicket"":0.05,""risk"":0.686,""control"":0.408}"
1032,9,10,2,56,58,29,1,0,,TRUE,FALSE,,,,hook,deep_square_leg,"{""phase"":""middle"",""score"":""76/2"",""crr"":7.35,""rrr"":"""",""pressure"":0.225,""xRuns"":1.43,""xWicket"":0.05,""risk"":0.687,""control"":0.544}"
1033,9,10,3,58,56,29,0,0,,TRUE,FALSE,,,,defence,third_point,"{""phase"":""middle"",""score"":""76/2"",""crr"":7.24,""rrr"":"""",""pressure"":0.228,""xRuns"":1.244,""xWicket"":0.047,""risk"":0.517,""control"":0.516}"
1034,9,10,4,58,56,29,1,0,,TRUE,FALSE,,,,scoop,straight_inside,"{""phase"":""middle"",""score"":""77/2"",""crr"":7.22,""rrr"":"""",""pressure"":0.231,""xRuns"":1.243,""xWicket"":0.047,""risk"":0.518,""control"":0.396}"
1035,9,10,5,56,58,29,4,0,,TRUE,TRUE,stumped,56,Tanush Chaturvedi,drive,straight_inside,"{""phase"":""middle"",""score"":""81/2"",""crr"":7.48,""rrr"":"""",""pressure"":0.233,""xRuns"":1.427,""xWicket"":0.05,""risk"":0.841,""control"":0.482}"
1036,9,10,6,57,58,29,0,0,,TRUE,FALSE,,,,straight_drive,deep_extra_cover,"{""phase"":""middle"",""score"":""81/3"",""crr"":7.36,""rrr"":"""",""pressure"":0.262,""xRuns"":1.394,""xWicket"":0.05,""risk"":0.746,""control"":0.482}"
1037,9,11,1,58,57,22,2,0,,TRUE,FALSE,,,,sweep,mid_on_inside,"{""phase"":""middle"",""score"":""83/3"",""crr"":7.43,""rrr"":"""",""pressure"":0.265,""xRuns"":1.305,""xWicket"":0.041,""risk"":0.534,""control"":0.551}"
1038,9,11,2,58,57,22,0,0,,TRUE,FALSE,,,,reverse_sweep,fine_leg_inside,"{""phase"":""middle"",""score"":""83/3"",""crr"":7.32,""rrr"":"""",""pressure"":0.268,""xRuns"":1.303,""xWicket"":0.042,""risk"":0.535,""control"":0.523}"
1039,9,11,3,58,57,22,0,0,,TRUE,TRUE,lbw,58,,square_cut,deep_square_leg,"{""phase"":""middle"",""score"":""83/3"",""crr"":7.22,""rrr"":"""",""pressure"":0.271,""xRuns"":1.302,""xWicket"":0.042,""risk"":0.536,""control"":0.407}"
1040,9,11,4,47,57,22,2,0,,TRUE,FALSE,,,,late_cut,fine_leg,"{""phase"":""middle"",""score"":""85/4"",""crr"":7.29,""rrr"":"""",""pressure"":0.299,""xRuns"":1.35,""xWicket"":0.052,""risk"":0.685,""control"":0.492}"
1041,9,11,5,47,57,22,0,0,,TRUE,FALSE,,,,flick,deep_extra_cover,"{""phase"":""middle"",""score"":""85/4"",""crr"":7.18,""rrr"":"""",""pressure"":0.302,""xRuns"":1.349,""xWicket"":0.052,""risk"":0.686,""control"":0.479}"
1042,9,11,6,47,57,22,2,0,,TRUE,FALSE,,,,sweep,deep_extra_cover,"{""phase"":""middle"",""score"":""87/4"",""crr"":7.25,""rrr"":"""",""pressure"":0.305,""xRuns"":1.348,""xWicket"":0.052,""risk"":0.687,""control"":0.494}"
1043,9,12,1,57,47,24,4,0,,TRUE,TRUE,lbw,57,,cover_drive,mid_off,"{""phase"":""middle"",""score"":""91/4"",""crr"":7.48,""rrr"":"""",""pressure"":0.308,""xRuns"":1.45,""xWicket"":0.044,""risk"":0.917,""control"":0.516}"
1044,9,12,2,55,47,24,1,0,,TRUE,FALSE,,,,sweep,straight_inside,"{""phase"":""middle"",""score"":""92/5"",""crr"":7.46,""rrr"":"""",""pressure"":0.337,""xRuns"":0.937,""xWicket"":0.087,""risk"":0.759,""control"":0.078}"
1045,9,12,3,47,55,24,1,0,,TRUE,TRUE,stumped,47,Abeer Khan,reverse_sweep,cover_point_inside,"{""phase"":""middle"",""score"":""93/5"",""crr"":7.44,""rrr"":"""",""pressure"":0.34,""xRuns"":1.333,""xWicket"":0.054,""risk"":0.703,""control"":0.359}"
1046,9,12,4,55,59,24,1,0,,TRUE,FALSE,,,,cut,straight_inside,"{""phase"":""middle"",""score"":""94/6"",""crr"":7.42,""rrr"":"""",""pressure"":0.369,""xRuns"":0.924,""xWicket"":0.089,""risk"":0.773,""control"":0.029}"
1047,9,12,5,59,55,24,0,0,,TRUE,FALSE,,,,lofted,third_point,"{""phase"":""middle"",""score"":""94/6"",""crr"":7.32,""rrr"":"""",""pressure"":0.371,""xRuns"":0.837,""xWicket"":0.079,""risk"":0.596,""control"":0.163}"
1048,9,12,6,59,55,24,6,0,,TRUE,FALSE,,,,reverse_sweep,fine_leg_inside,"{""phase"":""middle"",""score"":""100/6"",""crr"":7.69,""rrr"":"""",""pressure"":0.374,""xRuns"":0.836,""xWicket"":0.079,""risk"":0.747,""control"":0.098}"
1049,9,13,1,55,59,23,2,0,,TRUE,FALSE,,,,slog,deep_cover,"{""phase"":""middle"",""score"":""102/6"",""crr"":7.75,""rrr"":"""",""pressure"":0.377,""xRuns"":0.939,""xWicket"":0.087,""risk"":0.777,""control"":0.127}"
1050,9,13,2,55,59,23,0,0,,TRUE,FALSE,,,,cut,point_inside,"{""phase"":""middle"",""score"":""102/6"",""crr"":7.65,""rrr"":"""",""pressure"":0.38,""xRuns"":0.938,""xWicket"":0.088,""risk"":0.778,""control"":0}"
1051,9,13,3,55,59,23,1,0,,TRUE,FALSE,,,,sweep,mid_on_area,"{""phase"":""middle"",""score"":""103/6"",""crr"":7.63,""rrr"":"""",""pressure"":0.383,""xRuns"":0.937,""xWicket"":0.088,""risk"":0.779,""control"":0.063}"
1052,9,13,4,59,55,23,0,0,,TRUE,FALSE,,,,cover_drive,point_inside,"{""phase"":""middle"",""score"":""103/6"",""crr"":7.54,""rrr"":"""",""pressure"":0.386,""xRuns"":0.85,""xWicket"":0.078,""risk"":0.602,""control"":0.176}"
1053,9,13,5,59,55,23,1,0,,TRUE,FALSE,,,,flick,point_inside,"{""phase"":""middle"",""score"":""104/6"",""crr"":7.52,""rrr"":"""",""pressure"":0.388,""xRuns"":0.849,""xWicket"":0.078,""risk"":0.603,""control"":0.16}"
1054,9,13,6,55,59,23,0,0,,TRUE,FALSE,,,,straight_drive,deep_cover,"{""phase"":""middle"",""score"":""104/6"",""crr"":7.43,""rrr"":"""",""pressure"":0.391,""xRuns"":0.934,""xWicket"":0.088,""risk"":0.783,""control"":0.133}"
1055,9,14,1,59,55,25,0,0,,TRUE,FALSE,,,,paddle_sweep,mid_on_area,"{""phase"":""middle"",""score"":""104/6"",""crr"":7.34,""rrr"":"""",""pressure"":0.394,""xRuns"":0.856,""xWicket"":0.077,""risk"":0.606,""control"":0.146}"
1056,9,14,2,59,55,25,1,0,,TRUE,FALSE,,,,reverse_sweep,fine_leg_inside,"{""phase"":""middle"",""score"":""105/6"",""crr"":7.33,""rrr"":"""",""pressure"":0.397,""xRuns"":0.855,""xWicket"":0.078,""risk"":0.607,""control"":0.166}"
1057,9,14,3,55,59,25,1,0,,TRUE,FALSE,,,,defence,cover_inside,"{""phase"":""middle"",""score"":""106/6"",""crr"":7.31,""rrr"":"""",""pressure"":0.4,""xRuns"":0.939,""xWicket"":0.087,""risk"":0.787,""control"":0.123}"
1058,9,14,4,59,55,25,1,0,,TRUE,FALSE,,,,cover_drive,mid_on_area,"{""phase"":""middle"",""score"":""107/6"",""crr"":7.3,""rrr"":"""",""pressure"":0.402,""xRuns"":0.853,""xWicket"":0.078,""risk"":0.609,""control"":0.113}"
1059,9,14,5,55,59,25,0,0,,TRUE,FALSE,,,,paddle_sweep,short_leg,"{""phase"":""middle"",""score"":""107/6"",""crr"":7.21,""rrr"":"""",""pressure"":0.405,""xRuns"":0.937,""xWicket"":0.088,""risk"":0.789,""control"":0.04}"
1060,9,14,6,55,59,25,1,0,,TRUE,FALSE,,,,slog,mid_on_inside,"{""phase"":""middle"",""score"":""108/6"",""crr"":7.2,""rrr"":"""",""pressure"":0.408,""xRuns"":0.936,""xWicket"":0.088,""risk"":0.791,""control"":0.008}"
1061,9,15,1,55,59,29,0,0,,TRUE,FALSE,,,,defence,deep_cover,"{""phase"":""death"",""score"":""108/6"",""crr"":7.12,""rrr"":"""",""pressure"":0.411,""xRuns"":0.83,""xWicket"":0.116,""risk"":0.792,""control"":0}"
1062,9,15,2,55,59,29,0,2,bye,TRUE,FALSE,,,,reverse_sweep,deep_cover,"{""phase"":""death"",""score"":""110/6"",""crr"":7.17,""rrr"":"""",""pressure"":0.414,""xRuns"":0.829,""xWicket"":0.116,""risk"":0.793,""control"":0}"
1063,9,15,3,55,59,29,3,0,,TRUE,FALSE,,,,cover_drive,square_leg_inside,"{""phase"":""death"",""score"":""113/6"",""crr"":7.29,""rrr"":"""",""pressure"":0.417,""xRuns"":0.827,""xWicket"":0.116,""risk"":0.795,""control"":0.045}"
1064,9,15,4,59,55,29,4,0,,TRUE,FALSE,,,,cut,square_leg_inside,"{""phase"":""death"",""score"":""117/6"",""crr"":7.47,""rrr"":"""",""pressure"":0.419,""xRuns"":0.741,""xWicket"":0.107,""risk"":0.767,""control"":0.071}"
1065,9,15,5,59,55,29,1,0,,TRUE,FALSE,,,,defence,straight_inside,"{""phase"":""death"",""score"":""118/6"",""crr"":7.45,""rrr"":"""",""pressure"":0.422,""xRuns"":0.74,""xWicket"":0.107,""risk"":0.618,""control"":0.061}"
1066,9,15,6,55,59,29,0,1,leg_bye,TRUE,FALSE,,,,cut,deep_square_leg,"{""phase"":""death"",""score"":""119/6"",""crr"":7.44,""rrr"":"""",""pressure"":0.425,""xRuns"":0.824,""xWicket"":0.117,""risk"":0.798,""control"":0}"
1067,9,16,1,55,59,23,1,0,,TRUE,FALSE,,,,slog,silly_mid_wicket,"{""phase"":""death"",""score"":""120/6"",""crr"":7.42,""rrr"":"""",""pressure"":0.428,""xRuns"":0.918,""xWicket"":0.108,""risk"":0.8,""control"":0.1}"
1068,9,16,2,59,55,23,0,0,,TRUE,FALSE,,,,late_cut,cover_inside,"{""phase"":""death"",""score"":""120/6"",""crr"":7.35,""rrr"":"""",""pressure"":0.431,""xRuns"":0.831,""xWicket"":0.098,""risk"":0.623,""control"":0.186}"
1069,9,16,3,59,55,23,1,0,,TRUE,FALSE,,,,paddle_sweep,silly_mid_wicket,"{""phase"":""death"",""score"":""121/6"",""crr"":7.33,""rrr"":"""",""pressure"":0.434,""xRuns"":0.83,""xWicket"":0.098,""risk"":0.624,""control"":0.17}"
1070,9,16,4,55,59,23,4,0,,TRUE,FALSE,,,,scoop,fine_leg,"{""phase"":""death"",""score"":""125/6"",""crr"":7.5,""rrr"":"""",""pressure"":0.436,""xRuns"":0.915,""xWicket"":0.108,""risk"":0.953,""control"":0.131}"
1071,9,16,5,55,59,23,6,0,,TRUE,FALSE,,,,upper_cut,fine_leg,"{""phase"":""death"",""score"":""131/6"",""crr"":7.78,""rrr"":"""",""pressure"":0.439,""xRuns"":0.913,""xWicket"":0.108,""risk"":0.955,""control"":0.075}"
1072,9,16,6,55,59,23,4,0,,TRUE,FALSE,,,,slog,mid_on_area,"{""phase"":""death"",""score"":""135/6"",""crr"":7.94,""rrr"":"""",""pressure"":0.442,""xRuns"":0.912,""xWicket"":0.108,""risk"":0.956,""control"":0.023}"
1073,9,17,1,59,55,22,1,0,,TRUE,FALSE,,,,lofted,cover_point_inside,"{""phase"":""death"",""score"":""136/6"",""crr"":7.92,""rrr"":"""",""pressure"":0.445,""xRuns"":0.806,""xWicket"":0.101,""risk"":0.629,""control"":0.056}"
1074,9,17,2,55,59,22,1,0,,TRUE,FALSE,,,,cut,short_leg,"{""phase"":""death"",""score"":""137/6"",""crr"":7.9,""rrr"":"""",""pressure"":0.448,""xRuns"":0.891,""xWicket"":0.11,""risk"":0.809,""control"":0}"
1075,9,17,3,59,55,22,1,0,,TRUE,FALSE,,,,glance,cover_inside,"{""phase"":""death"",""score"":""138/6"",""crr"":7.89,""rrr"":"""",""pressure"":0.451,""xRuns"":0.804,""xWicket"":0.101,""risk"":0.632,""control"":0.056}"
1076,9,17,4,55,59,22,0,0,,TRUE,FALSE,,,,pull,mid_off,"{""phase"":""death"",""score"":""138/6"",""crr"":7.81,""rrr"":"""",""pressure"":0.454,""xRuns"":0.888,""xWicket"":0.111,""risk"":0.811,""control"":0.097}"
1077,9,17,5,55,59,22,1,0,,TRUE,FALSE,,,,reverse_sweep,deep_cover,"{""phase"":""death"",""score"":""139/6"",""crr"":7.79,""rrr"":"""",""pressure"":0.456,""xRuns"":0.887,""xWicket"":0.111,""risk"":0.812,""control"":0.08}"
1078,9,17,6,59,55,22,1,0,,TRUE,FALSE,,,,pull,cover_point_inside,"{""phase"":""death"",""score"":""140/6"",""crr"":7.78,""rrr"":"""",""pressure"":0.459,""xRuns"":0.8,""xWicket"":0.101,""risk"":0.635,""control"":0.072}"
1079,9,18,1,59,55,25,4,0,,TRUE,FALSE,,,,sweep,cover_inside,"{""phase"":""death"",""score"":""144/6"",""crr"":7.93,""rrr"":"""",""pressure"":0.462,""xRuns"":0.828,""xWicket"":0.099,""risk"":0.786,""control"":0.175}"
1080,9,18,2,59,55,25,1,0,,TRUE,FALSE,,,,slog,third_point,"{""phase"":""death"",""score"":""145/6"",""crr"":7.91,""rrr"":"""",""pressure"":0.465,""xRuns"":0.826,""xWicket"":0.099,""risk"":0.638,""control"":0.147}"
1081,9,18,3,55,59,25,4,0,,TRUE,FALSE,,,,straight_drive,silly_point,"{""phase"":""death"",""score"":""149/6"",""crr"":8.05,""rrr"":"""",""pressure"":0.468,""xRuns"":0.911,""xWicket"":0.109,""risk"":0.968,""control"":0.03}"
1082,9,18,4,55,59,25,4,0,,TRUE,FALSE,,,,late_cut,cover_inside,"{""phase"":""death"",""score"":""153/6"",""crr"":8.2,""rrr"":"""",""pressure"":0.471,""xRuns"":0.909,""xWicket"":0.109,""risk"":0.969,""control"":0}"
1083,9,18,5,55,59,25,1,0,,TRUE,TRUE,caught,55,Kiaan Bansal,paddle_sweep,long_off,"{""phase"":""death"",""score"":""154/6"",""crr"":8.18,""rrr"":"""",""pressure"":0.473,""xRuns"":0.909,""xWicket"":0.109,""risk"":0.82,""control"":0.009}"
1084,9,18,6,59,54,25,0,0,,TRUE,FALSE,,,,clip,mid_off,"{""phase"":""death"",""score"":""154/7"",""crr"":8.11,""rrr"":"""",""pressure"":0.502,""xRuns"":0.811,""xWicket"":0.1,""risk"":0.654,""control"":0.15}"
1085,9,19,1,54,59,24,2,0,,TRUE,FALSE,,,,reverse_sweep,straight_inside,"{""phase"":""death"",""score"":""156/7"",""crr"":8.14,""rrr"":"""",""pressure"":0.505,""xRuns"":0.673,""xWicket"":0.114,""risk"":0.72,""control"":0}"
1086,9,19,2,54,59,24,1,0,,TRUE,FALSE,,,,square_cut,deep_extra_cover,"{""phase"":""death"",""score"":""157/7"",""crr"":8.12,""rrr"":"""",""pressure"":0.508,""xRuns"":0.671,""xWicket"":0.114,""risk"":0.721,""control"":0}"
1087,9,19,3,59,54,24,0,0,,TRUE,FALSE,,,,paddle_sweep,deep_square_leg,"{""phase"":""death"",""score"":""157/7"",""crr"":8.05,""rrr"":"""",""pressure"":0.511,""xRuns"":0.778,""xWicket"":0.103,""risk"":0.659,""control"":0.119}"
1088,9,19,4,59,54,24,0,0,,TRUE,FALSE,,,,reverse_sweep,third_point,"{""phase"":""death"",""score"":""157/7"",""crr"":7.98,""rrr"":"""",""pressure"":0.514,""xRuns"":0.777,""xWicket"":0.104,""risk"":0.66,""control"":0.051}"
1089,9,19,5,59,54,24,0,0,,TRUE,FALSE,,,,paddle_sweep,long_on,"{""phase"":""death"",""score"":""157/7"",""crr"":7.92,""rrr"":"""",""pressure"":0.516,""xRuns"":0.776,""xWicket"":0.104,""risk"":0.661,""control"":0.044}"
1090,9,19,6,59,54,24,1,0,,TRUE,FALSE,,,,cover_drive,short_leg,"{""phase"":""death"",""score"":""158/7"",""crr"":7.9,""rrr"":"""",""pressure"":0.519,""xRuns"":0.775,""xWicket"":0.104,""risk"":0.662,""control"":0.126}"
1091,10,0,1,27,30,55,4,0,,TRUE,FALSE,,,,late_cut,cover_point_inside,"{""phase"":""powerplay"",""score"":""4/0"",""crr"":24.0,""rrr"":7.82,""pressure"":0.227,""xRuns"":1.407,""xWicket"":0.044,""risk"":0.788,""control"":0.575}"
1092,10,0,2,27,30,55,1,0,,TRUE,FALSE,,,,drive,mid_on_inside,"{""phase"":""powerplay"",""score"":""5/0"",""crr"":15.0,""rrr"":7.83,""pressure"":0.226,""xRuns"":1.407,""xWicket"":0.044,""risk"":0.637,""control"":0.433}"
1093,10,0,3,30,27,55,1,0,,TRUE,FALSE,,,,hook,fine_leg,"{""phase"":""powerplay"",""score"":""6/0"",""crr"":12.0,""rrr"":7.85,""pressure"":0.229,""xRuns"":1.475,""xWicket"":0.052,""risk"":0.717,""control"":0.576}"
1094,10,0,4,27,30,55,2,0,,TRUE,FALSE,,,,ramp,silly_mid_on,"{""phase"":""powerplay"",""score"":""8/0"",""crr"":12.0,""rrr"":7.81,""pressure"":0.233,""xRuns"":1.404,""xWicket"":0.045,""risk"":0.641,""control"":0.506}"
1095,10,0,5,27,30,55,0,0,,TRUE,FALSE,,,,lofted,cover_point_inside,"{""phase"":""powerplay"",""score"":""8/0"",""crr"":9.6,""rrr"":7.88,""pressure"":0.234,""xRuns"":1.404,""xWicket"":0.045,""risk"":0.641,""control"":0.563}"
1096,10,0,6,27,30,55,4,0,,TRUE,FALSE,,,,slog,mid_on_area,"{""phase"":""powerplay"",""score"":""12/0"",""crr"":12.0,""rrr"":7.74,""pressure"":0.239,""xRuns"":1.402,""xWicket"":0.045,""risk"":0.793,""control"":0.548}"
1097,10,1,1,30,27,59,0,0,,TRUE,FALSE,,,,pull,deep_extra_cover,"{""phase"":""powerplay"",""score"":""12/0"",""crr"":10.29,""rrr"":7.81,""pressure"":0.238,""xRuns"":1.49,""xWicket"":0.05,""risk"":0.721,""control"":0.577}"
1098,10,1,2,30,27,59,4,0,,TRUE,FALSE,,,,hook,mid_off,"{""phase"":""powerplay"",""score"":""16/0"",""crr"":12.0,""rrr"":7.66,""pressure"":0.243,""xRuns"":1.488,""xWicket"":0.05,""risk"":0.874,""control"":0.483}"
1099,10,1,3,30,27,59,4,0,,TRUE,TRUE,stumped,30,Keshav Lal,paddle_sweep,cover_point_inside,"{""phase"":""powerplay"",""score"":""20/0"",""crr"":13.33,""rrr"":7.51,""pressure"":0.242,""xRuns"":1.488,""xWicket"":0.05,""risk"":0.873,""control"":0.589}"
1100,10,1,4,26,27,59,1,0,,TRUE,FALSE,,,,square_cut,silly_mid_on,"{""phase"":""powerplay"",""score"":""21/1"",""crr"":12.6,""rrr"":7.53,""pressure"":0.266,""xRuns"":1.273,""xWicket"":0.037,""risk"":0.513,""control"":0.509}"
1101,10,1,5,27,26,59,0,0,,TRUE,FALSE,,,,upper_cut,mid_on_inside,"{""phase"":""powerplay"",""score"":""21/1"",""crr"":11.45,""rrr"":7.6,""pressure"":0.269,""xRuns"":1.408,""xWicket"":0.044,""risk"":0.657,""control"":0.545}"
1102,10,1,6,27,26,59,0,1,leg_bye,TRUE,FALSE,,,,cut,third_point,"{""phase"":""powerplay"",""score"":""22/1"",""crr"":11.0,""rrr"":7.61,""pressure"":0.274,""xRuns"":1.406,""xWicket"":0.045,""risk"":0.659,""control"":0.468}"
1103,10,2,1,27,26,54,1,0,,TRUE,FALSE,,,,reverse_sweep,silly_point,"{""phase"":""powerplay"",""score"":""23/1"",""crr"":10.62,""rrr"":7.63,""pressure"":0.277,""xRuns"":1.414,""xWicket"":0.044,""risk"":0.66,""control"":0.452}"
1104,10,2,2,26,27,54,0,1,wide,FALSE,FALSE,,,,late_cut,silly_mid_on,"{""phase"":""powerplay"",""score"":""24/1"",""crr"":11.08,""rrr"":7.57,""pressure"":0.281,""xRuns"":1.276,""xWicket"":0.006,""risk"":0.519,""control"":0.544}"
1105,10,2,2,26,27,54,2,0,,TRUE,FALSE,,,,lofted_drive,mid_on_inside,"{""phase"":""powerplay"",""score"":""26/1"",""crr"":11.14,""rrr"":7.53,""pressure"":0.279,""xRuns"":1.277,""xWicket"":0.037,""risk"":0.518,""control"":0.477}"
1106,10,2,3,26,27,54,1,0,,TRUE,FALSE,,,,defence,third_point,"{""phase"":""powerplay"",""score"":""27/1"",""crr"":10.8,""rrr"":7.54,""pressure"":0.281,""xRuns"":1.276,""xWicket"":0.037,""risk"":0.519,""control"":0.584}"
1107,10,2,4,27,26,54,4,0,,TRUE,FALSE,,,,paddle_sweep,silly_point,"{""phase"":""powerplay"",""score"":""31/1"",""crr"":11.62,""rrr"":7.38,""pressure"":0.284,""xRuns"":1.411,""xWicket"":0.044,""risk"":0.814,""control"":0.537}"
1108,10,2,5,27,26,54,3,0,,TRUE,FALSE,,,,on_drive,cover_inside,"{""phase"":""powerplay"",""score"":""34/1"",""crr"":12.0,""rrr"":7.28,""pressure"":0.282,""xRuns"":1.412,""xWicket"":0.044,""risk"":0.663,""control"":0.535}"
1109,10,2,6,26,27,54,2,0,,TRUE,FALSE,,,,reverse_sweep,third_point,"{""phase"":""powerplay"",""score"":""36/1"",""crr"":12.0,""rrr"":7.24,""pressure"":0.282,""xRuns"":1.275,""xWicket"":0.037,""risk"":0.52,""control"":0.47}"
1110,10,3,1,27,26,53,0,1,wide,FALSE,FALSE,,,,ramp,silly_mid_on,"{""phase"":""powerplay"",""score"":""37/1"",""crr"":12.33,""rrr"":7.18,""pressure"":0.284,""xRuns"":1.411,""xWicket"":0.006,""risk"":0.664,""control"":0.49}"
1111,10,3,1,27,26,53,1,0,,TRUE,FALSE,,,,lofted_drive,short_leg,"{""phase"":""powerplay"",""score"":""38/1"",""crr"":12.0,""rrr"":7.19,""pressure"":0.282,""xRuns"":1.412,""xWicket"":0.044,""risk"":0.663,""control"":0.577}"
1112,10,3,2,26,27,53,1,0,,TRUE,FALSE,,,,glance,mid_on_inside,"{""phase"":""powerplay"",""score"":""39/1"",""crr"":11.7,""rrr"":7.2,""pressure"":0.285,""xRuns"":1.274,""xWicket"":0.037,""risk"":0.521,""control"":0.547}"
1113,10,3,3,27,26,53,1,0,,TRUE,FALSE,,,,clip,cover_point_inside,"{""phase"":""powerplay"",""score"":""40/1"",""crr"":11.43,""rrr"":7.21,""pressure"":0.288,""xRuns"":1.41,""xWicket"":0.044,""risk"":0.665,""control"":0.46}"
1114,10,3,4,26,27,53,1,0,,TRUE,FALSE,,,,slog,deep_cover,"{""phase"":""powerplay"",""score"":""41/1"",""crr"":11.18,""rrr"":7.22,""pressure"":0.291,""xRuns"":1.272,""xWicket"":0.037,""risk"":0.524,""control"":0.526}"
1115,10,3,5,27,26,53,1,0,,TRUE,FALSE,,,,sweep,silly_point,"{""phase"":""powerplay"",""score"":""42/1"",""crr"":10.96,""rrr"":7.24,""pressure"":0.295,""xRuns"":1.407,""xWicket"":0.045,""risk"":0.668,""control"":0.538}"
1116,10,3,6,26,27,53,1,0,,TRUE,FALSE,,,,slog,fine_leg_inside,"{""phase"":""powerplay"",""score"":""43/1"",""crr"":10.75,""rrr"":7.25,""pressure"":0.298,""xRuns"":1.269,""xWicket"":0.038,""risk"":0.527,""control"":0.521}"
1117,10,4,1,26,27,52,0,0,,TRUE,FALSE,,,,upper_cut,fine_leg_inside,"{""phase"":""powerplay"",""score"":""43/1"",""crr"":10.32,""rrr"":7.33,""pressure"":0.301,""xRuns"":1.277,""xWicket"":0.037,""risk"":0.528,""control"":0.446}"
1118,10,4,2,26,27,52,1,0,,TRUE,FALSE,,,,glance,deep_cover,"{""phase"":""powerplay"",""score"":""44/1"",""crr"":10.15,""rrr"":7.34,""pressure"":0.306,""xRuns"":1.275,""xWicket"":0.037,""risk"":0.531,""control"":0.543}"
1119,10,4,3,27,26,52,0,1,wide,FALSE,FALSE,,,,ramp,mid_on_inside,"{""phase"":""powerplay"",""score"":""45/1"",""crr"":10.38,""rrr"":7.28,""pressure"":0.309,""xRuns"":1.41,""xWicket"":0.006,""risk"":0.675,""control"":0.477}"
1120,10,4,3,27,26,52,0,0,,TRUE,FALSE,,,,hook,mid_off,"{""phase"":""powerplay"",""score"":""45/1"",""crr"":10.0,""rrr"":7.35,""pressure"":0.308,""xRuns"":1.411,""xWicket"":0.044,""risk"":0.674,""control"":0.461}"
1121,10,4,4,27,26,52,1,0,,TRUE,FALSE,,,,ramp,deep_extra_cover,"{""phase"":""powerplay"",""score"":""46/1"",""crr"":9.86,""rrr"":7.37,""pressure"":0.312,""xRuns"":1.409,""xWicket"":0.045,""risk"":0.676,""control"":0.525}"
1122,10,4,5,26,27,52,0,0,,TRUE,FALSE,,,,square_cut,deep_cover,"{""phase"":""powerplay"",""score"":""46/1"",""crr"":9.52,""rrr"":7.45,""pressure"":0.316,""xRuns"":1.271,""xWicket"":0.038,""risk"":0.535,""control"":0.552}"
1123,10,4,6,26,27,52,1,0,,TRUE,FALSE,,,,slog,mid_on_area,"{""phase"":""powerplay"",""score"":""47/1"",""crr"":9.4,""rrr"":7.47,""pressure"":0.321,""xRuns"":1.268,""xWicket"":0.038,""risk"":0.537,""control"":0.562}"
1124,10,5,1,26,27,57,0,0,,TRUE,FALSE,,,,pull,point_inside,"{""phase"":""powerplay"",""score"":""47/1"",""crr"":9.1,""rrr"":7.55,""pressure"":0.324,""xRuns"":1.439,""xWicket"":0.022,""risk"":0.539,""control"":0.571}"
1125,10,5,2,26,27,57,0,0,,TRUE,FALSE,,,,sweep,long_off,"{""phase"":""powerplay"",""score"":""47/1"",""crr"":8.81,""rrr"":7.64,""pressure"":0.33,""xRuns"":1.436,""xWicket"":0.022,""risk"":0.541,""control"":0.634}"
1126,10,5,3,26,27,57,2,0,,TRUE,FALSE,,,,flick,mid_off,"{""phase"":""powerplay"",""score"":""49/1"",""crr"":8.91,""rrr"":7.59,""pressure"":0.335,""xRuns"":1.434,""xWicket"":0.022,""risk"":0.544,""control"":0.669}"
1127,10,5,4,26,27,57,0,0,,TRUE,FALSE,,,,flick,mid_on_area,"{""phase"":""powerplay"",""score"":""49/1"",""crr"":8.65,""rrr"":7.67,""pressure"":0.336,""xRuns"":1.434,""xWicket"":0.022,""risk"":0.544,""control"":0.639}"
1128,10,5,5,26,27,57,0,0,,TRUE,FALSE,,,,sweep,fine_leg_inside,"{""phase"":""powerplay"",""score"":""49/1"",""crr"":8.4,""rrr"":7.76,""pressure"":0.341,""xRuns"":1.431,""xWicket"":0.022,""risk"":0.546,""control"":0.552}"
1129,10,5,6,26,27,57,2,0,,TRUE,FALSE,,,,lofted_drive,third_point,"{""phase"":""powerplay"",""score"":""51/1"",""crr"":8.5,""rrr"":7.71,""pressure"":0.347,""xRuns"":1.429,""xWicket"":0.023,""risk"":0.549,""control"":0.587}"
1130,10,6,1,27,26,55,3,0,,TRUE,FALSE,,,,late_cut,long_on,"{""phase"":""middle"",""score"":""54/1"",""crr"":8.76,""rrr"":7.59,""pressure"":0.348,""xRuns"":1.356,""xWicket"":0.05,""risk"":0.692,""control"":0.446}"
1131,10,6,2,26,27,55,0,0,,TRUE,FALSE,,,,reverse_sweep,long_off,"{""phase"":""middle"",""score"":""54/1"",""crr"":8.53,""rrr"":7.68,""pressure"":0.348,""xRuns"":1.219,""xWicket"":0.043,""risk"":0.549,""control"":0.565}"
1132,10,6,3,26,27,55,1,0,,TRUE,FALSE,,,,scoop,third_point,"{""phase"":""middle"",""score"":""55/1"",""crr"":8.46,""rrr"":7.7,""pressure"":0.353,""xRuns"":1.217,""xWicket"":0.043,""risk"":0.552,""control"":0.516}"
1133,10,6,4,27,26,55,1,0,,TRUE,FALSE,,,,slog,mid_on_area,"{""phase"":""middle"",""score"":""56/1"",""crr"":8.4,""rrr"":7.72,""pressure"":0.357,""xRuns"":1.352,""xWicket"":0.05,""risk"":0.696,""control"":0.502}"
1134,10,6,5,26,27,55,0,0,,TRUE,FALSE,,,,clip,square_leg_inside,"{""phase"":""middle"",""score"":""56/1"",""crr"":8.2,""rrr"":7.82,""pressure"":0.36,""xRuns"":1.214,""xWicket"":0.043,""risk"":0.555,""control"":0.453}"
1135,10,6,6,26,27,55,2,0,,TRUE,FALSE,,,,lofted_drive,deep_extra_cover,"{""phase"":""middle"",""score"":""58/1"",""crr"":8.29,""rrr"":7.77,""pressure"":0.366,""xRuns"":1.211,""xWicket"":0.043,""risk"":0.558,""control"":0.579}"
1136,10,7,1,27,26,59,1,0,,TRUE,FALSE,,,,lofted_drive,fine_leg_inside,"{""phase"":""middle"",""score"":""59/1"",""crr"":8.23,""rrr"":7.79,""pressure"":0.367,""xRuns"":1.367,""xWicket"":0.049,""risk"":0.701,""control"":0.461}"
1137,10,7,2,26,27,59,0,0,,TRUE,FALSE,,,,defence,square_leg_inside,"{""phase"":""middle"",""score"":""59/1"",""crr"":8.05,""rrr"":7.89,""pressure"":0.37,""xRuns"":1.229,""xWicket"":0.042,""risk"":0.559,""control"":0.461}"
1138,10,7,3,26,27,59,4,0,,TRUE,FALSE,,,,flick,short_leg,"{""phase"":""middle"",""score"":""63/1"",""crr"":8.4,""rrr"":7.68,""pressure"":0.376,""xRuns"":1.226,""xWicket"":0.042,""risk"":0.712,""control"":0.466}"
1139,10,7,4,26,27,59,1,0,,TRUE,FALSE,,,,upper_cut,long_on,"{""phase"":""middle"",""score"":""64/1"",""crr"":8.35,""rrr"":7.7,""pressure"":0.373,""xRuns"":1.228,""xWicket"":0.042,""risk"":0.561,""control"":0.44}"
1140,10,7,5,27,26,59,0,0,,TRUE,FALSE,,,,square_cut,deep_cover,"{""phase"":""middle"",""score"":""64/1"",""crr"":8.17,""rrr"":7.81,""pressure"":0.376,""xRuns"":1.363,""xWicket"":0.049,""risk"":0.705,""control"":0.509}"
1141,10,7,6,27,26,59,0,0,,TRUE,FALSE,,,,scoop,long_off,"{""phase"":""middle"",""score"":""64/1"",""crr"":8.0,""rrr"":7.92,""pressure"":0.382,""xRuns"":1.361,""xWicket"":0.05,""risk"":0.708,""control"":0.52}"
1142,10,8,1,26,27,54,1,0,,TRUE,FALSE,,,,cover_drive,cover_inside,"{""phase"":""middle"",""score"":""65/1"",""crr"":7.96,""rrr"":7.94,""pressure"":0.388,""xRuns"":1.231,""xWicket"":0.042,""risk"":0.567,""control"":0.512}"
1143,10,8,2,27,26,54,1,0,,TRUE,FALSE,,,,sweep,silly_point,"{""phase"":""middle"",""score"":""66/1"",""crr"":7.92,""rrr"":7.97,""pressure"":0.392,""xRuns"":1.366,""xWicket"":0.049,""risk"":0.712,""control"":0.603}"
1144,10,8,3,26,27,54,0,0,,TRUE,FALSE,,,,ramp,square_leg_inside,"{""phase"":""middle"",""score"":""66/1"",""crr"":7.76,""rrr"":8.09,""pressure"":0.395,""xRuns"":1.228,""xWicket"":0.042,""risk"":0.571,""control"":0.483}"
1145,10,8,4,26,27,54,1,0,,TRUE,FALSE,,,,pull,fine_leg,"{""phase"":""middle"",""score"":""67/1"",""crr"":7.73,""rrr"":8.12,""pressure"":0.402,""xRuns"":1.225,""xWicket"":0.042,""risk"":0.574,""control"":0.555}"
1146,10,8,5,27,26,54,1,0,,TRUE,FALSE,,,,cut,cover_point_inside,"{""phase"":""middle"",""score"":""68/1"",""crr"":7.7,""rrr"":8.15,""pressure"":0.405,""xRuns"":1.36,""xWicket"":0.05,""risk"":0.718,""control"":0.569}"
1147,10,8,6,26,27,54,1,0,,TRUE,FALSE,,,,lofted,cover_inside,"{""phase"":""middle"",""score"":""69/1"",""crr"":7.67,""rrr"":8.18,""pressure"":0.409,""xRuns"":1.222,""xWicket"":0.043,""risk"":0.577,""control"":0.589}"
1148,10,9,1,26,27,53,0,0,,TRUE,FALSE,,,,pull,silly_mid_on,"{""phase"":""middle"",""score"":""69/1"",""crr"":7.53,""rrr"":8.31,""pressure"":0.413,""xRuns"":1.22,""xWicket"":0.043,""risk"":0.579,""control"":0.58}"
1149,10,9,2,26,27,53,0,0,,TRUE,FALSE,,,,cut,cover_inside,"{""phase"":""middle"",""score"":""69/1"",""crr"":7.39,""rrr"":8.44,""pressure"":0.419,""xRuns"":1.218,""xWicket"":0.043,""risk"":0.581,""control"":0.593}"
1150,10,9,3,26,27,53,0,0,,TRUE,FALSE,,,,hook,square_leg_inside,"{""phase"":""middle"",""score"":""69/1"",""crr"":7.26,""rrr"":8.57,""pressure"":0.426,""xRuns"":1.215,""xWicket"":0.043,""risk"":0.585,""control"":0.523}"
1151,10,9,4,26,27,53,1,0,,TRUE,FALSE,,,,defence,third_point,"{""phase"":""middle"",""score"":""70/1"",""crr"":7.24,""rrr"":8.61,""pressure"":0.432,""xRuns"":1.212,""xWicket"":0.044,""risk"":0.587,""control"":0.466}"
1152,10,9,5,27,26,53,4,0,,TRUE,TRUE,stumped,27,Anay Gupta,flick,mid_on_inside,"{""phase"":""middle"",""score"":""74/1"",""crr"":7.53,""rrr"":8.36,""pressure"":0.436,""xRuns"":1.347,""xWicket"":0.051,""risk"":0.882,""control"":0.566}"
1153,10,9,6,17,26,53,0,0,,TRUE,FALSE,,,,paddle_sweep,deep_cover,"{""phase"":""middle"",""score"":""74/2"",""crr"":7.4,""rrr"":8.5,""pressure"":0.458,""xRuns"":1.377,""xWicket"":0.061,""risk"":0.813,""control"":0.441}"
1154,10,10,1,26,17,52,1,0,,TRUE,FALSE,,,,on_drive,square_leg_inside,"{""phase"":""middle"",""score"":""75/2"",""crr"":7.38,""rrr"":8.54,""pressure"":0.465,""xRuns"":1.208,""xWicket"":0.044,""risk"":0.602,""control"":0.525}"
1155,10,10,2,17,26,52,4,0,,TRUE,FALSE,,,,lofted_drive,silly_mid_on,"{""phase"":""middle"",""score"":""79/2"",""crr"":7.65,""rrr"":8.28,""pressure"":0.469,""xRuns"":1.382,""xWicket"":0.06,""risk"":0.968,""control"":0.58}"
1156,10,10,3,17,26,52,1,0,,TRUE,FALSE,,,,late_cut,cover_inside,"{""phase"":""middle"",""score"":""80/2"",""crr"":7.62,""rrr"":8.32,""pressure"":0.464,""xRuns"":1.384,""xWicket"":0.06,""risk"":0.816,""control"":0.488}"
1157,10,10,4,26,17,52,0,2,bye,TRUE,FALSE,,,,reverse_sweep,cover_point_inside,"{""phase"":""middle"",""score"":""82/2"",""crr"":7.69,""rrr"":8.25,""pressure"":0.468,""xRuns"":1.207,""xWicket"":0.044,""risk"":0.603,""control"":0.478}"
1158,10,10,5,26,17,52,0,0,,TRUE,FALSE,,,,pull,cover_point_inside,"{""phase"":""middle"",""score"":""82/2"",""crr"":7.57,""rrr"":8.4,""pressure"":0.469,""xRuns"":1.206,""xWicket"":0.044,""risk"":0.604,""control"":0.522}"
1159,10,10,6,26,17,52,0,0,,TRUE,FALSE,,,,square_cut,fine_leg_inside,"{""phase"":""middle"",""score"":""82/2"",""crr"":7.45,""rrr"":8.56,""pressure"":0.476,""xRuns"":1.203,""xWicket"":0.045,""risk"":0.607,""control"":0.507}"
1160,10,11,1,17,26,57,3,0,,TRUE,FALSE,,,,reverse_sweep,mid_on_area,"{""phase"":""middle"",""score"":""85/2"",""crr"":7.61,""rrr"":8.38,""pressure"":0.484,""xRuns"":1.547,""xWicket"":0.045,""risk"":0.825,""control"":0.595}"
1161,10,11,2,26,17,57,4,0,,TRUE,FALSE,,,,late_cut,silly_mid_on,"{""phase"":""middle"",""score"":""89/2"",""crr"":7.85,""rrr"":8.08,""pressure"":0.481,""xRuns"":1.373,""xWicket"":0.029,""risk"":0.759,""control"":0.62}"
1162,10,11,3,26,17,57,0,0,,TRUE,FALSE,,,,scoop,cover_inside,"{""phase"":""middle"",""score"":""89/2"",""crr"":7.74,""rrr"":8.24,""pressure"":0.476,""xRuns"":1.375,""xWicket"":0.028,""risk"":0.607,""control"":0.595}"
1163,10,11,4,26,17,57,1,0,,TRUE,FALSE,,,,upper_cut,fine_leg_inside,"{""phase"":""middle"",""score"":""90/2"",""crr"":7.71,""rrr"":8.28,""pressure"":0.483,""xRuns"":1.372,""xWicket"":0.029,""risk"":0.61,""control"":0.536}"
1164,10,11,5,17,26,57,0,1,no_ball,FALSE,FALSE,,,,reverse_sweep,mid_off,"{""phase"":""middle"",""score"":""91/2"",""crr"":7.8,""rrr"":8.16,""pressure"":0.487,""xRuns"":1.546,""xWicket"":0.007,""risk"":0.826,""control"":0.501}"
1165,10,11,5,17,26,57,0,0,,TRUE,FALSE,,,,clip,silly_mid_on,"{""phase"":""middle"",""score"":""91/2"",""crr"":7.69,""rrr"":8.33,""pressure"":0.483,""xRuns"":1.548,""xWicket"":0.045,""risk"":0.824,""control"":0.503}"
1166,10,11,6,17,26,57,4,0,,TRUE,FALSE,,,,on_drive,mid_on_inside,"{""phase"":""middle"",""score"":""95/2"",""crr"":7.92,""rrr"":8.0,""pressure"":0.491,""xRuns"":1.544,""xWicket"":0.045,""risk"":0.978,""control"":0.513}"
1167,10,12,1,26,17,55,0,0,,TRUE,FALSE,,,,lofted,silly_mid_wicket,"{""phase"":""middle"",""score"":""95/2"",""crr"":7.81,""rrr"":8.17,""pressure"":0.485,""xRuns"":1.161,""xWicket"":0.049,""risk"":0.611,""control"":0.542}"
1168,10,12,2,26,17,55,3,0,,TRUE,FALSE,,,,clip,silly_point,"{""phase"":""middle"",""score"":""98/2"",""crr"":7.95,""rrr"":7.96,""pressure"":0.492,""xRuns"":1.159,""xWicket"":0.049,""risk"":0.614,""control"":0.509}"
1169,10,12,3,17,26,55,0,0,,TRUE,TRUE,lbw,17,,paddle_sweep,mid_on_area,"{""phase"":""middle"",""score"":""98/2"",""crr"":7.84,""rrr"":8.13,""pressure"":0.489,""xRuns"":1.336,""xWicket"":0.065,""risk"":0.827,""control"":0.536}"
1170,10,12,4,19,26,55,2,0,,TRUE,FALSE,,,,cover_drive,third_point,"{""phase"":""middle"",""score"":""100/3"",""crr"":7.89,""rrr"":8.05,""pressure"":0.523,""xRuns"":1.159,""xWicket"":0.054,""risk"":0.657,""control"":0.457}"
1171,10,12,5,19,26,55,0,0,,TRUE,FALSE,,,,on_drive,long_off,"{""phase"":""middle"",""score"":""100/3"",""crr"":7.79,""rrr"":8.23,""pressure"":0.523,""xRuns"":1.159,""xWicket"":0.054,""risk"":0.657,""control"":0.448}"
1172,10,12,6,19,26,55,0,1,wide,FALSE,FALSE,,,,scoop,long_off,"{""phase"":""middle"",""score"":""101/3"",""crr"":7.87,""rrr"":8.09,""pressure"":0.531,""xRuns"":1.155,""xWicket"":0.006,""risk"":0.66,""control"":0.487}"
1173,10,12,6,19,26,55,0,0,,TRUE,TRUE,bowled,19,,lofted_drive,deep_square_leg,"{""phase"":""middle"",""score"":""101/3"",""crr"":7.77,""rrr"":8.29,""pressure"":0.527,""xRuns"":1.157,""xWicket"":0.055,""risk"":0.659,""control"":0.511}"
1174,10,13,1,26,21,59,0,0,,TRUE,FALSE,,,,hook,mid_off,"{""phase"":""middle"",""score"":""101/4"",""crr"":7.67,""rrr"":8.49,""pressure"":0.562,""xRuns"":1.148,""xWicket"":0.05,""risk"":0.646,""control"":0.508}"
1175,10,13,2,26,21,59,0,0,,TRUE,FALSE,,,,glance,silly_mid_on,"{""phase"":""middle"",""score"":""101/4"",""crr"":7.57,""rrr"":8.7,""pressure"":0.57,""xRuns"":1.145,""xWicket"":0.051,""risk"":0.649,""control"":0.58}"
1176,10,13,3,26,21,59,1,0,,TRUE,FALSE,,,,hook,long_off,"{""phase"":""middle"",""score"":""102/4"",""crr"":7.56,""rrr"":8.77,""pressure"":0.579,""xRuns"":1.141,""xWicket"":0.051,""risk"":0.653,""control"":0.57}"
1177,10,13,4,21,26,59,1,0,,TRUE,FALSE,,,,square_cut,silly_mid_wicket,"{""phase"":""middle"",""score"":""103/4"",""crr"":7.54,""rrr"":8.84,""pressure"":0.584,""xRuns"":1.037,""xWicket"":0.06,""risk"":0.62,""control"":0.443}"
1178,10,13,5,26,21,59,0,0,,TRUE,TRUE,hit_wicket,26,,straight_drive,mid_on_inside,"{""phase"":""middle"",""score"":""103/4"",""crr"":7.45,""rrr"":9.08,""pressure"":0.589,""xRuns"":1.137,""xWicket"":0.052,""risk"":0.658,""control"":0.451}"
1179,10,13,6,29,21,59,1,0,,TRUE,FALSE,,,,lofted_drive,short_leg,"{""phase"":""middle"",""score"":""104/5"",""crr"":7.43,""rrr"":9.17,""pressure"":0.625,""xRuns"":0.57,""xWicket"":0.099,""risk"":0.703,""control"":0.066}"
1180,10,14,1,29,21,54,1,0,,TRUE,FALSE,,,,ramp,square_leg_inside,"{""phase"":""middle"",""score"":""105/5"",""crr"":7.41,""rrr"":9.26,""pressure"":0.63,""xRuns"":0.578,""xWicket"":0.099,""risk"":0.705,""control"":0.088}"
1181,10,14,2,21,29,54,3,0,,TRUE,FALSE,,,,on_drive,fine_leg_inside,"{""phase"":""middle"",""score"":""108/5"",""crr"":7.53,""rrr"":9.0,""pressure"":0.635,""xRuns"":1.025,""xWicket"":0.061,""risk"":0.643,""control"":0.446}"
1182,10,14,3,29,21,54,0,0,,TRUE,FALSE,,,,lofted,square_leg_inside,"{""phase"":""middle"",""score"":""108/5"",""crr"":7.45,""rrr"":9.27,""pressure"":0.631,""xRuns"":0.577,""xWicket"":0.099,""risk"":0.705,""control"":0.08}"
1183,10,14,4,29,21,54,0,0,,TRUE,FALSE,,,,scoop,silly_mid_on,"{""phase"":""middle"",""score"":""108/5"",""crr"":7.36,""rrr"":9.56,""pressure"":0.641,""xRuns"":0.573,""xWicket"":0.099,""risk"":0.71,""control"":0.065}"
1184,10,14,5,29,21,54,0,0,,TRUE,FALSE,,,,ramp,mid_off,"{""phase"":""middle"",""score"":""108/5"",""crr"":7.28,""rrr"":9.87,""pressure"":0.652,""xRuns"":0.568,""xWicket"":0.1,""risk"":0.715,""control"":0.094}"
1185,10,14,6,29,21,54,0,0,,TRUE,FALSE,,,,drive,mid_on_area,"{""phase"":""middle"",""score"":""108/5"",""crr"":7.2,""rrr"":10.2,""pressure"":0.664,""xRuns"":0.563,""xWicket"":0.1,""risk"":0.72,""control"":0.1}"
1186,10,15,1,21,29,53,1,0,,TRUE,FALSE,,,,lofted,short_leg,"{""phase"":""death"",""score"":""109/5"",""crr"":7.19,""rrr"":10.34,""pressure"":0.676,""xRuns"":1.008,""xWicket"":0.081,""risk"":0.661,""control"":0.427}"
1187,10,15,2,29,21,53,3,0,,TRUE,FALSE,,,,lofted,third_point,"{""phase"":""death"",""score"":""112/5"",""crr"":7.3,""rrr"":10.07,""pressure"":0.683,""xRuns"":0.555,""xWicket"":0.119,""risk"":0.729,""control"":0.085}"
1188,10,15,3,21,29,53,4,0,,TRUE,FALSE,,,,lofted,cover_inside,"{""phase"":""death"",""score"":""116/5"",""crr"":7.48,""rrr"":9.56,""pressure"":0.678,""xRuns"":1.007,""xWicket"":0.081,""risk"":0.812,""control"":0.524}"
1189,10,15,4,21,29,53,1,0,,TRUE,FALSE,,,,lofted,point_inside,"{""phase"":""death"",""score"":""117/5"",""crr"":7.47,""rrr"":9.69,""pressure"":0.667,""xRuns"":1.012,""xWicket"":0.081,""risk"":0.657,""control"":0.488}"
1190,10,15,5,29,21,53,1,0,,TRUE,FALSE,,,,ramp,fine_leg_inside,"{""phase"":""death"",""score"":""118/5"",""crr"":7.45,""rrr"":9.84,""pressure"":0.673,""xRuns"":0.56,""xWicket"":0.119,""risk"":0.724,""control"":0.084}"
1191,10,15,6,21,29,53,2,0,,TRUE,FALSE,,,,square_cut,point_inside,"{""phase"":""death"",""score"":""120/5"",""crr"":7.5,""rrr"":9.75,""pressure"":0.68,""xRuns"":1.006,""xWicket"":0.081,""risk"":0.663,""control"":0.418}"
1192,10,16,1,29,21,59,2,0,,TRUE,FALSE,,,,defence,third_point,"{""phase"":""death"",""score"":""122/5"",""crr"":7.55,""rrr"":9.65,""pressure"":0.681,""xRuns"":0.547,""xWicket"":0.12,""risk"":0.728,""control"":0.057}"
1193,10,16,2,29,21,59,1,0,,TRUE,FALSE,,,,on_drive,silly_mid_on,"{""phase"":""death"",""score"":""123/5"",""crr"":7.53,""rrr"":9.82,""pressure"":0.681,""xRuns"":0.547,""xWicket"":0.12,""risk"":0.728,""control"":0.094}"
1194,10,16,3,21,29,59,1,0,,TRUE,FALSE,,,,lofted_drive,fine_leg,"{""phase"":""death"",""score"":""124/5"",""crr"":7.52,""rrr"":10.0,""pressure"":0.688,""xRuns"":0.993,""xWicket"":0.083,""risk"":0.667,""control"":0.442}"
1195,10,16,4,29,21,59,6,0,,TRUE,FALSE,,,,slog,silly_point,"{""phase"":""death"",""score"":""130/5"",""crr"":7.8,""rrr"":8.7,""pressure"":0.696,""xRuns"":0.54,""xWicket"":0.121,""risk"":0.885,""control"":0.035}"
1196,10,16,5,29,21,59,0,0,,TRUE,FALSE,,,,drive,fine_leg,"{""phase"":""death"",""score"":""130/5"",""crr"":7.72,""rrr"":9.16,""pressure"":0.662,""xRuns"":0.555,""xWicket"":0.119,""risk"":0.719,""control"":0.1}"
1197,10,16,6,29,21,59,0,0,,TRUE,FALSE,,,,flick,deep_square_leg,"{""phase"":""death"",""score"":""130/5"",""crr"":7.65,""rrr"":9.67,""pressure"":0.678,""xRuns"":0.548,""xWicket"":0.12,""risk"":0.727,""control"":0}"
1198,10,17,1,21,29,57,2,0,,TRUE,FALSE,,,,cover_drive,deep_cover,"{""phase"":""death"",""score"":""132/5"",""crr"":7.69,""rrr"":9.53,""pressure"":0.695,""xRuns"":1.181,""xWicket"":0.065,""risk"":0.67,""control"":0.514}"
1199,10,17,2,21,29,57,4,0,,TRUE,FALSE,,,,defence,third_point,"{""phase"":""death"",""score"":""136/5"",""crr"":7.85,""rrr"":8.62,""pressure"":0.694,""xRuns"":1.181,""xWicket"":0.065,""risk"":0.819,""control"":0.584}"
1200,10,17,3,21,29,57,4,1,no_ball,FALSE,FALSE,,,,hook,silly_mid_on,"{""phase"":""death"",""score"":""141/5"",""crr"":8.13,""rrr"":6.75,""pressure"":0.671,""xRuns"":1.191,""xWicket"":0.01,""risk"":0.809,""control"":0.555}"
1201,10,17,3,21,29,57,0,0,,TRUE,FALSE,,,,square_cut,deep_cover,"{""phase"":""death"",""score"":""141/5"",""crr"":8.06,""rrr"":7.2,""pressure"":0.618,""xRuns"":1.213,""xWicket"":0.061,""risk"":0.635,""control"":0.518}"
1202,10,17,4,21,29,57,6,0,,TRUE,FALSE,,,,straight_drive,silly_point,"{""phase"":""death"",""score"":""147/5"",""crr"":8.32,""rrr"":5.14,""pressure"":0.633,""xRuns"":1.207,""xWicket"":0.062,""risk"":0.792,""control"":0.593}"
1203,10,17,5,21,29,57,1,0,,TRUE,FALSE,,,,lofted_drive,mid_off,"{""phase"":""death"",""score"":""148/5"",""crr"":8.3,""rrr"":5.08,""pressure"":0.577,""xRuns"":1.231,""xWicket"":0.059,""risk"":0.617,""control"":0.544}"
1204,10,17,6,29,21,57,1,0,,TRUE,TRUE,caught,29,Keshav Lal,square_cut,silly_mid_on,"{""phase"":""death"",""score"":""149/5"",""crr"":8.28,""rrr"":5.0,""pressure"":0.578,""xRuns"":0.78,""xWicket"":0.097,""risk"":0.682,""control"":0.1}"
1205,10,18,1,22,21,57,1,0,,TRUE,FALSE,,,,cut,deep_square_leg,"{""phase"":""death"",""score"":""150/6"",""crr"":8.26,""rrr"":4.91,""pressure"":0.605,""xRuns"":0.492,""xWicket"":0.117,""risk"":0.672,""control"":0}"
1206,10,18,2,21,22,57,0,0,,TRUE,FALSE,,,,clip,silly_point,"{""phase"":""death"",""score"":""150/6"",""crr"":8.18,""rrr"":5.4,""pressure"":0.605,""xRuns"":1.219,""xWicket"":0.061,""risk"":0.629,""control"":0.563}"
1207,10,18,3,21,22,57,1,0,,TRUE,FALSE,,,,drive,deep_cover,"{""phase"":""death"",""score"":""151/6"",""crr"":8.16,""rrr"":5.33,""pressure"":0.622,""xRuns"":1.212,""xWicket"":0.062,""risk"":0.637,""control"":0.582}"
1208,10,18,4,22,21,57,1,0,,TRUE,FALSE,,,,drive,silly_point,"{""phase"":""death"",""score"":""152/6"",""crr"":8.14,""rrr"":5.25,""pressure"":0.623,""xRuns"":0.484,""xWicket"":0.118,""risk"":0.68,""control"":0}"
1209,10,18,5,21,22,57,2,0,,TRUE,FALSE,,,,drive,cover_point_inside,"{""phase"":""death"",""score"":""154/6"",""crr"":8.18,""rrr"":4.29,""pressure"":0.623,""xRuns"":1.211,""xWicket"":0.062,""risk"":0.637,""control"":0.535}"
1210,10,18,6,21,22,57,0,0,,TRUE,FALSE,,,,lofted,cover_point_inside,"{""phase"":""death"",""score"":""154/6"",""crr"":8.11,""rrr"":5.0,""pressure"":0.599,""xRuns"":1.221,""xWicket"":0.06,""risk"":0.627,""control"":0.516}"
1211,10,19,1,22,21,52,4,1,no_ball,FALSE,FALSE,,,,cover_drive,cover_point_inside,"{""phase"":""death"",""score"":""159/6"",""crr"":8.37,""rrr"":0.0,""pressure"":0.622,""xRuns"":0.313,""xWicket"":0.02,""risk"":0.83,""control"":0}"
1212,11,0,1,60,46,44,1,0,,TRUE,FALSE,,,,square_cut,cover_inside,"{""phase"":""powerplay"",""score"":""1/0"",""crr"":6.0,""rrr"":"""",""pressure"":0.0,""xRuns"":1.359,""xWicket"":0.034,""risk"":0.421,""control"":0.416}"
1213,11,0,2,46,60,44,1,0,,TRUE,FALSE,,,,cut,fine_leg_inside,"{""phase"":""powerplay"",""score"":""2/0"",""crr"":6.0,""rrr"":"""",""pressure"":0.003,""xRuns"":1.36,""xWicket"":0.034,""risk"":0.466,""control"":0.466}"
1214,11,0,3,60,46,44,0,0,,TRUE,FALSE,,,,hook,deep_extra_cover,"{""phase"":""powerplay"",""score"":""2/0"",""crr"":4.0,""rrr"":"""",""pressure"":0.006,""xRuns"":1.357,""xWicket"":0.034,""risk"":0.424,""control"":0.531}"
1215,11,0,4,60,46,44,0,0,,TRUE,FALSE,,,,scoop,deep_cover,"{""phase"":""powerplay"",""score"":""2/0"",""crr"":3.0,""rrr"":"""",""pressure"":0.009,""xRuns"":1.356,""xWicket"":0.034,""risk"":0.425,""control"":0.522}"
1216,11,0,5,60,46,44,4,0,,TRUE,FALSE,,,,paddle_sweep,cover_inside,"{""phase"":""powerplay"",""score"":""6/0"",""crr"":7.2,""rrr"":"""",""pressure"":0.011,""xRuns"":1.355,""xWicket"":0.034,""risk"":0.576,""control"":0.469}"
1217,11,0,6,60,46,44,1,0,,TRUE,FALSE,,,,reverse_sweep,point_inside,"{""phase"":""powerplay"",""score"":""7/0"",""crr"":7.0,""rrr"":"""",""pressure"":0.014,""xRuns"":1.353,""xWicket"":0.035,""risk"":0.428,""control"":0.541}"
1218,11,1,1,60,46,38,0,0,,TRUE,FALSE,,,,straight_drive,deep_cover,"{""phase"":""powerplay"",""score"":""7/0"",""crr"":6.0,""rrr"":"""",""pressure"":0.017,""xRuns"":1.371,""xWicket"":0.033,""risk"":0.429,""control"":0.416}"
1219,11,1,2,60,46,38,0,0,,TRUE,FALSE,,,,glance,short_leg,"{""phase"":""powerplay"",""score"":""7/0"",""crr"":5.25,""rrr"":"""",""pressure"":0.02,""xRuns"":1.37,""xWicket"":0.033,""risk"":0.43,""control"":0.498}"
1220,11,1,3,60,46,38,2,0,,TRUE,FALSE,,,,clip,straight_inside,"{""phase"":""powerplay"",""score"":""9/0"",""crr"":6.0,""rrr"":"""",""pressure"":0.023,""xRuns"":1.369,""xWicket"":0.033,""risk"":0.432,""control"":0.492}"
1221,11,1,4,60,46,38,0,1,bye,TRUE,FALSE,,,,reverse_sweep,straight_inside,"{""phase"":""powerplay"",""score"":""10/0"",""crr"":6.0,""rrr"":"""",""pressure"":0.026,""xRuns"":1.367,""xWicket"":0.033,""risk"":0.433,""control"":0.449}"
1222,11,1,5,46,60,38,4,0,,TRUE,FALSE,,,,straight_drive,cover_inside,"{""phase"":""powerplay"",""score"":""14/0"",""crr"":7.64,""rrr"":"""",""pressure"":0.028,""xRuns"":1.369,""xWicket"":0.034,""risk"":0.627,""control"":0.402}"
1223,11,1,6,46,60,38,0,0,,TRUE,FALSE,,,,paddle_sweep,silly_point,"{""phase"":""powerplay"",""score"":""14/0"",""crr"":7.0,""rrr"":"""",""pressure"":0.031,""xRuns"":1.368,""xWicket"":0.034,""risk"":0.478,""control"":0.486}"
1224,11,2,1,60,46,40,2,0,,TRUE,FALSE,,,,glance,deep_cover,"{""phase"":""powerplay"",""score"":""16/0"",""crr"":7.38,""rrr"":"""",""pressure"":0.034,""xRuns"":1.488,""xWicket"":0.022,""risk"":0.437,""control"":0.584}"
1225,11,2,2,60,46,40,0,0,,TRUE,FALSE,,,,cut,silly_mid_on,"{""phase"":""powerplay"",""score"":""16/0"",""crr"":6.86,""rrr"":"""",""pressure"":0.037,""xRuns"":1.487,""xWicket"":0.022,""risk"":0.438,""control"":0.485}"
1226,11,2,3,60,46,40,1,0,,TRUE,FALSE,,,,clip,short_leg,"{""phase"":""powerplay"",""score"":""17/0"",""crr"":6.8,""rrr"":"""",""pressure"":0.04,""xRuns"":1.485,""xWicket"":0.022,""risk"":0.439,""control"":0.514}"
1227,11,2,4,46,60,40,0,0,,TRUE,FALSE,,,,cover_drive,deep_cover,"{""phase"":""powerplay"",""score"":""17/0"",""crr"":6.38,""rrr"":"""",""pressure"":0.043,""xRuns"":1.486,""xWicket"":0.023,""risk"":0.484,""control"":0.463}"
1228,11,2,5,46,60,40,1,0,,TRUE,FALSE,,,,square_cut,mid_on_area,"{""phase"":""powerplay"",""score"":""18/0"",""crr"":6.35,""rrr"":"""",""pressure"":0.045,""xRuns"":1.486,""xWicket"":0.023,""risk"":0.485,""control"":0.474}"
1229,11,2,6,60,46,40,1,0,,TRUE,FALSE,,,,cut,mid_off,"{""phase"":""powerplay"",""score"":""19/0"",""crr"":6.33,""rrr"":"""",""pressure"":0.048,""xRuns"":1.482,""xWicket"":0.022,""risk"":0.443,""control"":0.542}"
1230,11,3,1,60,46,37,4,0,,TRUE,FALSE,,,,square_cut,mid_on_inside,"{""phase"":""powerplay"",""score"":""23/0"",""crr"":7.26,""rrr"":"""",""pressure"":0.051,""xRuns"":1.528,""xWicket"":0.018,""risk"":0.594,""control"":0.495}"
1231,11,3,2,60,46,37,4,0,,TRUE,FALSE,,,,defence,silly_mid_on,"{""phase"":""powerplay"",""score"":""27/0"",""crr"":8.1,""rrr"":"""",""pressure"":0.054,""xRuns"":1.527,""xWicket"":0.018,""risk"":0.596,""control"":0.562}"
1232,11,3,3,60,46,37,2,0,,TRUE,FALSE,,,,paddle_sweep,cover_point_inside,"{""phase"":""powerplay"",""score"":""29/0"",""crr"":8.29,""rrr"":"""",""pressure"":0.057,""xRuns"":1.526,""xWicket"":0.018,""risk"":0.447,""control"":0.636}"
1233,11,3,4,60,46,37,1,0,,TRUE,FALSE,,,,sweep,third_point,"{""phase"":""powerplay"",""score"":""30/0"",""crr"":8.18,""rrr"":"""",""pressure"":0.059,""xRuns"":1.525,""xWicket"":0.018,""risk"":0.448,""control"":0.592}"
1234,11,3,5,46,60,37,3,0,,TRUE,FALSE,,,,slog,deep_extra_cover,"{""phase"":""powerplay"",""score"":""33/0"",""crr"":8.61,""rrr"":"""",""pressure"":0.062,""xRuns"":1.526,""xWicket"":0.019,""risk"":0.492,""control"":0.541}"
1235,11,3,6,60,46,37,2,0,,TRUE,FALSE,,,,scoop,long_on,"{""phase"":""powerplay"",""score"":""35/0"",""crr"":8.75,""rrr"":"""",""pressure"":0.065,""xRuns"":1.523,""xWicket"":0.019,""risk"":0.451,""control"":0.493}"
1236,11,4,1,46,60,39,1,0,,TRUE,FALSE,,,,flick,cover_point_inside,"{""phase"":""powerplay"",""score"":""36/0"",""crr"":8.64,""rrr"":"""",""pressure"":0.068,""xRuns"":1.543,""xWicket"":0.017,""risk"":0.495,""control"":0.535}"
1237,11,4,2,60,46,39,0,0,,TRUE,FALSE,,,,clip,third_point,"{""phase"":""powerplay"",""score"":""36/0"",""crr"":8.31,""rrr"":"""",""pressure"":0.071,""xRuns"":1.539,""xWicket"":0.017,""risk"":0.453,""control"":0.621}"
1238,11,4,3,60,46,39,1,0,,TRUE,FALSE,,,,cover_drive,silly_point,"{""phase"":""powerplay"",""score"":""37/0"",""crr"":8.22,""rrr"":"""",""pressure"":0.074,""xRuns"":1.538,""xWicket"":0.017,""risk"":0.455,""control"":0.614}"
1239,11,4,4,46,60,39,2,0,,TRUE,FALSE,,,,square_cut,fine_leg_inside,"{""phase"":""powerplay"",""score"":""39/0"",""crr"":8.36,""rrr"":"""",""pressure"":0.077,""xRuns"":1.539,""xWicket"":0.018,""risk"":0.499,""control"":0.534}"
1240,11,4,5,46,60,39,0,0,,TRUE,FALSE,,,,upper_cut,long_off,"{""phase"":""powerplay"",""score"":""39/0"",""crr"":8.07,""rrr"":"""",""pressure"":0.079,""xRuns"":1.538,""xWicket"":0.018,""risk"":0.5,""control"":0.549}"
1241,11,4,6,46,60,39,0,0,,TRUE,FALSE,,,,clip,short_leg,"{""phase"":""powerplay"",""score"":""39/0"",""crr"":7.8,""rrr"":"""",""pressure"":0.082,""xRuns"":1.537,""xWicket"":0.018,""risk"":0.501,""control"":0.621}"
1242,11,5,1,60,46,42,1,0,,TRUE,FALSE,,,,flick,silly_point,"{""phase"":""powerplay"",""score"":""40/0"",""crr"":7.74,""rrr"":"""",""pressure"":0.085,""xRuns"":1.581,""xWicket"":0.013,""risk"":0.46,""control"":0.642}"
1243,11,5,2,46,60,42,0,1,bye,TRUE,FALSE,,,,lofted_drive,mid_on_inside,"{""phase"":""powerplay"",""score"":""41/0"",""crr"":7.69,""rrr"":"""",""pressure"":0.088,""xRuns"":1.582,""xWicket"":0.014,""risk"":0.504,""control"":0.632}"
1244,11,5,3,60,46,42,1,0,,TRUE,FALSE,,,,glance,silly_mid_on,"{""phase"":""powerplay"",""score"":""42/0"",""crr"":7.64,""rrr"":"""",""pressure"":0.091,""xRuns"":1.578,""xWicket"":0.013,""risk"":0.462,""control"":0.608}"
1245,11,5,4,46,60,42,4,0,,TRUE,FALSE,,,,sweep,deep_square_leg,"{""phase"":""powerplay"",""score"":""46/0"",""crr"":8.12,""rrr"":"""",""pressure"":0.094,""xRuns"":1.579,""xWicket"":0.014,""risk"":0.657,""control"":0.55}"
1246,11,5,5,46,60,42,2,0,,TRUE,FALSE,,,,defence,long_off,"{""phase"":""powerplay"",""score"":""48/0"",""crr"":8.23,""rrr"":"""",""pressure"":0.096,""xRuns"":1.578,""xWicket"":0.014,""risk"":0.507,""control"":0.54}"
1247,11,5,6,46,60,42,2,0,,TRUE,FALSE,,,,late_cut,silly_mid_wicket,"{""phase"":""powerplay"",""score"":""50/0"",""crr"":8.33,""rrr"":"""",""pressure"":0.099,""xRuns"":1.577,""xWicket"":0.014,""risk"":0.509,""control"":0.632}"
1248,11,6,1,60,46,44,1,0,,TRUE,FALSE,,,,paddle_sweep,long_on,"{""phase"":""middle"",""score"":""51/0"",""crr"":8.27,""rrr"":"""",""pressure"":0.102,""xRuns"":1.317,""xWicket"":0.039,""risk"":0.467,""control"":0.481}"
1249,11,6,2,46,60,44,2,0,,TRUE,FALSE,,,,scoop,deep_cover,"{""phase"":""middle"",""score"":""53/0"",""crr"":8.37,""rrr"":"""",""pressure"":0.105,""xRuns"":1.317,""xWicket"":0.039,""risk"":0.512,""control"":0.527}"
1250,11,6,3,46,60,44,0,0,,TRUE,FALSE,,,,square_cut,mid_off,"{""phase"":""middle"",""score"":""53/0"",""crr"":8.15,""rrr"":"""",""pressure"":0.108,""xRuns"":1.316,""xWicket"":0.039,""risk"":0.513,""control"":0.463}"
1251,11,6,4,46,60,44,2,0,,TRUE,FALSE,,,,pull,mid_off,"{""phase"":""middle"",""score"":""55/0"",""crr"":8.25,""rrr"":"""",""pressure"":0.111,""xRuns"":1.315,""xWicket"":0.039,""risk"":0.514,""control"":0.395}"
1252,11,6,5,46,60,44,1,0,,TRUE,FALSE,,,,sweep,long_off,"{""phase"":""middle"",""score"":""56/0"",""crr"":8.2,""rrr"":"""",""pressure"":0.113,""xRuns"":1.314,""xWicket"":0.039,""risk"":0.515,""control"":0.448}"
1253,11,6,6,60,46,44,1,0,,TRUE,FALSE,,,,late_cut,long_off,"{""phase"":""middle"",""score"":""57/0"",""crr"":8.14,""rrr"":"""",""pressure"":0.116,""xRuns"":1.311,""xWicket"":0.039,""risk"":0.474,""control"":0.463}"
1254,11,7,1,60,46,38,0,0,,TRUE,FALSE,,,,pull,short_leg,"{""phase"":""middle"",""score"":""57/0"",""crr"":7.95,""rrr"":"""",""pressure"":0.119,""xRuns"":1.328,""xWicket"":0.037,""risk"":0.475,""control"":0.474}"
1255,11,7,2,60,46,38,1,0,,TRUE,FALSE,,,,on_drive,silly_point,"{""phase"":""middle"",""score"":""58/0"",""crr"":7.91,""rrr"":"""",""pressure"":0.122,""xRuns"":1.327,""xWicket"":0.038,""risk"":0.476,""control"":0.521}"
1256,11,7,3,46,60,38,0,0,,TRUE,FALSE,,,,on_drive,silly_point,"{""phase"":""middle"",""score"":""58/0"",""crr"":7.73,""rrr"":"""",""pressure"":0.125,""xRuns"":1.328,""xWicket"":0.038,""risk"":0.521,""control"":0.464}"
1257,11,7,4,46,60,38,1,0,,TRUE,FALSE,,,,drive,short_leg,"{""phase"":""middle"",""score"":""59/0"",""crr"":7.7,""rrr"":"""",""pressure"":0.128,""xRuns"":1.327,""xWicket"":0.038,""risk"":0.522,""control"":0.405}"
1258,11,7,5,60,46,38,1,0,,TRUE,FALSE,,,,lofted_drive,mid_on_area,"{""phase"":""middle"",""score"":""60/0"",""crr"":7.66,""rrr"":"""",""pressure"":0.13,""xRuns"":1.324,""xWicket"":0.038,""risk"":0.48,""control"":0.565}"
1259,11,7,6,46,60,38,3,0,,TRUE,FALSE,,,,on_drive,silly_mid_wicket,"{""phase"":""middle"",""score"":""63/0"",""crr"":7.88,""rrr"":"""",""pressure"":0.133,""xRuns"":1.325,""xWicket"":0.038,""risk"":0.524,""control"":0.532}"
1260,11,8,1,46,60,40,0,0,,TRUE,FALSE,,,,upper_cut,short_leg,"{""phase"":""middle"",""score"":""63/0"",""crr"":7.71,""rrr"":"""",""pressure"":0.136,""xRuns"":1.447,""xWicket"":0.027,""risk"":0.525,""control"":0.554}"
1261,11,8,2,46,60,40,1,0,,TRUE,FALSE,,,,lofted_drive,square_leg_inside,"{""phase"":""middle"",""score"":""64/0"",""crr"":7.68,""rrr"":"""",""pressure"":0.139,""xRuns"":1.446,""xWicket"":0.027,""risk"":0.527,""control"":0.586}"
1262,11,8,3,60,46,40,1,0,,TRUE,FALSE,,,,on_drive,square_leg_inside,"{""phase"":""middle"",""score"":""65/0"",""crr"":7.65,""rrr"":"""",""pressure"":0.142,""xRuns"":1.443,""xWicket"":0.027,""risk"":0.485,""control"":0.57}"
1263,11,8,4,46,60,40,1,0,,TRUE,FALSE,,,,pull,deep_cover,"{""phase"":""middle"",""score"":""66/0"",""crr"":7.62,""rrr"":"""",""pressure"":0.145,""xRuns"":1.444,""xWicket"":0.027,""risk"":0.53,""control"":0.462}"
1264,11,8,5,60,46,40,2,0,,TRUE,FALSE,,,,ramp,point_inside,"{""phase"":""middle"",""score"":""68/0"",""crr"":7.7,""rrr"":"""",""pressure"":0.147,""xRuns"":1.44,""xWicket"":0.027,""risk"":0.488,""control"":0.556}"
1265,11,8,6,60,46,40,0,0,,TRUE,FALSE,,,,on_drive,third_point,"{""phase"":""middle"",""score"":""68/0"",""crr"":7.56,""rrr"":"""",""pressure"":0.15,""xRuns"":1.439,""xWicket"":0.027,""risk"":0.489,""control"":0.599}"
1266,11,9,1,46,60,37,0,2,bye,TRUE,FALSE,,,,on_drive,fine_leg,"{""phase"":""middle"",""score"":""70/0"",""crr"":7.64,""rrr"":"""",""pressure"":0.153,""xRuns"":1.488,""xWicket"":0.023,""risk"":0.533,""control"":0.56}"
1267,11,9,2,46,60,37,4,0,,TRUE,FALSE,,,,cover_drive,fine_leg,"{""phase"":""middle"",""score"":""74/0"",""crr"":7.93,""rrr"":"""",""pressure"":0.156,""xRuns"":1.487,""xWicket"":0.023,""risk"":0.684,""control"":0.572}"
1268,11,9,3,46,60,37,1,0,,TRUE,FALSE,,,,glance,mid_on_area,"{""phase"":""middle"",""score"":""75/0"",""crr"":7.89,""rrr"":"""",""pressure"":0.159,""xRuns"":1.485,""xWicket"":0.023,""risk"":0.536,""control"":0.51}"
1269,11,9,4,60,46,37,6,0,,TRUE,FALSE,,,,flick,third_point,"{""phase"":""middle"",""score"":""81/0"",""crr"":8.38,""rrr"":"""",""pressure"":0.162,""xRuns"":1.482,""xWicket"":0.023,""risk"":0.644,""control"":0.505}"
1270,11,9,5,60,46,37,1,0,,TRUE,FALSE,,,,defence,third_point,"{""phase"":""middle"",""score"":""82/0"",""crr"":8.34,""rrr"":"""",""pressure"":0.164,""xRuns"":1.481,""xWicket"":0.023,""risk"":0.495,""control"":0.638}"
1271,11,9,6,46,60,37,1,0,,TRUE,FALSE,,,,straight_drive,fine_leg,"{""phase"":""middle"",""score"":""83/0"",""crr"":8.3,""rrr"":"""",""pressure"":0.167,""xRuns"":1.482,""xWicket"":0.024,""risk"":0.539,""control"":0.585}"
1272,11,10,1,46,60,39,6,0,,TRUE,FALSE,,,,flick,short_leg,"{""phase"":""middle"",""score"":""89/0"",""crr"":8.75,""rrr"":"""",""pressure"":0.17,""xRuns"":1.5,""xWicket"":0.022,""risk"":0.691,""control"":0.467}"
1273,11,10,2,46,60,39,0,1,wide,FALSE,FALSE,,,,defence,long_off,"{""phase"":""middle"",""score"":""90/0"",""crr"":8.85,""rrr"":"""",""pressure"":0.173,""xRuns"":1.498,""xWicket"":0.006,""risk"":0.542,""control"":0.51}"
1274,11,10,2,46,60,39,0,0,,TRUE,FALSE,,,,scoop,straight_inside,"{""phase"":""middle"",""score"":""90/0"",""crr"":8.71,""rrr"":"""",""pressure"":0.173,""xRuns"":1.498,""xWicket"":0.022,""risk"":0.542,""control"":0.472}"
1275,11,10,3,46,60,39,0,0,,TRUE,FALSE,,,,pull,point_inside,"{""phase"":""middle"",""score"":""90/0"",""crr"":8.57,""rrr"":"""",""pressure"":0.176,""xRuns"":1.497,""xWicket"":0.022,""risk"":0.543,""control"":0.467}"
1276,11,10,4,46,60,39,1,0,,TRUE,FALSE,,,,straight_drive,cover_inside,"{""phase"":""middle"",""score"":""91/0"",""crr"":8.53,""rrr"":"""",""pressure"":0.179,""xRuns"":1.496,""xWicket"":0.022,""risk"":0.545,""control"":0.579}"
1277,11,10,5,60,46,39,2,0,,TRUE,FALSE,,,,cut,silly_mid_wicket,"{""phase"":""middle"",""score"":""93/0"",""crr"":8.58,""rrr"":"""",""pressure"":0.181,""xRuns"":1.493,""xWicket"":0.022,""risk"":0.503,""control"":0.54}"
1278,11,10,6,60,46,39,1,0,,TRUE,FALSE,,,,lofted_drive,deep_square_leg,"{""phase"":""middle"",""score"":""94/0"",""crr"":8.55,""rrr"":"""",""pressure"":0.184,""xRuns"":1.492,""xWicket"":0.022,""risk"":0.504,""control"":0.646}"
1279,11,11,1,60,46,42,1,0,,TRUE,FALSE,,,,hook,cover_point_inside,"{""phase"":""middle"",""score"":""95/0"",""crr"":8.51,""rrr"":"""",""pressure"":0.187,""xRuns"":1.538,""xWicket"":0.018,""risk"":0.506,""control"":0.523}"
1280,11,11,2,46,60,42,0,2,leg_bye,TRUE,FALSE,,,,hook,point_inside,"{""phase"":""middle"",""score"":""97/0"",""crr"":8.56,""rrr"":"""",""pressure"":0.19,""xRuns"":1.539,""xWicket"":0.018,""risk"":0.55,""control"":0.517}"
1281,11,11,3,46,60,42,6,0,,TRUE,FALSE,,,,cut,third_point,"{""phase"":""middle"",""score"":""103/0"",""crr"":8.96,""rrr"":"""",""pressure"":0.193,""xRuns"":1.538,""xWicket"":0.018,""risk"":0.701,""control"":0.534}"
1282,11,11,4,46,60,42,1,0,,TRUE,FALSE,,,,lofted_drive,fine_leg_inside,"{""phase"":""middle"",""score"":""104/0"",""crr"":8.91,""rrr"":"""",""pressure"":0.196,""xRuns"":1.536,""xWicket"":0.019,""risk"":0.552,""control"":0.583}"
1283,11,11,5,60,46,42,4,0,,TRUE,FALSE,,,,sweep,point_inside,"{""phase"":""middle"",""score"":""108/0"",""crr"":9.13,""rrr"":"""",""pressure"":0.198,""xRuns"":1.533,""xWicket"":0.018,""risk"":0.661,""control"":0.562}"
1284,11,11,6,60,46,42,1,0,,TRUE,FALSE,,,,sweep,mid_on_area,"{""phase"":""middle"",""score"":""109/0"",""crr"":9.08,""rrr"":"""",""pressure"":0.201,""xRuns"":1.532,""xWicket"":0.018,""risk"":0.512,""control"":0.631}"
1285,11,12,1,60,46,44,0,0,,TRUE,FALSE,,,,lofted_drive,fine_leg_inside,"{""phase"":""middle"",""score"":""109/0"",""crr"":8.96,""rrr"":"""",""pressure"":0.204,""xRuns"":1.274,""xWicket"":0.043,""risk"":0.513,""control"":0.444}"
1286,11,12,2,60,46,44,0,0,,TRUE,FALSE,,,,cut,fine_leg_inside,"{""phase"":""middle"",""score"":""109/0"",""crr"":8.84,""rrr"":"""",""pressure"":0.207,""xRuns"":1.272,""xWicket"":0.043,""risk"":0.515,""control"":0.479}"
1287,11,12,3,60,46,44,0,0,,TRUE,FALSE,,,,clip,silly_mid_on,"{""phase"":""middle"",""score"":""109/0"",""crr"":8.72,""rrr"":"""",""pressure"":0.21,""xRuns"":1.271,""xWicket"":0.043,""risk"":0.516,""control"":0.455}"
1288,11,12,4,60,46,44,2,0,,TRUE,FALSE,,,,late_cut,short_leg,"{""phase"":""middle"",""score"":""111/0"",""crr"":8.76,""rrr"":"""",""pressure"":0.213,""xRuns"":1.27,""xWicket"":0.044,""risk"":0.517,""control"":0.56}"
1289,11,12,5,60,46,44,2,0,,TRUE,FALSE,,,,paddle_sweep,cover_inside,"{""phase"":""middle"",""score"":""113/0"",""crr"":8.81,""rrr"":"""",""pressure"":0.215,""xRuns"":1.269,""xWicket"":0.044,""risk"":0.518,""control"":0.436}"
1290,11,12,6,60,46,44,1,0,,TRUE,FALSE,,,,straight_drive,silly_point,"{""phase"":""middle"",""score"":""114/0"",""crr"":8.77,""rrr"":"""",""pressure"":0.218,""xRuns"":1.268,""xWicket"":0.044,""risk"":0.52,""control"":0.462}"
1291,11,13,1,60,46,38,2,0,,TRUE,FALSE,,,,defence,deep_square_leg,"{""phase"":""middle"",""score"":""116/0"",""crr"":8.81,""rrr"":"""",""pressure"":0.221,""xRuns"":1.286,""xWicket"":0.042,""risk"":0.521,""control"":0.421}"
1292,11,13,2,60,46,38,0,0,,TRUE,FALSE,,,,paddle_sweep,straight_inside,"{""phase"":""middle"",""score"":""116/0"",""crr"":8.7,""rrr"":"""",""pressure"":0.224,""xRuns"":1.284,""xWicket"":0.042,""risk"":0.522,""control"":0.514}"
1293,11,13,3,60,46,38,4,0,,TRUE,FALSE,,,,ramp,mid_off,"{""phase"":""middle"",""score"":""120/0"",""crr"":8.89,""rrr"":"""",""pressure"":0.227,""xRuns"":1.283,""xWicket"":0.042,""risk"":0.674,""control"":0.448}"
1294,11,13,4,60,46,38,0,0,,TRUE,FALSE,,,,flick,short_leg,"{""phase"":""middle"",""score"":""120/0"",""crr"":8.78,""rrr"":"""",""pressure"":0.23,""xRuns"":1.282,""xWicket"":0.042,""risk"":0.525,""control"":0.479}"
1295,11,13,5,60,46,38,1,0,,TRUE,TRUE,lbw,60,,sweep,mid_on_inside,"{""phase"":""middle"",""score"":""121/0"",""crr"":8.75,""rrr"":"""",""pressure"":0.232,""xRuns"":1.281,""xWicket"":0.043,""risk"":0.526,""control"":0.473}"
1296,11,13,6,46,56,38,0,0,,TRUE,FALSE,,,,scoop,short_leg,"{""phase"":""middle"",""score"":""121/1"",""crr"":8.64,""rrr"":"""",""pressure"":0.261,""xRuns"":1.271,""xWicket"":0.044,""risk"":0.582,""control"":0.414}"
1297,11,14,1,56,46,40,1,0,,TRUE,FALSE,,,,lofted_drive,square_leg_inside,"{""phase"":""middle"",""score"":""122/1"",""crr"":8.61,""rrr"":"""",""pressure"":0.264,""xRuns"":1.5,""xWicket"":0.044,""risk"":0.705,""control"":0.487}"
1298,11,14,2,46,56,40,2,0,,TRUE,FALSE,,,,sweep,deep_cover,"{""phase"":""middle"",""score"":""124/1"",""crr"":8.65,""rrr"":"""",""pressure"":0.267,""xRuns"":1.392,""xWicket"":0.033,""risk"":0.584,""control"":0.554}"
1299,11,14,3,46,56,40,1,0,,TRUE,FALSE,,,,pull,silly_point,"{""phase"":""middle"",""score"":""125/1"",""crr"":8.62,""rrr"":"""",""pressure"":0.27,""xRuns"":1.391,""xWicket"":0.033,""risk"":0.586,""control"":0.495}"
1300,11,14,4,56,46,40,0,2,leg_bye,TRUE,FALSE,,,,cut,long_on,"{""phase"":""middle"",""score"":""127/1"",""crr"":8.66,""rrr"":"""",""pressure"":0.273,""xRuns"":1.496,""xWicket"":0.044,""risk"":0.709,""control"":0.437}"
1301,11,14,5,56,46,40,0,2,bye,TRUE,FALSE,,,,paddle_sweep,silly_point,"{""phase"":""middle"",""score"":""129/1"",""crr"":8.7,""rrr"":"""",""pressure"":0.275,""xRuns"":1.495,""xWicket"":0.044,""risk"":0.709,""control"":0.487}"
1302,11,14,6,56,46,40,1,0,,TRUE,FALSE,,,,cover_drive,silly_mid_wicket,"{""phase"":""middle"",""score"":""130/1"",""crr"":8.67,""rrr"":"""",""pressure"":0.278,""xRuns"":1.494,""xWicket"":0.044,""risk"":0.711,""control"":0.467}"
1303,11,15,1,56,46,37,1,0,,TRUE,FALSE,,,,paddle_sweep,deep_extra_cover,"{""phase"":""death"",""score"":""131/1"",""crr"":8.64,""rrr"":"""",""pressure"":0.281,""xRuns"":1.54,""xWicket"":0.058,""risk"":0.712,""control"":0.507}"
1304,11,15,2,46,56,37,1,0,,TRUE,FALSE,,,,sweep,silly_mid_on,"{""phase"":""death"",""score"":""132/1"",""crr"":8.61,""rrr"":"""",""pressure"":0.284,""xRuns"":1.433,""xWicket"":0.047,""risk"":0.592,""control"":0.585}"
1305,11,15,3,56,46,37,2,0,,TRUE,FALSE,,,,hook,silly_mid_wicket,"{""phase"":""death"",""score"":""134/1"",""crr"":8.65,""rrr"":"""",""pressure"":0.287,""xRuns"":1.538,""xWicket"":0.058,""risk"":0.715,""control"":0.467}"
1306,11,15,4,56,46,37,4,0,,TRUE,TRUE,caught,56,Parth Dubey,reverse_sweep,silly_mid_wicket,"{""phase"":""death"",""score"":""138/1"",""crr"":8.81,""rrr"":"""",""pressure"":0.29,""xRuns"":1.536,""xWicket"":0.058,""risk"":0.866,""control"":0.468}"
1307,11,15,5,58,46,37,0,1,bye,TRUE,FALSE,,,,upper_cut,mid_on_area,"{""phase"":""death"",""score"":""139/2"",""crr"":8.78,""rrr"":"""",""pressure"":0.318,""xRuns"":1.339,""xWicket"":0.056,""risk"":0.557,""control"":0.493}"
1308,11,15,6,46,58,37,4,0,,TRUE,FALSE,,,,drive,cover_point_inside,"{""phase"":""death"",""score"":""143/2"",""crr"":8.94,""rrr"":"""",""pressure"":0.321,""xRuns"":1.417,""xWicket"":0.049,""risk"":0.759,""control"":0.483}"
1309,11,16,1,58,46,37,0,0,,TRUE,FALSE,,,,pull,third_point,"{""phase"":""death"",""score"":""143/2"",""crr"":8.85,""rrr"":"""",""pressure"":0.324,""xRuns"":1.337,""xWicket"":0.057,""risk"":0.56,""control"":0.573}"
1310,11,16,2,58,46,37,0,0,,TRUE,FALSE,,,,on_drive,mid_on_inside,"{""phase"":""death"",""score"":""143/2"",""crr"":8.76,""rrr"":"""",""pressure"":0.327,""xRuns"":1.336,""xWicket"":0.057,""risk"":0.561,""control"":0.518}"
1311,11,16,3,58,46,37,1,0,,TRUE,FALSE,,,,defence,deep_square_leg,"{""phase"":""death"",""score"":""144/2"",""crr"":8.73,""rrr"":"""",""pressure"":0.33,""xRuns"":1.334,""xWicket"":0.057,""risk"":0.563,""control"":0.466}"
1312,11,16,4,46,58,37,0,0,,TRUE,FALSE,,,,glance,deep_cover,"{""phase"":""death"",""score"":""144/2"",""crr"":8.64,""rrr"":"""",""pressure"":0.333,""xRuns"":1.412,""xWicket"":0.049,""risk"":0.614,""control"":0.5}"
1313,11,16,5,46,58,37,4,0,,TRUE,FALSE,,,,reverse_sweep,point_inside,"{""phase"":""death"",""score"":""148/2"",""crr"":8.79,""rrr"":"""",""pressure"":0.335,""xRuns"":1.411,""xWicket"":0.049,""risk"":0.765,""control"":0.48}"
1314,11,16,6,46,58,37,0,0,,TRUE,FALSE,,,,lofted_drive,deep_square_leg,"{""phase"":""death"",""score"":""148/2"",""crr"":8.71,""rrr"":"""",""pressure"":0.338,""xRuns"":1.41,""xWicket"":0.049,""risk"":0.616,""control"":0.523}"
1315,11,17,1,58,46,38,1,0,,TRUE,FALSE,,,,cover_drive,deep_cover,"{""phase"":""death"",""score"":""149/2"",""crr"":8.68,""rrr"":"""",""pressure"":0.341,""xRuns"":1.158,""xWicket"":0.074,""risk"":0.568,""control"":0.43}"
1316,11,17,2,46,58,38,4,0,,TRUE,FALSE,,,,hook,silly_mid_on,"{""phase"":""death"",""score"":""153/2"",""crr"":8.83,""rrr"":"""",""pressure"":0.344,""xRuns"":1.236,""xWicket"":0.066,""risk"":0.769,""control"":0.435}"
1317,11,17,3,46,58,38,0,0,,TRUE,FALSE,,,,cover_drive,long_on,"{""phase"":""death"",""score"":""153/2"",""crr"":8.74,""rrr"":"""",""pressure"":0.347,""xRuns"":1.235,""xWicket"":0.066,""risk"":0.62,""control"":0.412}"
1318,11,17,4,46,58,38,1,0,,TRUE,FALSE,,,,glance,fine_leg_inside,"{""phase"":""death"",""score"":""154/2"",""crr"":8.72,""rrr"":"""",""pressure"":0.35,""xRuns"":1.234,""xWicket"":0.066,""risk"":0.622,""control"":0.532}"
1319,11,17,5,58,46,38,4,0,,TRUE,FALSE,,,,slog,long_on,"{""phase"":""death"",""score"":""158/2"",""crr"":8.86,""rrr"":"""",""pressure"":0.352,""xRuns"":1.154,""xWicket"":0.074,""risk"":0.723,""control"":0.377}"
1320,11,17,6,58,46,38,0,1,wide,FALSE,FALSE,,,,cover_drive,fine_leg,"{""phase"":""death"",""score"":""159/2"",""crr"":8.92,""rrr"":"""",""pressure"":0.355,""xRuns"":1.152,""xWicket"":0.007,""risk"":0.574,""control"":0.485}"
1321,11,17,6,58,46,38,1,0,,TRUE,FALSE,,,,upper_cut,third_point,"{""phase"":""death"",""score"":""160/2"",""crr"":8.89,""rrr"":"""",""pressure"":0.355,""xRuns"":1.152,""xWicket"":0.074,""risk"":0.574,""control"":0.401}"
1322,11,18,1,58,46,39,1,0,,TRUE,FALSE,,,,slog,short_leg,"{""phase"":""death"",""score"":""161/2"",""crr"":8.86,""rrr"":"""",""pressure"":0.358,""xRuns"":1.342,""xWicket"":0.056,""risk"":0.575,""control"":0.474}"
1323,11,18,2,46,58,39,2,0,,TRUE,FALSE,,,,straight_drive,cover_inside,"{""phase"":""death"",""score"":""163/2"",""crr"":8.89,""rrr"":"""",""pressure"":0.361,""xRuns"":1.419,""xWicket"":0.049,""risk"":0.627,""control"":0.502}"
1324,11,18,3,46,58,39,0,0,,TRUE,FALSE,,,,late_cut,silly_mid_on,"{""phase"":""death"",""score"":""163/2"",""crr"":8.81,""rrr"":"""",""pressure"":0.364,""xRuns"":1.418,""xWicket"":0.049,""risk"":0.628,""control"":0.588}"
1325,11,18,4,46,58,39,0,0,,TRUE,FALSE,,,,cover_drive,cover_point_inside,"{""phase"":""death"",""score"":""163/2"",""crr"":8.73,""rrr"":"""",""pressure"":0.367,""xRuns"":1.417,""xWicket"":0.049,""risk"":0.629,""control"":0.555}"
1326,11,18,5,46,58,39,0,0,,TRUE,TRUE,stumped,46,Viraj Thakur,hook,silly_mid_wicket,"{""phase"":""death"",""score"":""163/2"",""crr"":8.65,""rrr"":"""",""pressure"":0.369,""xRuns"":1.416,""xWicket"":0.049,""risk"":0.63,""control"":0.612}"
1327,11,18,6,57,58,39,1,0,,TRUE,FALSE,,,,paddle_sweep,straight_inside,"{""phase"":""death"",""score"":""164/3"",""crr"":8.63,""rrr"":"""",""pressure"":0.398,""xRuns"":1.489,""xWicket"":0.059,""risk"":0.808,""control"":0.472}"
1328,11,19,1,57,58,39,1,0,,TRUE,FALSE,,,,square_cut,silly_mid_wicket,"{""phase"":""death"",""score"":""165/3"",""crr"":8.61,""rrr"":"""",""pressure"":0.401,""xRuns"":1.488,""xWicket"":0.059,""risk"":0.809,""control"":0.518}"
1329,11,19,2,58,57,39,1,0,,TRUE,FALSE,,,,late_cut,silly_mid_on,"{""phase"":""death"",""score"":""166/3"",""crr"":8.59,""rrr"":"""",""pressure"":0.404,""xRuns"":1.322,""xWicket"":0.058,""risk"":0.596,""control"":0.467}"
1330,11,19,3,57,58,39,1,0,,TRUE,FALSE,,,,ramp,fine_leg_inside,"{""phase"":""death"",""score"":""167/3"",""crr"":8.56,""rrr"":"""",""pressure"":0.407,""xRuns"":1.485,""xWicket"":0.06,""risk"":0.812,""control"":0.423}"
1331,11,19,4,58,57,39,6,0,,TRUE,FALSE,,,,hook,cover_inside,"{""phase"":""death"",""score"":""173/3"",""crr"":8.8,""rrr"":"""",""pressure"":0.41,""xRuns"":1.32,""xWicket"":0.059,""risk"":0.749,""control"":0.554}"
1332,11,19,5,58,57,39,0,0,,TRUE,FALSE,,,,slog,straight_inside,"{""phase"":""death"",""score"":""173/3"",""crr"":8.72,""rrr"":"""",""pressure"":0.412,""xRuns"":1.319,""xWicket"":0.059,""risk"":0.6,""control"":0.464}"
1333,11,19,6,58,57,39,0,0,,TRUE,FALSE,,,,slog,point_inside,"{""phase"":""death"",""score"":""173/3"",""crr"":8.65,""rrr"":"""",""pressure"":0.415,""xRuns"":1.318,""xWicket"":0.059,""risk"":0.601,""control"":0.488}"
1334,12,0,1,36,31,55,4,0,,TRUE,FALSE,,,,lofted_drive,fine_leg,"{""phase"":""powerplay"",""score"":""4/0"",""crr"":24.0,""rrr"":8.57,""pressure"":0.249,""xRuns"":1.248,""xWicket"":0.038,""risk"":0.641,""control"":0.557}"
1335,12,0,2,36,31,55,1,0,,TRUE,FALSE,,,,square_cut,deep_extra_cover,"{""phase"":""powerplay"",""score"":""5/0"",""crr"":15.0,""rrr"":8.59,""pressure"":0.248,""xRuns"":1.249,""xWicket"":0.038,""risk"":0.49,""control"":0.528}"
1336,12,0,3,31,36,55,4,0,,TRUE,FALSE,,,,sweep,straight_inside,"{""phase"":""powerplay"",""score"":""9/0"",""crr"":18.0,""rrr"":8.46,""pressure"":0.251,""xRuns"":1.411,""xWicket"":0.046,""risk"":0.856,""control"":0.474}"
1337,12,0,4,31,36,55,1,0,,TRUE,FALSE,,,,pull,mid_on_area,"{""phase"":""powerplay"",""score"":""10/0"",""crr"":15.0,""rrr"":8.48,""pressure"":0.25,""xRuns"":1.412,""xWicket"":0.046,""risk"":0.705,""control"":0.529}"
1338,12,0,5,36,31,55,1,0,,TRUE,FALSE,,,,defence,short_leg,"{""phase"":""powerplay"",""score"":""11/0"",""crr"":13.2,""rrr"":8.5,""pressure"":0.254,""xRuns"":1.246,""xWicket"":0.038,""risk"":0.493,""control"":0.454}"
1339,12,0,6,31,36,55,2,0,,TRUE,FALSE,,,,straight_drive,cover_point_inside,"{""phase"":""powerplay"",""score"":""13/0"",""crr"":13.0,""rrr"":8.47,""pressure"":0.257,""xRuns"":1.409,""xWicket"":0.046,""risk"":0.709,""control"":0.488}"
1340,12,1,1,36,31,59,4,0,,TRUE,TRUE,caught,36,Yuvraj Panwar,lofted_drive,cover_inside,"{""phase"":""powerplay"",""score"":""17/0"",""crr"":14.57,""rrr"":8.34,""pressure"":0.259,""xRuns"":1.263,""xWicket"":0.037,""risk"":0.645,""control"":0.575}"
1341,12,1,2,41,31,59,4,0,,TRUE,FALSE,,,,cover_drive,deep_cover,"{""phase"":""powerplay"",""score"":""21/1"",""crr"":15.75,""rrr"":8.2,""pressure"":0.284,""xRuns"":1.273,""xWicket"":0.045,""risk"":0.721,""control"":0.467}"
1342,12,1,3,41,31,59,1,0,,TRUE,FALSE,,,,pull,fine_leg,"{""phase"":""powerplay"",""score"":""22/1"",""crr"":14.67,""rrr"":8.22,""pressure"":0.283,""xRuns"":1.274,""xWicket"":0.045,""risk"":0.57,""control"":0.523}"
1343,12,1,4,31,41,59,1,0,,TRUE,FALSE,,,,ramp,mid_off,"{""phase"":""powerplay"",""score"":""23/1"",""crr"":13.8,""rrr"":8.24,""pressure"":0.286,""xRuns"":1.416,""xWicket"":0.046,""risk"":0.722,""control"":0.481}"
1344,12,1,5,41,31,59,0,0,,TRUE,FALSE,,,,sweep,mid_on_area,"{""phase"":""powerplay"",""score"":""23/1"",""crr"":12.55,""rrr"":8.31,""pressure"":0.29,""xRuns"":1.271,""xWicket"":0.045,""risk"":0.573,""control"":0.505}"
1345,12,1,6,41,31,59,0,0,,TRUE,FALSE,,,,sweep,deep_extra_cover,"{""phase"":""powerplay"",""score"":""23/1"",""crr"":11.5,""rrr"":8.39,""pressure"":0.295,""xRuns"":1.269,""xWicket"":0.045,""risk"":0.576,""control"":0.518}"
1346,12,2,1,31,41,54,0,0,,TRUE,FALSE,,,,cut,point_inside,"{""phase"":""powerplay"",""score"":""23/1"",""crr"":10.62,""rrr"":8.47,""pressure"":0.3,""xRuns"":1.419,""xWicket"":0.046,""risk"":0.728,""control"":0.477}"
1347,12,2,2,31,41,54,6,0,,TRUE,FALSE,,,,paddle_sweep,straight_inside,"{""phase"":""powerplay"",""score"":""29/1"",""crr"":12.43,""rrr"":8.21,""pressure"":0.305,""xRuns"":1.417,""xWicket"":0.046,""risk"":0.88,""control"":0.564}"
1348,12,2,3,31,41,54,0,0,,TRUE,FALSE,,,,upper_cut,fine_leg,"{""phase"":""powerplay"",""score"":""29/1"",""crr"":11.6,""rrr"":8.29,""pressure"":0.3,""xRuns"":1.419,""xWicket"":0.046,""risk"":0.728,""control"":0.466}"
1349,12,2,4,31,41,54,4,0,,TRUE,FALSE,,,,clip,fine_leg_inside,"{""phase"":""powerplay"",""score"":""33/1"",""crr"":12.38,""rrr"":8.13,""pressure"":0.305,""xRuns"":1.417,""xWicket"":0.046,""risk"":0.88,""control"":0.477}"
1350,12,2,5,31,41,54,6,0,,TRUE,FALSE,,,,glance,cover_point_inside,"{""phase"":""powerplay"",""score"":""39/1"",""crr"":13.76,""rrr"":7.86,""pressure"":0.304,""xRuns"":1.418,""xWicket"":0.046,""risk"":0.88,""control"":0.505}"
1351,12,2,6,31,41,54,0,0,,TRUE,FALSE,,,,upper_cut,mid_on_area,"{""phase"":""powerplay"",""score"":""39/1"",""crr"":13.0,""rrr"":7.94,""pressure"":0.299,""xRuns"":1.42,""xWicket"":0.046,""risk"":0.727,""control"":0.429}"
1352,12,3,1,41,31,53,0,0,,TRUE,FALSE,,,,slog,cover_inside,"{""phase"":""powerplay"",""score"":""39/1"",""crr"":12.32,""rrr"":8.02,""pressure"":0.304,""xRuns"":1.275,""xWicket"":0.045,""risk"":0.58,""control"":0.452}"
1353,12,3,2,41,31,53,2,0,,TRUE,FALSE,,,,glance,long_on,"{""phase"":""powerplay"",""score"":""41/1"",""crr"":12.3,""rrr"":7.98,""pressure"":0.309,""xRuns"":1.272,""xWicket"":0.045,""risk"":0.582,""control"":0.511}"
1354,12,3,3,41,31,53,0,0,,TRUE,FALSE,,,,glance,deep_cover,"{""phase"":""powerplay"",""score"":""41/1"",""crr"":11.71,""rrr"":8.06,""pressure"":0.311,""xRuns"":1.272,""xWicket"":0.045,""risk"":0.583,""control"":0.55}"
1355,12,3,4,41,31,53,4,0,,TRUE,FALSE,,,,ramp,long_off,"{""phase"":""powerplay"",""score"":""45/1"",""crr"":12.27,""rrr"":7.9,""pressure"":0.316,""xRuns"":1.269,""xWicket"":0.045,""risk"":0.735,""control"":0.488}"
1356,12,3,5,41,31,53,4,0,,TRUE,FALSE,,,,slog,cover_inside,"{""phase"":""powerplay"",""score"":""49/1"",""crr"":12.78,""rrr"":7.73,""pressure"":0.314,""xRuns"":1.27,""xWicket"":0.045,""risk"":0.734,""control"":0.47}"
1357,12,3,6,41,31,53,0,0,,TRUE,FALSE,,,,flick,point_inside,"{""phase"":""powerplay"",""score"":""49/1"",""crr"":12.25,""rrr"":7.81,""pressure"":0.312,""xRuns"":1.271,""xWicket"":0.045,""risk"":0.583,""control"":0.515}"
1358,12,4,1,31,41,52,4,0,,TRUE,FALSE,,,,flick,cover_point_inside,"{""phase"":""powerplay"",""score"":""53/1"",""crr"":12.72,""rrr"":7.64,""pressure"":0.317,""xRuns"":1.422,""xWicket"":0.046,""risk"":0.886,""control"":0.504}"
1359,12,4,2,31,41,52,0,1,wide,FALSE,FALSE,,,,lofted,third_point,"{""phase"":""powerplay"",""score"":""54/1"",""crr"":12.96,""rrr"":7.58,""pressure"":0.315,""xRuns"":1.422,""xWicket"":0.006,""risk"":0.735,""control"":0.476}"
1360,12,4,2,31,41,52,1,0,,TRUE,FALSE,,,,drive,cover_inside,"{""phase"":""powerplay"",""score"":""55/1"",""crr"":12.69,""rrr"":7.6,""pressure"":0.313,""xRuns"":1.423,""xWicket"":0.045,""risk"":0.734,""control"":0.421}"
1361,12,4,3,41,31,52,0,0,,TRUE,FALSE,,,,on_drive,fine_leg,"{""phase"":""powerplay"",""score"":""55/1"",""crr"":12.22,""rrr"":7.68,""pressure"":0.317,""xRuns"":1.279,""xWicket"":0.044,""risk"":0.586,""control"":0.473}"
1362,12,4,4,41,31,52,1,0,,TRUE,FALSE,,,,upper_cut,straight_inside,"{""phase"":""powerplay"",""score"":""56/1"",""crr"":12.0,""rrr"":7.7,""pressure"":0.322,""xRuns"":1.276,""xWicket"":0.044,""risk"":0.588,""control"":0.563}"
1363,12,4,5,31,41,52,4,0,,TRUE,FALSE,,,,straight_drive,third_point,"{""phase"":""powerplay"",""score"":""60/1"",""crr"":12.41,""rrr"":7.52,""pressure"":0.325,""xRuns"":1.418,""xWicket"":0.046,""risk"":0.889,""control"":0.427}"
1364,12,4,6,31,41,52,1,0,,TRUE,FALSE,,,,square_cut,long_off,"{""phase"":""powerplay"",""score"":""61/1"",""crr"":12.2,""rrr"":7.53,""pressure"":0.323,""xRuns"":1.419,""xWicket"":0.046,""risk"":0.738,""control"":0.482}"
1365,12,5,1,31,41,57,1,0,,TRUE,FALSE,,,,hook,long_on,"{""phase"":""powerplay"",""score"":""62/1"",""crr"":12.0,""rrr"":7.55,""pressure"":0.326,""xRuns"":1.589,""xWicket"":0.03,""risk"":0.74,""control"":0.62}"
1366,12,5,2,41,31,57,0,0,,TRUE,FALSE,,,,sweep,silly_mid_wicket,"{""phase"":""powerplay"",""score"":""62/1"",""crr"":11.62,""rrr"":7.64,""pressure"":0.33,""xRuns"":1.445,""xWicket"":0.028,""risk"":0.591,""control"":0.521}"
1367,12,5,3,41,31,57,1,0,,TRUE,FALSE,,,,on_drive,deep_extra_cover,"{""phase"":""powerplay"",""score"":""63/1"",""crr"":11.45,""rrr"":7.66,""pressure"":0.335,""xRuns"":1.442,""xWicket"":0.029,""risk"":0.594,""control"":0.605}"
1368,12,5,4,31,41,57,0,0,,TRUE,FALSE,,,,hook,third_point,"{""phase"":""powerplay"",""score"":""63/1"",""crr"":11.12,""rrr"":7.74,""pressure"":0.338,""xRuns"":1.584,""xWicket"":0.03,""risk"":0.745,""control"":0.594}"
1369,12,5,5,31,41,57,4,0,,TRUE,FALSE,,,,flick,deep_extra_cover,"{""phase"":""powerplay"",""score"":""67/1"",""crr"":11.49,""rrr"":7.55,""pressure"":0.343,""xRuns"":1.582,""xWicket"":0.03,""risk"":0.897,""control"":0.641}"
1370,12,5,6,31,41,57,1,0,,TRUE,FALSE,,,,clip,short_leg,"{""phase"":""powerplay"",""score"":""68/1"",""crr"":11.33,""rrr"":7.57,""pressure"":0.341,""xRuns"":1.583,""xWicket"":0.03,""risk"":0.746,""control"":0.5}"
1371,12,6,1,31,41,55,1,0,,TRUE,FALSE,,,,hook,square_leg_inside,"{""phase"":""middle"",""score"":""69/1"",""crr"":11.19,""rrr"":7.59,""pressure"":0.344,""xRuns"":1.372,""xWicket"":0.05,""risk"":0.748,""control"":0.467}"
1372,12,6,2,41,31,55,1,0,,TRUE,FALSE,,,,reverse_sweep,straight_inside,"{""phase"":""middle"",""score"":""70/1"",""crr"":11.05,""rrr"":7.61,""pressure"":0.348,""xRuns"":1.227,""xWicket"":0.049,""risk"":0.599,""control"":0.426}"
1373,12,6,3,31,41,55,0,0,,TRUE,FALSE,,,,upper_cut,mid_off,"{""phase"":""middle"",""score"":""70/1"",""crr"":10.77,""rrr"":7.7,""pressure"":0.351,""xRuns"":1.369,""xWicket"":0.051,""risk"":0.751,""control"":0.461}"
1374,12,6,4,31,41,55,1,0,,TRUE,FALSE,,,,on_drive,fine_leg,"{""phase"":""middle"",""score"":""71/1"",""crr"":10.65,""rrr"":7.72,""pressure"":0.357,""xRuns"":1.367,""xWicket"":0.051,""risk"":0.754,""control"":0.485}"
1375,12,6,5,41,31,55,0,0,,TRUE,FALSE,,,,scoop,mid_off,"{""phase"":""middle"",""score"":""71/1"",""crr"":10.39,""rrr"":7.82,""pressure"":0.36,""xRuns"":1.222,""xWicket"":0.05,""risk"":0.605,""control"":0.538}"
1376,12,6,6,41,31,55,1,0,,TRUE,FALSE,,,,cover_drive,mid_on_inside,"{""phase"":""middle"",""score"":""72/1"",""crr"":10.29,""rrr"":7.85,""pressure"":0.366,""xRuns"":1.22,""xWicket"":0.05,""risk"":0.608,""control"":0.442}"
1377,12,7,1,41,31,59,0,0,,TRUE,FALSE,,,,slog,straight_inside,"{""phase"":""middle"",""score"":""72/1"",""crr"":10.05,""rrr"":7.95,""pressure"":0.369,""xRuns"":1.238,""xWicket"":0.048,""risk"":0.609,""control"":0.491}"
1378,12,7,2,41,31,59,4,0,,TRUE,FALSE,,,,cover_drive,point_inside,"{""phase"":""middle"",""score"":""76/1"",""crr"":10.36,""rrr"":7.74,""pressure"":0.375,""xRuns"":1.235,""xWicket"":0.049,""risk"":0.762,""control"":0.529}"
1379,12,7,3,41,31,59,4,0,,TRUE,FALSE,,,,square_cut,fine_leg,"{""phase"":""middle"",""score"":""80/1"",""crr"":10.67,""rrr"":7.52,""pressure"":0.372,""xRuns"":1.236,""xWicket"":0.049,""risk"":0.76,""control"":0.54}"
1380,12,7,4,41,31,59,1,0,,TRUE,FALSE,,,,pull,deep_cover,"{""phase"":""middle"",""score"":""81/1"",""crr"":10.57,""rrr"":7.54,""pressure"":0.368,""xRuns"":1.238,""xWicket"":0.048,""risk"":0.608,""control"":0.551}"
1381,12,7,5,31,41,59,2,0,,TRUE,TRUE,caught,31,Aarush Khandelwal,defence,point_inside,"{""phase"":""middle"",""score"":""83/1"",""crr"":10.6,""rrr"":7.48,""pressure"":0.372,""xRuns"":1.379,""xWicket"":0.05,""risk"":0.76,""control"":0.497}"
1382,12,7,6,32,41,59,0,0,,TRUE,FALSE,,,,sweep,short_leg,"{""phase"":""middle"",""score"":""83/2"",""crr"":10.38,""rrr"":7.58,""pressure"":0.399,""xRuns"":1.364,""xWicket"":0.057,""risk"":0.808,""control"":0.472}"
1383,12,8,1,41,32,54,2,0,,TRUE,FALSE,,,,lofted_drive,long_on,"{""phase"":""middle"",""score"":""85/2"",""crr"":10.41,""rrr"":7.52,""pressure"":0.405,""xRuns"":1.232,""xWicket"":0.049,""risk"":0.625,""control"":0.418}"
1384,12,8,2,41,32,54,0,1,wide,FALSE,FALSE,,,,upper_cut,long_on,"{""phase"":""middle"",""score"":""86/2"",""crr"":10.53,""rrr"":7.44,""pressure"":0.406,""xRuns"":1.232,""xWicket"":0.006,""risk"":0.626,""control"":0.424}"
1385,12,8,2,41,32,54,0,0,,TRUE,FALSE,,,,lofted,cover_point_inside,"{""phase"":""middle"",""score"":""86/2"",""crr"":10.32,""rrr"":7.54,""pressure"":0.403,""xRuns"":1.233,""xWicket"":0.049,""risk"":0.624,""control"":0.557}"
1386,12,8,3,41,32,54,1,0,,TRUE,FALSE,,,,defence,point_inside,"{""phase"":""middle"",""score"":""87/2"",""crr"":10.24,""rrr"":7.57,""pressure"":0.409,""xRuns"":1.23,""xWicket"":0.049,""risk"":0.627,""control"":0.511}"
1387,12,8,4,32,41,54,0,0,,TRUE,FALSE,,,,upper_cut,fine_leg,"{""phase"":""middle"",""score"":""87/2"",""crr"":10.04,""rrr"":7.68,""pressure"":0.413,""xRuns"":1.368,""xWicket"":0.056,""risk"":0.814,""control"":0.481}"
1388,12,8,5,32,41,54,1,0,,TRUE,TRUE,stumped,32,Hriday Vohra,late_cut,short_leg,"{""phase"":""middle"",""score"":""88/2"",""crr"":9.96,""rrr"":7.7,""pressure"":0.419,""xRuns"":1.365,""xWicket"":0.057,""risk"":0.817,""control"":0.389}"
1389,12,8,6,41,33,54,0,0,,TRUE,FALSE,,,,upper_cut,silly_mid_on,"{""phase"":""middle"",""score"":""88/3"",""crr"":9.78,""rrr"":7.82,""pressure"":0.448,""xRuns"":1.214,""xWicket"":0.051,""risk"":0.644,""control"":0.547}"
1390,12,9,1,33,41,53,0,0,,TRUE,FALSE,,,,pull,point_inside,"{""phase"":""middle"",""score"":""88/3"",""crr"":9.6,""rrr"":7.94,""pressure"":0.454,""xRuns"":1.065,""xWicket"":0.052,""risk"":0.547,""control"":0.407}"
1391,12,9,2,33,41,53,1,0,,TRUE,FALSE,,,,late_cut,fine_leg,"{""phase"":""middle"",""score"":""89/3"",""crr"":9.54,""rrr"":7.97,""pressure"":0.461,""xRuns"":1.062,""xWicket"":0.052,""risk"":0.55,""control"":0.367}"
1392,12,9,3,41,33,53,0,0,,TRUE,FALSE,,,,sweep,deep_extra_cover,"{""phase"":""middle"",""score"":""89/3"",""crr"":9.37,""rrr"":8.1,""pressure"":0.464,""xRuns"":1.207,""xWicket"":0.052,""risk"":0.652,""control"":0.539}"
1393,12,9,4,41,33,53,3,0,,TRUE,FALSE,,,,ramp,short_leg,"{""phase"":""middle"",""score"":""92/3"",""crr"":9.52,""rrr"":7.94,""pressure"":0.471,""xRuns"":1.204,""xWicket"":0.052,""risk"":0.655,""control"":0.553}"
1394,12,9,5,33,41,53,1,0,,TRUE,FALSE,,,,slog,cover_point_inside,"{""phase"":""middle"",""score"":""93/3"",""crr"":9.46,""rrr"":7.97,""pressure"":0.469,""xRuns"":1.059,""xWicket"":0.053,""risk"":0.554,""control"":0.499}"
1395,12,9,6,41,33,53,1,0,,TRUE,FALSE,,,,slog,long_on,"{""phase"":""middle"",""score"":""94/3"",""crr"":9.4,""rrr"":8.0,""pressure"":0.473,""xRuns"":1.204,""xWicket"":0.052,""risk"":0.656,""control"":0.562}"
1396,12,10,1,41,33,52,1,0,,TRUE,FALSE,,,,flick,long_off,"{""phase"":""middle"",""score"":""95/3"",""crr"":9.34,""rrr"":8.03,""pressure"":0.477,""xRuns"":1.211,""xWicket"":0.051,""risk"":0.658,""control"":0.539}"
1397,12,10,2,33,41,52,0,0,,TRUE,FALSE,,,,clip,deep_square_leg,"{""phase"":""middle"",""score"":""95/3"",""crr"":9.19,""rrr"":8.17,""pressure"":0.48,""xRuns"":1.064,""xWicket"":0.052,""risk"":0.559,""control"":0.376}"
1398,12,10,3,33,41,52,0,0,,TRUE,FALSE,,,,late_cut,mid_on_area,"{""phase"":""middle"",""score"":""95/3"",""crr"":9.05,""rrr"":8.32,""pressure"":0.487,""xRuns"":1.061,""xWicket"":0.052,""risk"":0.562,""control"":0.414}"
1399,12,10,4,33,41,52,0,0,,TRUE,FALSE,,,,straight_drive,long_off,"{""phase"":""middle"",""score"":""95/3"",""crr"":8.91,""rrr"":8.46,""pressure"":0.494,""xRuns"":1.058,""xWicket"":0.053,""risk"":0.565,""control"":0.414}"
1400,12,10,5,33,41,52,1,0,,TRUE,FALSE,,,,late_cut,deep_cover,"{""phase"":""middle"",""score"":""96/3"",""crr"":8.86,""rrr"":8.51,""pressure"":0.501,""xRuns"":1.055,""xWicket"":0.053,""risk"":0.568,""control"":0.445}"
1401,12,10,6,41,33,52,0,0,,TRUE,FALSE,,,,cover_drive,long_on,"{""phase"":""middle"",""score"":""96/3"",""crr"":8.73,""rrr"":8.67,""pressure"":0.505,""xRuns"":1.2,""xWicket"":0.053,""risk"":0.67,""control"":0.501}"
1402,12,11,1,33,41,57,0,2,leg_bye,TRUE,FALSE,,,,flick,long_off,"{""phase"":""middle"",""score"":""98/3"",""crr"":8.78,""rrr"":8.6,""pressure"":0.513,""xRuns"":1.221,""xWicket"":0.037,""risk"":0.574,""control"":0.561}"
1403,12,11,2,33,41,57,1,0,,TRUE,FALSE,,,,pull,long_off,"{""phase"":""middle"",""score"":""99/3"",""crr"":8.74,""rrr"":8.65,""pressure"":0.514,""xRuns"":1.221,""xWicket"":0.037,""risk"":0.574,""control"":0.462}"
1404,12,11,3,41,33,57,0,0,,TRUE,FALSE,,,,lofted,deep_cover,"{""phase"":""middle"",""score"":""99/3"",""crr"":8.61,""rrr"":8.82,""pressure"":0.518,""xRuns"":1.366,""xWicket"":0.037,""risk"":0.676,""control"":0.549}"
1405,12,11,4,41,33,57,0,1,leg_bye,TRUE,FALSE,,,,cover_drive,silly_mid_on,"{""phase"":""middle"",""score"":""100/3"",""crr"":8.57,""rrr"":8.88,""pressure"":0.526,""xRuns"":1.362,""xWicket"":0.037,""risk"":0.68,""control"":0.496}"
1406,12,11,5,33,41,57,0,0,,TRUE,FALSE,,,,drive,mid_off,"{""phase"":""middle"",""score"":""100/3"",""crr"":8.45,""rrr"":9.06,""pressure"":0.53,""xRuns"":1.214,""xWicket"":0.038,""risk"":0.581,""control"":0.557}"
1407,12,11,6,33,41,57,0,0,,TRUE,FALSE,,,,flick,short_leg,"{""phase"":""middle"",""score"":""100/3"",""crr"":8.33,""rrr"":9.25,""pressure"":0.538,""xRuns"":1.211,""xWicket"":0.038,""risk"":0.585,""control"":0.587}"
1408,12,12,1,41,33,55,1,0,,TRUE,FALSE,,,,hook,mid_off,"{""phase"":""middle"",""score"":""101/3"",""crr"":8.3,""rrr"":9.32,""pressure"":0.546,""xRuns"":1.144,""xWicket"":0.058,""risk"":0.689,""control"":0.438}"
1409,12,12,2,33,41,55,1,0,,TRUE,FALSE,,,,scoop,mid_on_area,"{""phase"":""middle"",""score"":""102/3"",""crr"":8.27,""rrr"":9.39,""pressure"":0.551,""xRuns"":0.996,""xWicket"":0.059,""risk"":0.591,""control"":0.478}"
1410,12,12,3,41,33,55,0,0,,TRUE,FALSE,,,,reverse_sweep,mid_off,"{""phase"":""middle"",""score"":""102/3"",""crr"":8.16,""rrr"":9.6,""pressure"":0.556,""xRuns"":1.14,""xWicket"":0.059,""risk"":0.693,""control"":0.422}"
1411,12,12,4,41,33,55,0,0,,TRUE,FALSE,,,,lofted,silly_mid_on,"{""phase"":""middle"",""score"":""102/3"",""crr"":8.05,""rrr"":9.82,""pressure"":0.565,""xRuns"":1.136,""xWicket"":0.059,""risk"":0.697,""control"":0.482}"
1412,12,12,5,41,33,55,0,0,,TRUE,FALSE,,,,on_drive,silly_mid_wicket,"{""phase"":""middle"",""score"":""102/3"",""crr"":7.95,""rrr"":10.05,""pressure"":0.574,""xRuns"":1.133,""xWicket"":0.059,""risk"":0.701,""control"":0.451}"
1413,12,12,6,41,33,55,2,0,,TRUE,FALSE,,,,square_cut,mid_on_area,"{""phase"":""middle"",""score"":""104/3"",""crr"":8.0,""rrr"":10.0,""pressure"":0.583,""xRuns"":1.129,""xWicket"":0.06,""risk"":0.705,""control"":0.419}"
1414,12,13,1,33,41,59,0,0,,TRUE,FALSE,,,,cover_drive,fine_leg_inside,"{""phase"":""middle"",""score"":""104/3"",""crr"":7.9,""rrr"":10.24,""pressure"":0.585,""xRuns"":1.001,""xWicket"":0.059,""risk"":0.606,""control"":0.498}"
1415,12,13,2,33,41,59,0,0,,TRUE,TRUE,caught,33,Madhav Iyer,scoop,silly_mid_wicket,"{""phase"":""middle"",""score"":""104/3"",""crr"":7.8,""rrr"":10.5,""pressure"":0.594,""xRuns"":0.997,""xWicket"":0.059,""risk"":0.61,""control"":0.424}"
1416,12,13,3,42,41,59,1,0,,TRUE,FALSE,,,,lofted_drive,fine_leg,"{""phase"":""middle"",""score"":""105/4"",""crr"":7.78,""rrr"":10.62,""pressure"":0.631,""xRuns"":1.138,""xWicket"":0.066,""risk"":0.805,""control"":0.352}"
1417,12,13,4,41,42,59,0,0,,TRUE,FALSE,,,,paddle_sweep,deep_extra_cover,"{""phase"":""middle"",""score"":""105/4"",""crr"":7.68,""rrr"":10.89,""pressure"":0.637,""xRuns"":1.125,""xWicket"":0.06,""risk"":0.73,""control"":0.439}"
1418,12,13,5,41,42,59,2,0,,TRUE,FALSE,,,,straight_drive,fine_leg,"{""phase"":""middle"",""score"":""107/4"",""crr"":7.73,""rrr"":10.86,""pressure"":0.647,""xRuns"":1.121,""xWicket"":0.061,""risk"":0.734,""control"":0.468}"
1419,12,13,6,41,42,59,0,1,leg_bye,TRUE,FALSE,,,,late_cut,long_off,"{""phase"":""middle"",""score"":""108/4"",""crr"":7.71,""rrr"":11.0,""pressure"":0.649,""xRuns"":1.12,""xWicket"":0.061,""risk"":0.735,""control"":0.414}"
1420,12,14,1,41,42,54,0,0,,TRUE,TRUE,caught,41,Mihir Chhabra,square_cut,fine_leg_inside,"{""phase"":""middle"",""score"":""108/4"",""crr"":7.62,""rrr"":11.31,""pressure"":0.656,""xRuns"":1.127,""xWicket"":0.06,""risk"":0.738,""control"":0.426}"
1421,12,14,2,44,42,54,1,0,,TRUE,FALSE,,,,glance,mid_on_inside,"{""phase"":""middle"",""score"":""109/5"",""crr"":7.6,""rrr"":11.47,""pressure"":0.694,""xRuns"":0.386,""xWicket"":0.13,""risk"":0.855,""control"":0}"
1422,12,14,3,42,44,54,0,0,,TRUE,FALSE,,,,pull,silly_mid_on,"{""phase"":""middle"",""score"":""109/5"",""crr"":7.52,""rrr"":11.82,""pressure"":0.701,""xRuns"":1.118,""xWicket"":0.068,""risk"":0.837,""control"":0.412}"
1423,12,14,4,42,44,54,0,0,,TRUE,FALSE,,,,reverse_sweep,silly_mid_on,"{""phase"":""middle"",""score"":""109/5"",""crr"":7.43,""rrr"":12.19,""pressure"":0.714,""xRuns"":1.112,""xWicket"":0.069,""risk"":0.843,""control"":0.451}"
1424,12,14,5,42,44,54,1,0,,TRUE,FALSE,,,,straight_drive,straight_inside,"{""phase"":""middle"",""score"":""110/5"",""crr"":7.42,""rrr"":12.39,""pressure"":0.728,""xRuns"":1.106,""xWicket"":0.069,""risk"":0.849,""control"":0.462}"
1425,12,14,6,44,42,54,1,0,,TRUE,FALSE,,,,late_cut,long_on,"{""phase"":""middle"",""score"":""111/5"",""crr"":7.4,""rrr"":12.6,""pressure"":0.736,""xRuns"":0.369,""xWicket"":0.132,""risk"":0.874,""control"":0}"
1426,12,15,1,44,42,53,1,0,,TRUE,FALSE,,,,sweep,long_on,"{""phase"":""death"",""score"":""112/5"",""crr"":7.38,""rrr"":12.83,""pressure"":0.745,""xRuns"":0.365,""xWicket"":0.151,""risk"":0.878,""control"":0}"
1427,12,15,2,42,44,53,0,1,wide,FALSE,FALSE,,,,late_cut,mid_on_inside,"{""phase"":""death"",""score"":""113/5"",""crr"":7.45,""rrr"":12.62,""pressure"":0.754,""xRuns"":1.095,""xWicket"":0.009,""risk"":0.861,""control"":0.399}"
1428,12,15,2,42,44,53,0,0,,TRUE,FALSE,,,,square_cut,silly_mid_wicket,"{""phase"":""death"",""score"":""113/5"",""crr"":7.37,""rrr"":13.07,""pressure"":0.748,""xRuns"":1.098,""xWicket"":0.088,""risk"":0.858,""control"":0.468}"
1429,12,15,3,42,44,53,1,0,,TRUE,TRUE,bowled,42,,straight_drive,point_inside,"{""phase"":""death"",""score"":""114/5"",""crr"":7.35,""rrr"":13.33,""pressure"":0.764,""xRuns"":1.091,""xWicket"":0.089,""risk"":0.865,""control"":0.377}"
1430,12,15,4,44,38,53,0,1,bye,TRUE,FALSE,,,,lofted_drive,deep_square_leg,"{""phase"":""death"",""score"":""115/6"",""crr"":7.34,""rrr"":13.62,""pressure"":0.8,""xRuns"":0.342,""xWicket"":0.153,""risk"":0.903,""control"":0}"
1431,12,15,5,38,44,53,0,0,,TRUE,FALSE,,,,glance,cover_point_inside,"{""phase"":""death"",""score"":""115/6"",""crr"":7.26,""rrr"":14.16,""pressure"":0.811,""xRuns"":0.481,""xWicket"":0.145,""risk"":0.951,""control"":0}"
1432,12,15,6,38,44,53,6,0,,TRUE,FALSE,,,,glance,fine_leg_inside,"{""phase"":""death"",""score"":""121/6"",""crr"":7.56,""rrr"":13.25,""pressure"":0.825,""xRuns"":0.475,""xWicket"":0.146,""risk"":1,""control"":0}"
1433,12,16,1,44,38,59,1,0,,TRUE,FALSE,,,,paddle_sweep,cover_inside,"{""phase"":""death"",""score"":""122/6"",""crr"":7.55,""rrr"":13.57,""pressure"":0.807,""xRuns"":0.329,""xWicket"":0.154,""risk"":0.906,""control"":0}"
1434,12,16,2,38,44,59,0,1,wide,FALSE,FALSE,,,,slog,long_on,"{""phase"":""death"",""score"":""123/6"",""crr"":7.61,""rrr"":13.3,""pressure"":0.819,""xRuns"":0.468,""xWicket"":0.015,""risk"":0.954,""control"":0}"
1435,12,16,2,38,44,59,1,0,,TRUE,FALSE,,,,cover_drive,third_point,"{""phase"":""death"",""score"":""124/6"",""crr"":7.59,""rrr"":13.64,""pressure"":0.811,""xRuns"":0.471,""xWicket"":0.146,""risk"":0.951,""control"":0}"
1436,12,16,3,44,38,59,1,0,,TRUE,FALSE,,,,cover_drive,mid_on_area,"{""phase"":""death"",""score"":""125/6"",""crr"":7.58,""rrr"":14.0,""pressure"":0.823,""xRuns"":0.323,""xWicket"":0.155,""risk"":0.913,""control"":0}"
1437,12,16,4,38,44,59,0,0,,TRUE,FALSE,,,,lofted_drive,mid_on_area,"{""phase"":""death"",""score"":""125/6"",""crr"":7.5,""rrr"":14.7,""pressure"":0.837,""xRuns"":0.46,""xWicket"":0.147,""risk"":0.962,""control"":0}"
1438,12,16,5,38,44,59,1,0,,TRUE,FALSE,,,,straight_drive,cover_inside,"{""phase"":""death"",""score"":""126/6"",""crr"":7.49,""rrr"":15.16,""pressure"":0.839,""xRuns"":0.459,""xWicket"":0.147,""risk"":0.963,""control"":0}"
1439,12,16,6,44,38,59,2,0,,TRUE,FALSE,,,,flick,mid_off,"{""phase"":""death"",""score"":""128/6"",""crr"":7.53,""rrr"":15.33,""pressure"":0.842,""xRuns"":0.315,""xWicket"":0.156,""risk"":0.922,""control"":0}"
1440,12,17,1,38,44,57,4,0,,TRUE,FALSE,,,,on_drive,long_off,"{""phase"":""death"",""score"":""132/6"",""crr"":7.69,""rrr"":14.82,""pressure"":0.845,""xRuns"":0.647,""xWicket"":0.129,""risk"":1,""control"":0}"
1441,12,17,2,38,44,57,1,0,,TRUE,FALSE,,,,clip,short_leg,"{""phase"":""death"",""score"":""133/6"",""crr"":7.67,""rrr"":15.38,""pressure"":0.848,""xRuns"":0.646,""xWicket"":0.13,""risk"":0.967,""control"":0}"
1442,12,17,3,44,38,57,1,0,,TRUE,TRUE,caught,44,Madhav Iyer,cover_drive,fine_leg_inside,"{""phase"":""death"",""score"":""134/6"",""crr"":7.66,""rrr"":16.0,""pressure"":0.851,""xRuns"":0.501,""xWicket"":0.138,""risk"":0.926,""control"":0}"
1443,12,17,4,38,40,57,1,0,,TRUE,TRUE,caught,38,Keshav Lal,reverse_sweep,deep_extra_cover,"{""phase"":""death"",""score"":""135/7"",""crr"":7.64,""rrr"":16.71,""pressure"":0.88,""xRuns"":0.633,""xWicket"":0.131,""risk"":0.982,""control"":0.038}"
1444,12,17,5,40,37,57,1,0,,TRUE,FALSE,,,,scoop,mid_off,"{""phase"":""death"",""score"":""136/8"",""crr"":7.63,""rrr"":17.54,""pressure"":0.908,""xRuns"":0.719,""xWicket"":0.104,""risk"":0.837,""control"":0.234}"
1445,12,17,6,37,40,57,6,0,,TRUE,FALSE,,,,flick,short_leg,"{""phase"":""death"",""score"":""142/8"",""crr"":7.89,""rrr"":16.0,""pressure"":0.911,""xRuns"":0.823,""xWicket"":0.12,""risk"":1,""control"":0.127}"
1446,12,18,1,40,37,57,0,0,,TRUE,FALSE,,,,pull,silly_point,"{""phase"":""death"",""score"":""142/8"",""crr"":7.82,""rrr"":17.45,""pressure"":0.914,""xRuns"":0.716,""xWicket"":0.104,""risk"":0.84,""control"":0.111}"
1447,12,18,2,40,37,57,1,0,,TRUE,FALSE,,,,flick,mid_off,"{""phase"":""death"",""score"":""143/8"",""crr"":7.8,""rrr"":18.6,""pressure"":0.917,""xRuns"":0.715,""xWicket"":0.105,""risk"":0.841,""control"":0.23}"
1448,12,18,3,37,40,57,0,0,,TRUE,FALSE,,,,defence,silly_mid_on,"{""phase"":""death"",""score"":""143/8"",""crr"":7.73,""rrr"":20.67,""pressure"":0.92,""xRuns"":0.819,""xWicket"":0.12,""risk"":1,""control"":0.155}"
1449,12,18,4,37,40,57,0,0,,TRUE,FALSE,,,,drive,straight_inside,"{""phase"":""death"",""score"":""143/8"",""crr"":7.66,""rrr"":23.25,""pressure"":0.923,""xRuns"":0.818,""xWicket"":0.121,""risk"":1,""control"":0.05}"
1450,12,18,5,37,40,57,3,0,,TRUE,TRUE,stumped,37,Madhav Iyer,lofted,silly_mid_on,"{""phase"":""death"",""score"":""146/8"",""crr"":7.75,""rrr"":24.0,""pressure"":0.925,""xRuns"":0.817,""xWicket"":0.121,""risk"":1,""control"":0.169}"
1451,12,18,6,40,39,57,0,0,,TRUE,FALSE,,,,drive,silly_point,"{""phase"":""death"",""score"":""146/9"",""crr"":7.68,""rrr"":28.0,""pressure"":0.954,""xRuns"":0.699,""xWicket"":0.106,""risk"":0.858,""control"":0.108}"
1452,12,19,1,39,40,52,0,0,,TRUE,TRUE,bowled,39,,reverse_sweep,fine_leg,"{""phase"":""death"",""score"":""146/9"",""crr"":7.62,""rrr"":33.6,""pressure"":0.957,""xRuns"":0.577,""xWicket"":0.13,""risk"":0.931,""control"":0.059}"
1453,13,0,1,27,30,7,0,0,,TRUE,FALSE,,,,square_cut,third_point,"{""phase"":""powerplay"",""score"":""0/0"",""crr"":0.0,""rrr"":"""",""pressure"":0.0,""xRuns"":1.483,""xWicket"":0.036,""risk"":0.536,""control"":0.514}"
1454,13,0,2,27,30,7,1,0,,TRUE,FALSE,,,,pull,silly_mid_wicket,"{""phase"":""powerplay"",""score"":""1/0"",""crr"":3.0,""rrr"":"""",""pressure"":0.003,""xRuns"":1.482,""xWicket"":0.036,""risk"":0.537,""control"":0.425}"
1455,13,0,3,30,27,7,2,0,,TRUE,FALSE,,,,lofted_drive,fine_leg,"{""phase"":""powerplay"",""score"":""3/0"",""crr"":6.0,""rrr"":"""",""pressure"":0.006,""xRuns"":1.549,""xWicket"":0.043,""risk"":0.617,""control"":0.548}"
1456,13,0,4,30,27,7,6,0,,TRUE,FALSE,,,,scoop,third_point,"{""phase"":""powerplay"",""score"":""9/0"",""crr"":13.5,""rrr"":"""",""pressure"":0.009,""xRuns"":1.548,""xWicket"":0.044,""risk"":0.768,""control"":0.561}"
1457,13,0,5,30,27,7,0,1,wide,FALSE,FALSE,,,,cover_drive,fine_leg_inside,"{""phase"":""powerplay"",""score"":""10/0"",""crr"":15.0,""rrr"":"""",""pressure"":0.011,""xRuns"":1.547,""xWicket"":0.006,""risk"":0.619,""control"":0.492}"
1458,13,0,5,30,27,7,2,0,,TRUE,FALSE,,,,clip,square_leg_inside,"{""phase"":""powerplay"",""score"":""12/0"",""crr"":14.4,""rrr"":"""",""pressure"":0.011,""xRuns"":1.547,""xWicket"":0.044,""risk"":0.619,""control"":0.492}"
1459,13,0,6,30,27,7,3,0,,TRUE,FALSE,,,,scoop,point_inside,"{""phase"":""powerplay"",""score"":""15/0"",""crr"":15.0,""rrr"":"""",""pressure"":0.014,""xRuns"":1.546,""xWicket"":0.044,""risk"":0.621,""control"":0.57}"
1460,13,1,1,30,27,9,0,0,,TRUE,FALSE,,,,scoop,silly_point,"{""phase"":""powerplay"",""score"":""15/0"",""crr"":12.86,""rrr"":"""",""pressure"":0.017,""xRuns"":1.583,""xWicket"":0.04,""risk"":0.622,""control"":0.453}"
1461,13,1,2,30,27,9,4,0,,TRUE,FALSE,,,,cut,long_on,"{""phase"":""powerplay"",""score"":""19/0"",""crr"":14.25,""rrr"":"""",""pressure"":0.02,""xRuns"":1.581,""xWicket"":0.04,""risk"":0.773,""control"":0.526}"
1462,13,1,3,30,27,9,2,0,,TRUE,FALSE,,,,clip,third_point,"{""phase"":""powerplay"",""score"":""21/0"",""crr"":14.0,""rrr"":"""",""pressure"":0.023,""xRuns"":1.58,""xWicket"":0.041,""risk"":0.625,""control"":0.444}"
1463,13,1,4,30,27,9,6,0,,TRUE,FALSE,,,,square_cut,deep_cover,"{""phase"":""powerplay"",""score"":""27/0"",""crr"":16.2,""rrr"":"""",""pressure"":0.026,""xRuns"":1.579,""xWicket"":0.041,""risk"":0.776,""control"":0.573}"
1464,13,1,5,30,27,9,4,0,,TRUE,TRUE,caught,30,Aarav Sharma,late_cut,silly_mid_on,"{""phase"":""powerplay"",""score"":""31/0"",""crr"":16.91,""rrr"":"""",""pressure"":0.028,""xRuns"":1.578,""xWicket"":0.041,""risk"":0.777,""control"":0.456}"
1465,13,1,6,26,27,9,0,0,,TRUE,FALSE,,,,glance,short_leg,"{""phase"":""powerplay"",""score"":""31/1"",""crr"":15.5,""rrr"":"""",""pressure"":0.057,""xRuns"":1.36,""xWicket"":0.028,""risk"":0.419,""control"":0.457}"
1466,13,2,1,27,26,14,1,0,,TRUE,FALSE,,,,defence,long_off,"{""phase"":""powerplay"",""score"":""32/1"",""crr"":14.77,""rrr"":"""",""pressure"":0.06,""xRuns"":1.496,""xWicket"":0.035,""risk"":0.563,""control"":0.55}"
1467,13,2,2,26,27,14,2,0,,TRUE,FALSE,,,,cut,straight_inside,"{""phase"":""powerplay"",""score"":""34/1"",""crr"":14.57,""rrr"":"""",""pressure"":0.063,""xRuns"":1.358,""xWicket"":0.028,""risk"":0.421,""control"":0.478}"
1468,13,2,3,26,27,14,0,0,,TRUE,TRUE,bowled,26,,paddle_sweep,silly_mid_wicket,"{""phase"":""powerplay"",""score"":""34/1"",""crr"":13.6,""rrr"":"""",""pressure"":0.066,""xRuns"":1.357,""xWicket"":0.028,""risk"":0.423,""control"":0.582}"
1469,13,2,4,17,27,14,2,0,,TRUE,FALSE,,,,square_cut,point_inside,"{""phase"":""powerplay"",""score"":""36/2"",""crr"":13.5,""rrr"":"""",""pressure"":0.095,""xRuns"":1.52,""xWicket"":0.045,""risk"":0.65,""control"":0.555}"
1470,13,2,5,17,27,14,1,0,,TRUE,FALSE,,,,on_drive,long_on,"{""phase"":""powerplay"",""score"":""37/2"",""crr"":13.06,""rrr"":"""",""pressure"":0.097,""xRuns"":1.519,""xWicket"":0.045,""risk"":0.651,""control"":0.517}"
1471,13,2,6,27,17,14,0,0,,TRUE,FALSE,,,,straight_drive,silly_point,"{""phase"":""powerplay"",""score"":""37/2"",""crr"":12.33,""rrr"":"""",""pressure"":0.1,""xRuns"":1.479,""xWicket"":0.037,""risk"":0.581,""control"":0.552}"
1472,13,3,1,17,27,8,4,0,,TRUE,FALSE,,,,reverse_sweep,long_off,"{""phase"":""powerplay"",""score"":""41/2"",""crr"":12.95,""rrr"":"""",""pressure"":0.103,""xRuns"":1.574,""xWicket"":0.04,""risk"":0.803,""control"":0.542}"
1473,13,3,2,17,27,8,1,0,,TRUE,FALSE,,,,sweep,fine_leg_inside,"{""phase"":""powerplay"",""score"":""42/2"",""crr"":12.6,""rrr"":"""",""pressure"":0.106,""xRuns"":1.573,""xWicket"":0.04,""risk"":0.655,""control"":0.523}"
1474,13,3,3,27,17,8,2,0,,TRUE,FALSE,,,,glance,silly_mid_wicket,"{""phase"":""powerplay"",""score"":""44/2"",""crr"":12.57,""rrr"":"""",""pressure"":0.109,""xRuns"":1.532,""xWicket"":0.032,""risk"":0.585,""control"":0.485}"
1475,13,3,4,27,17,8,0,0,,TRUE,TRUE,caught,27,Manan Gaur,on_drive,long_on,"{""phase"":""powerplay"",""score"":""44/2"",""crr"":12.0,""rrr"":"""",""pressure"":0.112,""xRuns"":1.531,""xWicket"":0.032,""risk"":0.586,""control"":0.55}"
1476,13,3,5,19,17,8,0,0,,TRUE,TRUE,caught,19,Reyansh Jain,defence,point_inside,"{""phase"":""powerplay"",""score"":""44/3"",""crr"":11.48,""rrr"":"""",""pressure"":0.14,""xRuns"":1.396,""xWicket"":0.03,""risk"":0.484,""control"":0.541}"
1477,13,3,6,21,17,8,0,0,,TRUE,FALSE,,,,pull,square_leg_inside,"{""phase"":""powerplay"",""score"":""44/4"",""crr"":11.0,""rrr"":"""",""pressure"":0.169,""xRuns"":1.269,""xWicket"":0.036,""risk"":0.433,""control"":0.461}"
1478,13,4,1,17,21,10,4,0,,TRUE,FALSE,,,,straight_drive,cover_point_inside,"{""phase"":""powerplay"",""score"":""48/4"",""crr"":11.52,""rrr"":"""",""pressure"":0.172,""xRuns"":1.554,""xWicket"":0.042,""risk"":0.835,""control"":0.45}"
1479,13,4,2,17,21,10,4,0,,TRUE,FALSE,,,,hook,fine_leg_inside,"{""phase"":""powerplay"",""score"":""52/4"",""crr"":12.0,""rrr"":"""",""pressure"":0.175,""xRuns"":1.553,""xWicket"":0.043,""risk"":0.836,""control"":0.456}"
1480,13,4,3,17,21,10,0,1,wide,FALSE,FALSE,,,,flick,long_on,"{""phase"":""powerplay"",""score"":""53/4"",""crr"":12.23,""rrr"":"""",""pressure"":0.178,""xRuns"":1.552,""xWicket"":0.006,""risk"":0.687,""control"":0.569}"
1481,13,4,3,17,21,10,1,1,no_ball,FALSE,FALSE,,,,drive,mid_on_inside,"{""phase"":""powerplay"",""score"":""55/4"",""crr"":12.69,""rrr"":"""",""pressure"":0.178,""xRuns"":1.552,""xWicket"":0.006,""risk"":0.687,""control"":0.546}"
1482,13,4,3,21,17,10,1,0,,TRUE,FALSE,,,,hook,mid_on_area,"{""phase"":""powerplay"",""score"":""56/4"",""crr"":12.44,""rrr"":"""",""pressure"":0.178,""xRuns"":1.274,""xWicket"":0.035,""risk"":0.437,""control"":0.411}"
1483,13,4,4,17,21,10,0,1,wide,FALSE,FALSE,,,,hook,straight_inside,"{""phase"":""powerplay"",""score"":""57/4"",""crr"":12.67,""rrr"":"""",""pressure"":0.181,""xRuns"":1.551,""xWicket"":0.006,""risk"":0.689,""control"":0.512}"
1484,13,4,4,17,21,10,0,0,,TRUE,FALSE,,,,upper_cut,long_off,"{""phase"":""powerplay"",""score"":""57/4"",""crr"":12.21,""rrr"":"""",""pressure"":0.181,""xRuns"":1.551,""xWicket"":0.043,""risk"":0.689,""control"":0.533}"
1485,13,4,5,17,21,10,0,1,wide,FALSE,FALSE,,,,defence,long_on,"{""phase"":""powerplay"",""score"":""58/4"",""crr"":12.43,""rrr"":"""",""pressure"":0.183,""xRuns"":1.55,""xWicket"":0.006,""risk"":0.689,""control"":0.51}"
1486,13,4,5,17,21,10,0,0,,TRUE,FALSE,,,,straight_drive,fine_leg,"{""phase"":""powerplay"",""score"":""58/4"",""crr"":12.0,""rrr"":"""",""pressure"":0.183,""xRuns"":1.55,""xWicket"":0.043,""risk"":0.689,""control"":0.594}"
1487,13,4,6,17,21,10,0,1,wide,FALSE,FALSE,,,,paddle_sweep,long_off,"{""phase"":""powerplay"",""score"":""59/4"",""crr"":12.21,""rrr"":"""",""pressure"":0.186,""xRuns"":1.549,""xWicket"":0.006,""risk"":0.691,""control"":0.471}"
1488,13,4,6,17,21,10,0,0,,TRUE,TRUE,bowled,17,,paddle_sweep,silly_mid_wicket,"{""phase"":""powerplay"",""score"":""59/4"",""crr"":11.8,""rrr"":"""",""pressure"":0.186,""xRuns"":1.549,""xWicket"":0.043,""risk"":0.691,""control"":0.573}"
1489,13,5,1,21,29,12,0,1,no_ball,FALSE,FALSE,,,,sweep,straight_inside,"{""phase"":""powerplay"",""score"":""60/5"",""crr"":12.0,""rrr"":"""",""pressure"":0.215,""xRuns"":1.487,""xWicket"":0.006,""risk"":0.454,""control"":0.551}"
1490,13,5,1,21,29,12,4,0,,TRUE,FALSE,,,,reverse_sweep,deep_square_leg,"{""phase"":""powerplay"",""score"":""64/5"",""crr"":12.39,""rrr"":"""",""pressure"":0.215,""xRuns"":1.487,""xWicket"":0.015,""risk"":0.604,""control"":0.505}"
1491,13,5,2,21,29,12,1,0,,TRUE,FALSE,,,,drive,mid_on_inside,"{""phase"":""powerplay"",""score"":""65/5"",""crr"":12.19,""rrr"":"""",""pressure"":0.218,""xRuns"":1.486,""xWicket"":0.015,""risk"":0.455,""control"":0.627}"
1492,13,5,3,29,21,12,0,0,,TRUE,FALSE,,,,upper_cut,cover_inside,"{""phase"":""powerplay"",""score"":""65/5"",""crr"":11.82,""rrr"":"""",""pressure"":0.221,""xRuns"":1.035,""xWicket"":0.053,""risk"":0.521,""control"":0.099}"
1493,13,5,4,29,21,12,2,0,,TRUE,FALSE,,,,cut,deep_square_leg,"{""phase"":""powerplay"",""score"":""67/5"",""crr"":11.82,""rrr"":"""",""pressure"":0.224,""xRuns"":1.034,""xWicket"":0.053,""risk"":0.522,""control"":0.083}"
1494,13,5,5,29,21,12,1,0,,TRUE,FALSE,,,,defence,mid_off,"{""phase"":""powerplay"",""score"":""68/5"",""crr"":11.66,""rrr"":"""",""pressure"":0.226,""xRuns"":1.033,""xWicket"":0.053,""risk"":0.523,""control"":0.112}"
1495,13,5,6,21,29,12,0,1,wide,FALSE,FALSE,,,,pull,short_leg,"{""phase"":""powerplay"",""score"":""69/5"",""crr"":11.83,""rrr"":"""",""pressure"":0.229,""xRuns"":1.481,""xWicket"":0.006,""risk"":0.46,""control"":0.577}"
1496,13,5,6,21,29,12,1,0,,TRUE,FALSE,,,,lofted,long_on,"{""phase"":""powerplay"",""score"":""70/5"",""crr"":11.67,""rrr"":"""",""pressure"":0.229,""xRuns"":1.481,""xWicket"":0.016,""risk"":0.46,""control"":0.637}"
1497,13,6,1,21,29,7,0,0,,TRUE,FALSE,,,,lofted_drive,fine_leg_inside,"{""phase"":""middle"",""score"":""70/5"",""crr"":11.35,""rrr"":"""",""pressure"":0.232,""xRuns"":1.147,""xWicket"":0.048,""risk"":0.462,""control"":0.37}"
1498,13,6,2,21,29,7,0,0,,TRUE,FALSE,,,,hook,silly_point,"{""phase"":""middle"",""score"":""70/5"",""crr"":11.05,""rrr"":"""",""pressure"":0.235,""xRuns"":1.146,""xWicket"":0.048,""risk"":0.463,""control"":0.462}"
1499,13,6,3,21,29,7,1,0,,TRUE,FALSE,,,,sweep,cover_inside,"{""phase"":""middle"",""score"":""71/5"",""crr"":10.92,""rrr"":"""",""pressure"":0.238,""xRuns"":1.144,""xWicket"":0.048,""risk"":0.464,""control"":0.447}"
1500,13,6,4,29,21,7,0,0,,TRUE,FALSE,,,,glance,silly_mid_on,"{""phase"":""middle"",""score"":""71/5"",""crr"":10.65,""rrr"":"""",""pressure"":0.241,""xRuns"":0.693,""xWicket"":0.086,""risk"":0.53,""control"":0.003}"
1501,13,6,5,29,21,7,2,0,,TRUE,FALSE,,,,ramp,mid_on_area,"{""phase"":""middle"",""score"":""73/5"",""crr"":10.68,""rrr"":"""",""pressure"":0.243,""xRuns"":0.693,""xWicket"":0.086,""risk"":0.531,""control"":0}"
1502,13,6,6,29,21,7,2,0,,TRUE,FALSE,,,,reverse_sweep,long_off,"{""phase"":""middle"",""score"":""75/5"",""crr"":10.71,""rrr"":"""",""pressure"":0.246,""xRuns"":0.691,""xWicket"":0.086,""risk"":0.532,""control"":0.082}"
1503,13,7,1,21,29,9,2,0,,TRUE,FALSE,,,,glance,straight_inside,"{""phase"":""middle"",""score"":""77/5"",""crr"":10.74,""rrr"":"""",""pressure"":0.249,""xRuns"":1.178,""xWicket"":0.045,""risk"":0.469,""control"":0.526}"
1504,13,7,2,21,29,9,0,0,,TRUE,FALSE,,,,defence,square_leg_inside,"{""phase"":""middle"",""score"":""77/5"",""crr"":10.5,""rrr"":"""",""pressure"":0.252,""xRuns"":1.177,""xWicket"":0.045,""risk"":0.471,""control"":0.487}"
1505,13,7,3,21,29,9,0,0,,TRUE,FALSE,,,,drive,deep_extra_cover,"{""phase"":""middle"",""score"":""77/5"",""crr"":10.27,""rrr"":"""",""pressure"":0.255,""xRuns"":1.175,""xWicket"":0.045,""risk"":0.472,""control"":0.374}"
1506,13,7,4,21,29,9,0,1,wide,FALSE,FALSE,,,,lofted,third_point,"{""phase"":""middle"",""score"":""78/5"",""crr"":10.4,""rrr"":"""",""pressure"":0.258,""xRuns"":1.174,""xWicket"":0.006,""risk"":0.473,""control"":0.442}"
1507,13,7,4,21,29,9,1,0,,TRUE,FALSE,,,,on_drive,cover_point_inside,"{""phase"":""middle"",""score"":""79/5"",""crr"":10.3,""rrr"":"""",""pressure"":0.258,""xRuns"":1.174,""xWicket"":0.045,""risk"":0.473,""control"":0.505}"
1508,13,7,5,29,21,9,0,0,,TRUE,FALSE,,,,late_cut,square_leg_inside,"{""phase"":""middle"",""score"":""79/5"",""crr"":10.09,""rrr"":"""",""pressure"":0.26,""xRuns"":0.724,""xWicket"":0.083,""risk"":0.538,""control"":0}"
1509,13,7,6,29,21,9,1,0,,TRUE,FALSE,,,,flick,mid_off,"{""phase"":""middle"",""score"":""80/5"",""crr"":10.0,""rrr"":"""",""pressure"":0.263,""xRuns"":0.722,""xWicket"":0.083,""risk"":0.54,""control"":0.089}"
1510,13,8,1,29,21,14,1,0,,TRUE,FALSE,,,,glance,deep_square_leg,"{""phase"":""middle"",""score"":""81/5"",""crr"":9.92,""rrr"":"""",""pressure"":0.266,""xRuns"":0.721,""xWicket"":0.083,""risk"":0.541,""control"":0}"
1511,13,8,2,21,29,14,0,2,leg_bye,TRUE,FALSE,,,,scoop,square_leg_inside,"{""phase"":""middle"",""score"":""83/5"",""crr"":9.96,""rrr"":"""",""pressure"":0.269,""xRuns"":1.169,""xWicket"":0.046,""risk"":0.478,""control"":0.523}"
1512,13,8,3,21,29,14,0,0,,TRUE,FALSE,,,,clip,long_on,"{""phase"":""middle"",""score"":""83/5"",""crr"":9.76,""rrr"":"""",""pressure"":0.272,""xRuns"":1.168,""xWicket"":0.046,""risk"":0.48,""control"":0.377}"
1513,13,8,4,21,29,14,3,0,,TRUE,FALSE,,,,on_drive,silly_mid_wicket,"{""phase"":""middle"",""score"":""86/5"",""crr"":9.92,""rrr"":"""",""pressure"":0.275,""xRuns"":1.167,""xWicket"":0.046,""risk"":0.481,""control"":0.458}"
1514,13,8,5,29,21,14,1,0,,TRUE,FALSE,,,,lofted_drive,fine_leg,"{""phase"":""middle"",""score"":""87/5"",""crr"":9.85,""rrr"":"""",""pressure"":0.277,""xRuns"":0.716,""xWicket"":0.084,""risk"":0.546,""control"":0}"
1515,13,8,6,21,29,14,0,0,,TRUE,FALSE,,,,cover_drive,straight_inside,"{""phase"":""middle"",""score"":""87/5"",""crr"":9.67,""rrr"":"""",""pressure"":0.28,""xRuns"":1.165,""xWicket"":0.046,""risk"":0.483,""control"":0.468}"
1516,13,9,1,29,21,8,0,0,,TRUE,FALSE,,,,glance,straight_inside,"{""phase"":""middle"",""score"":""87/5"",""crr"":9.49,""rrr"":"""",""pressure"":0.283,""xRuns"":0.771,""xWicket"":0.079,""risk"":0.549,""control"":0}"
1517,13,9,2,29,21,8,1,0,,TRUE,FALSE,,,,glance,silly_mid_wicket,"{""phase"":""middle"",""score"":""88/5"",""crr"":9.43,""rrr"":"""",""pressure"":0.286,""xRuns"":0.77,""xWicket"":0.079,""risk"":0.55,""control"":0.038}"
1518,13,9,3,21,29,8,2,0,,TRUE,FALSE,,,,drive,long_off,"{""phase"":""middle"",""score"":""90/5"",""crr"":9.47,""rrr"":"""",""pressure"":0.289,""xRuns"":1.218,""xWicket"":0.041,""risk"":0.487,""control"":0.448}"
1519,13,9,4,21,29,8,0,0,,TRUE,FALSE,,,,upper_cut,point_inside,"{""phase"":""middle"",""score"":""90/5"",""crr"":9.31,""rrr"":"""",""pressure"":0.291,""xRuns"":1.217,""xWicket"":0.041,""risk"":0.488,""control"":0.508}"
1520,13,9,5,21,29,8,1,0,,TRUE,FALSE,,,,slog,deep_extra_cover,"{""phase"":""middle"",""score"":""91/5"",""crr"":9.25,""rrr"":"""",""pressure"":0.294,""xRuns"":1.216,""xWicket"":0.041,""risk"":0.489,""control"":0.467}"
1521,13,9,6,29,21,8,0,0,,TRUE,FALSE,,,,paddle_sweep,cover_point_inside,"{""phase"":""middle"",""score"":""91/5"",""crr"":9.1,""rrr"":"""",""pressure"":0.297,""xRuns"":0.765,""xWicket"":0.079,""risk"":0.555,""control"":0}"
1522,13,10,1,21,29,10,0,0,,TRUE,FALSE,,,,cover_drive,point_inside,"{""phase"":""middle"",""score"":""91/5"",""crr"":8.95,""rrr"":"""",""pressure"":0.3,""xRuns"":1.223,""xWicket"":0.041,""risk"":0.492,""control"":0.46}"
1523,13,10,2,21,29,10,0,1,no_ball,FALSE,FALSE,,,,hook,long_off,"{""phase"":""middle"",""score"":""92/5"",""crr"":9.05,""rrr"":"""",""pressure"":0.303,""xRuns"":1.222,""xWicket"":0.006,""risk"":0.493,""control"":0.49}"
1524,13,10,2,21,29,10,0,0,,TRUE,FALSE,,,,glance,cover_point_inside,"{""phase"":""middle"",""score"":""92/5"",""crr"":8.9,""rrr"":"""",""pressure"":0.303,""xRuns"":1.222,""xWicket"":0.041,""risk"":0.493,""control"":0.466}"
1525,13,10,3,21,29,10,0,0,,TRUE,FALSE,,,,slog,cover_inside,"{""phase"":""middle"",""score"":""92/5"",""crr"":8.76,""rrr"":"""",""pressure"":0.306,""xRuns"":1.221,""xWicket"":0.041,""risk"":0.495,""control"":0.553}"
1526,13,10,4,21,29,10,0,0,,TRUE,FALSE,,,,on_drive,deep_cover,"{""phase"":""middle"",""score"":""92/5"",""crr"":8.62,""rrr"":"""",""pressure"":0.308,""xRuns"":1.22,""xWicket"":0.041,""risk"":0.496,""control"":0.531}"
1527,13,10,5,21,29,10,0,0,,TRUE,FALSE,,,,drive,deep_square_leg,"{""phase"":""middle"",""score"":""92/5"",""crr"":8.49,""rrr"":"""",""pressure"":0.311,""xRuns"":1.218,""xWicket"":0.041,""risk"":0.497,""control"":0.458}"
1528,13,10,6,21,29,10,2,0,,TRUE,FALSE,,,,upper_cut,deep_cover,"{""phase"":""middle"",""score"":""94/5"",""crr"":8.55,""rrr"":"""",""pressure"":0.314,""xRuns"":1.217,""xWicket"":0.041,""risk"":0.498,""control"":0.525}"
1529,13,11,1,29,21,12,1,0,,TRUE,FALSE,,,,square_cut,mid_on_area,"{""phase"":""middle"",""score"":""95/5"",""crr"":8.51,""rrr"":"""",""pressure"":0.317,""xRuns"":0.995,""xWicket"":0.057,""risk"":0.564,""control"":0.13}"
1530,13,11,2,21,29,12,0,0,,TRUE,FALSE,,,,glance,point_inside,"{""phase"":""middle"",""score"":""95/5"",""crr"":8.38,""rrr"":"""",""pressure"":0.32,""xRuns"":1.443,""xWicket"":0.02,""risk"":0.501,""control"":0.511}"
1531,13,11,3,21,29,12,1,0,,TRUE,FALSE,,,,upper_cut,long_on,"{""phase"":""middle"",""score"":""96/5"",""crr"":8.35,""rrr"":"""",""pressure"":0.323,""xRuns"":1.442,""xWicket"":0.02,""risk"":0.502,""control"":0.609}"
1532,13,11,4,29,21,12,0,0,,TRUE,FALSE,,,,clip,straight_inside,"{""phase"":""middle"",""score"":""96/5"",""crr"":8.23,""rrr"":"""",""pressure"":0.326,""xRuns"":0.991,""xWicket"":0.058,""risk"":0.568,""control"":0.087}"
1533,13,11,5,29,21,12,1,0,,TRUE,FALSE,,,,paddle_sweep,fine_leg_inside,"{""phase"":""middle"",""score"":""97/5"",""crr"":8.2,""rrr"":"""",""pressure"":0.328,""xRuns"":0.99,""xWicket"":0.058,""risk"":0.569,""control"":0.165}"
1534,13,11,6,21,29,12,0,0,,TRUE,FALSE,,,,defence,square_leg_inside,"{""phase"":""middle"",""score"":""97/5"",""crr"":8.08,""rrr"":"""",""pressure"":0.331,""xRuns"":1.439,""xWicket"":0.02,""risk"":0.506,""control"":0.635}"
1535,13,12,1,29,21,7,0,0,,TRUE,FALSE,,,,hook,square_leg_inside,"{""phase"":""middle"",""score"":""97/5"",""crr"":7.97,""rrr"":"""",""pressure"":0.334,""xRuns"":0.654,""xWicket"":0.09,""risk"":0.572,""control"":0.076}"
1536,13,12,2,29,21,7,2,0,,TRUE,FALSE,,,,on_drive,mid_on_inside,"{""phase"":""middle"",""score"":""99/5"",""crr"":8.03,""rrr"":"""",""pressure"":0.337,""xRuns"":0.653,""xWicket"":0.09,""risk"":0.573,""control"":0}"
1537,13,12,3,29,21,7,0,0,,TRUE,FALSE,,,,paddle_sweep,deep_extra_cover,"{""phase"":""middle"",""score"":""99/5"",""crr"":7.92,""rrr"":"""",""pressure"":0.34,""xRuns"":0.652,""xWicket"":0.09,""risk"":0.574,""control"":0.042}"
1538,13,12,4,29,21,7,1,0,,TRUE,FALSE,,,,paddle_sweep,cover_inside,"{""phase"":""middle"",""score"":""100/5"",""crr"":7.89,""rrr"":"""",""pressure"":0.343,""xRuns"":0.651,""xWicket"":0.09,""risk"":0.576,""control"":0}"
1539,13,12,5,21,29,7,1,1,no_ball,FALSE,FALSE,,,,defence,deep_extra_cover,"{""phase"":""middle"",""score"":""102/5"",""crr"":8.05,""rrr"":"""",""pressure"":0.345,""xRuns"":1.099,""xWicket"":0.008,""risk"":0.512,""control"":0.464}"
1540,13,12,5,29,21,7,0,0,,TRUE,TRUE,bowled,29,,straight_drive,silly_point,"{""phase"":""middle"",""score"":""102/5"",""crr"":7.95,""rrr"":"""",""pressure"":0.345,""xRuns"":0.65,""xWicket"":0.09,""risk"":0.577,""control"":0.026}"
1541,13,12,6,22,21,7,1,0,,TRUE,FALSE,,,,cut,mid_off,"{""phase"":""middle"",""score"":""103/6"",""crr"":7.92,""rrr"":"""",""pressure"":0.374,""xRuns"":0.36,""xWicket"":0.111,""risk"":0.568,""control"":0}"
1542,13,13,1,22,21,9,1,0,,TRUE,FALSE,,,,pull,long_off,"{""phase"":""middle"",""score"":""104/6"",""crr"":7.9,""rrr"":"""",""pressure"":0.377,""xRuns"":0.397,""xWicket"":0.107,""risk"":0.57,""control"":0}"
1543,13,13,2,21,22,9,0,0,,TRUE,FALSE,,,,reverse_sweep,long_off,"{""phase"":""middle"",""score"":""104/6"",""crr"":7.8,""rrr"":"""",""pressure"":0.38,""xRuns"":1.123,""xWicket"":0.051,""risk"":0.528,""control"":0.37}"
1544,13,13,3,21,22,9,0,0,,TRUE,FALSE,,,,flick,point_inside,"{""phase"":""middle"",""score"":""104/6"",""crr"":7.7,""rrr"":"""",""pressure"":0.383,""xRuns"":1.122,""xWicket"":0.051,""risk"":0.529,""control"":0.422}"
1545,13,13,4,21,22,9,0,0,,TRUE,FALSE,,,,pull,cover_point_inside,"{""phase"":""middle"",""score"":""104/6"",""crr"":7.61,""rrr"":"""",""pressure"":0.386,""xRuns"":1.12,""xWicket"":0.051,""risk"":0.531,""control"":0.394}"
1546,13,13,5,21,22,9,4,0,,TRUE,FALSE,,,,pull,long_off,"{""phase"":""middle"",""score"":""108/6"",""crr"":7.81,""rrr"":"""",""pressure"":0.388,""xRuns"":1.119,""xWicket"":0.051,""risk"":0.682,""control"":0.501}"
1547,13,13,6,21,22,9,0,0,,TRUE,FALSE,,,,sweep,deep_extra_cover,"{""phase"":""middle"",""score"":""108/6"",""crr"":7.71,""rrr"":"""",""pressure"":0.391,""xRuns"":1.118,""xWicket"":0.051,""risk"":0.533,""control"":0.515}"
1548,13,14,1,22,21,14,0,0,,TRUE,TRUE,caught,22,Arjun Nair,flick,square_leg_inside,"{""phase"":""middle"",""score"":""108/6"",""crr"":7.62,""rrr"":"""",""pressure"":0.394,""xRuns"":0.39,""xWicket"":0.108,""risk"":0.577,""control"":0}"
1549,13,14,2,24,21,14,0,0,,TRUE,FALSE,,,,defence,mid_on_area,"{""phase"":""middle"",""score"":""108/7"",""crr"":7.53,""rrr"":"""",""pressure"":0.423,""xRuns"":0.544,""xWicket"":0.116,""risk"":0.74,""control"":0}"
1550,13,14,3,24,21,14,0,0,,TRUE,FALSE,,,,lofted_drive,fine_leg_inside,"{""phase"":""middle"",""score"":""108/7"",""crr"":7.45,""rrr"":"""",""pressure"":0.426,""xRuns"":0.543,""xWicket"":0.116,""risk"":0.742,""control"":0}"
1551,13,14,4,24,21,14,1,0,,TRUE,FALSE,,,,drive,mid_off,"{""phase"":""middle"",""score"":""109/7"",""crr"":7.43,""rrr"":"""",""pressure"":0.428,""xRuns"":0.542,""xWicket"":0.117,""risk"":0.743,""control"":0}"
1552,13,14,5,21,24,14,0,0,,TRUE,FALSE,,,,late_cut,mid_on_area,"{""phase"":""middle"",""score"":""109/7"",""crr"":7.35,""rrr"":"""",""pressure"":0.431,""xRuns"":1.101,""xWicket"":0.053,""risk"":0.551,""control"":0.482}"
1553,13,14,6,21,24,14,0,0,,TRUE,FALSE,,,,late_cut,mid_on_area,"{""phase"":""middle"",""score"":""109/7"",""crr"":7.27,""rrr"":"""",""pressure"":0.434,""xRuns"":1.1,""xWicket"":0.053,""risk"":0.552,""control"":0.526}"
1554,13,15,1,24,21,8,0,0,,TRUE,FALSE,,,,clip,long_off,"{""phase"":""death"",""score"":""109/7"",""crr"":7.19,""rrr"":"""",""pressure"":0.437,""xRuns"":0.595,""xWicket"":0.13,""risk"":0.747,""control"":0}"
1555,13,15,2,24,21,8,6,0,,TRUE,FALSE,,,,reverse_sweep,mid_off,"{""phase"":""death"",""score"":""115/7"",""crr"":7.5,""rrr"":"""",""pressure"":0.44,""xRuns"":0.594,""xWicket"":0.13,""risk"":0.898,""control"":0}"
1556,13,15,3,24,21,8,4,0,,TRUE,FALSE,,,,clip,deep_extra_cover,"{""phase"":""death"",""score"":""119/7"",""crr"":7.68,""rrr"":"""",""pressure"":0.443,""xRuns"":0.593,""xWicket"":0.13,""risk"":0.899,""control"":0}"
1557,13,15,4,24,21,8,1,0,,TRUE,FALSE,,,,defence,cover_inside,"{""phase"":""death"",""score"":""120/7"",""crr"":7.66,""rrr"":"""",""pressure"":0.446,""xRuns"":0.592,""xWicket"":0.13,""risk"":0.751,""control"":0}"
1558,13,15,5,21,24,8,1,0,,TRUE,FALSE,,,,clip,mid_off,"{""phase"":""death"",""score"":""121/7"",""crr"":7.64,""rrr"":"""",""pressure"":0.448,""xRuns"":1.151,""xWicket"":0.066,""risk"":0.559,""control"":0.445}"
1559,13,15,6,24,21,8,4,0,,TRUE,TRUE,caught,24,Devansh Kulkarni,slog,deep_square_leg,"{""phase"":""death"",""score"":""125/7"",""crr"":7.81,""rrr"":"""",""pressure"":0.451,""xRuns"":0.589,""xWicket"":0.13,""risk"":0.903,""control"":0}"
1560,13,16,1,21,23,12,0,1,wide,FALSE,FALSE,,,,lofted_drive,point_inside,"{""phase"":""death"",""score"":""126/8"",""crr"":7.88,""rrr"":"""",""pressure"":0.48,""xRuns"":1.376,""xWicket"":0.006,""risk"":0.573,""control"":0.572}"
1561,13,16,1,21,23,12,6,0,,TRUE,FALSE,,,,defence,square_leg_inside,"{""phase"":""death"",""score"":""132/8"",""crr"":8.16,""rrr"":"""",""pressure"":0.48,""xRuns"":1.376,""xWicket"":0.045,""risk"":0.723,""control"":0.588}"
1562,13,16,2,21,23,12,0,0,,TRUE,FALSE,,,,on_drive,fine_leg,"{""phase"":""death"",""score"":""132/8"",""crr"":8.08,""rrr"":"""",""pressure"":0.483,""xRuns"":1.375,""xWicket"":0.045,""risk"":0.574,""control"":0.631}"
1563,13,16,3,21,23,12,0,0,,TRUE,FALSE,,,,flick,long_on,"{""phase"":""death"",""score"":""132/8"",""crr"":8.0,""rrr"":"""",""pressure"":0.486,""xRuns"":1.374,""xWicket"":0.045,""risk"":0.576,""control"":0.635}"
1564,13,16,4,21,23,12,0,1,wide,FALSE,FALSE,,,,straight_drive,long_on,"{""phase"":""death"",""score"":""133/8"",""crr"":8.06,""rrr"":"""",""pressure"":0.489,""xRuns"":1.372,""xWicket"":0.006,""risk"":0.577,""control"":0.552}"
1565,13,16,4,21,23,12,0,0,,TRUE,FALSE,,,,square_cut,silly_mid_wicket,"{""phase"":""death"",""score"":""133/8"",""crr"":7.98,""rrr"":"""",""pressure"":0.489,""xRuns"":1.372,""xWicket"":0.046,""risk"":0.577,""control"":0.639}"
1566,13,16,5,21,23,12,1,0,,TRUE,TRUE,caught,21,Vivaan Rao,drive,mid_on_area,"{""phase"":""death"",""score"":""134/8"",""crr"":7.96,""rrr"":"""",""pressure"":0.491,""xRuns"":1.371,""xWicket"":0.046,""risk"":0.578,""control"":0.508}"
1567,13,16,6,23,25,12,0,0,,TRUE,FALSE,,,,cut,silly_point,"{""phase"":""death"",""score"":""134/9"",""crr"":7.88,""rrr"":"""",""pressure"":0.52,""xRuns"":0.7,""xWicket"":0.112,""risk"":0.698,""control"":0}"
1568,13,17,1,25,23,12,1,0,,TRUE,FALSE,,,,lofted_drive,cover_inside,"{""phase"":""death"",""score"":""135/9"",""crr"":7.86,""rrr"":"""",""pressure"":0.523,""xRuns"":0.861,""xWicket"":0.083,""risk"":0.642,""control"":0.177}"
1569,13,17,2,23,25,12,0,0,,TRUE,FALSE,,,,lofted,square_leg_inside,"{""phase"":""death"",""score"":""135/9"",""crr"":7.79,""rrr"":"""",""pressure"":0.526,""xRuns"":0.698,""xWicket"":0.112,""risk"":0.701,""control"":0}"
1570,13,17,3,23,25,12,1,0,,TRUE,FALSE,,,,sweep,short_leg,"{""phase"":""death"",""score"":""136/9"",""crr"":7.77,""rrr"":"""",""pressure"":0.529,""xRuns"":0.696,""xWicket"":0.112,""risk"":0.702,""control"":0}"
1571,13,17,4,25,23,12,1,0,,TRUE,FALSE,,,,flick,deep_square_leg,"{""phase"":""death"",""score"":""137/9"",""crr"":7.75,""rrr"":"""",""pressure"":0.532,""xRuns"":0.857,""xWicket"":0.083,""risk"":0.647,""control"":0.132}"
1572,13,17,5,23,25,12,2,0,,TRUE,FALSE,,,,hook,fine_leg_inside,"{""phase"":""death"",""score"":""139/9"",""crr"":7.79,""rrr"":"""",""pressure"":0.534,""xRuns"":0.694,""xWicket"":0.112,""risk"":0.705,""control"":0.008}"
1573,13,17,6,23,25,12,4,0,,TRUE,FALSE,,,,pull,deep_cover,"{""phase"":""death"",""score"":""143/9"",""crr"":7.94,""rrr"":"""",""pressure"":0.537,""xRuns"":0.693,""xWicket"":0.113,""risk"":0.856,""control"":0}"
1574,13,18,1,25,23,14,1,0,,TRUE,FALSE,,,,hook,deep_cover,"{""phase"":""death"",""score"":""144/9"",""crr"":7.93,""rrr"":"""",""pressure"":0.54,""xRuns"":0.558,""xWicket"":0.112,""risk"":0.65,""control"":0}"
1575,13,18,2,23,25,14,0,0,,TRUE,FALSE,,,,flick,silly_mid_wicket,"{""phase"":""death"",""score"":""144/9"",""crr"":7.85,""rrr"":"""",""pressure"":0.543,""xRuns"":0.395,""xWicket"":0.141,""risk"":0.709,""control"":0}"
1576,13,18,3,23,25,14,1,0,,TRUE,FALSE,,,,late_cut,square_leg_inside,"{""phase"":""death"",""score"":""145/9"",""crr"":7.84,""rrr"":"""",""pressure"":0.546,""xRuns"":0.394,""xWicket"":0.141,""risk"":0.71,""control"":0}"
1577,13,18,4,25,23,14,1,0,,TRUE,FALSE,,,,cover_drive,silly_point,"{""phase"":""death"",""score"":""146/9"",""crr"":7.82,""rrr"":"""",""pressure"":0.549,""xRuns"":0.554,""xWicket"":0.112,""risk"":0.654,""control"":0.063}"
1578,13,18,5,23,25,14,1,0,,TRUE,FALSE,,,,slog,straight_inside,"{""phase"":""death"",""score"":""147/9"",""crr"":7.81,""rrr"":"""",""pressure"":0.551,""xRuns"":0.392,""xWicket"":0.141,""risk"":0.712,""control"":0}"
1579,13,18,6,25,23,14,4,0,,TRUE,FALSE,,,,cover_drive,square_leg_inside,"{""phase"":""death"",""score"":""151/9"",""crr"":7.95,""rrr"":"""",""pressure"":0.554,""xRuns"":0.552,""xWicket"":0.112,""risk"":0.806,""control"":0}"
1580,13,19,1,23,25,9,1,0,,TRUE,FALSE,,,,lofted_drive,cover_point_inside,"{""phase"":""death"",""score"":""152/9"",""crr"":7.93,""rrr"":"""",""pressure"":0.557,""xRuns"":0.389,""xWicket"":0.142,""risk"":0.715,""control"":0}"
1581,13,19,2,25,23,9,0,0,,TRUE,FALSE,,,,glance,cover_inside,"{""phase"":""death"",""score"":""152/9"",""crr"":7.86,""rrr"":"""",""pressure"":0.56,""xRuns"":0.55,""xWicket"":0.113,""risk"":0.659,""control"":0}"
1582,13,19,3,25,23,9,1,0,,TRUE,TRUE,stumped,25,Manan Gaur,scoop,deep_square_leg,"{""phase"":""death"",""score"":""153/9"",""crr"":7.85,""rrr"":"""",""pressure"":0.563,""xRuns"":0.549,""xWicket"":0.113,""risk"":0.66,""control"":0.005}"
1583,14,0,1,15,1,29,1,0,,TRUE,FALSE,,,,pull,straight_inside,"{""phase"":""powerplay"",""score"":""1/0"",""crr"":6.0,""rrr"":7.71,""pressure"":0.22,""xRuns"":1.519,""xWicket"":0.034,""risk"":0.649,""control"":0.584}"
1584,14,0,2,1,15,29,0,0,,TRUE,FALSE,,,,late_cut,third_point,"{""phase"":""powerplay"",""score"":""1/0"",""crr"":3.0,""rrr"":7.78,""pressure"":0.223,""xRuns"":1.425,""xWicket"":0.037,""risk"":0.572,""control"":0.515}"
1585,14,0,3,1,15,29,1,0,,TRUE,FALSE,,,,paddle_sweep,deep_cover,"{""phase"":""powerplay"",""score"":""2/0"",""crr"":4.0,""rrr"":7.79,""pressure"":0.228,""xRuns"":1.423,""xWicket"":0.037,""risk"":0.574,""control"":0.621}"
1586,14,0,4,15,1,29,1,0,,TRUE,FALSE,,,,on_drive,mid_on_area,"{""phase"":""powerplay"",""score"":""3/0"",""crr"":4.5,""rrr"":7.81,""pressure"":0.231,""xRuns"":1.514,""xWicket"":0.035,""risk"":0.654,""control"":0.551}"
1587,14,0,5,1,15,29,0,0,,TRUE,FALSE,,,,square_cut,deep_square_leg,"{""phase"":""powerplay"",""score"":""3/0"",""crr"":3.6,""rrr"":7.88,""pressure"":0.234,""xRuns"":1.421,""xWicket"":0.038,""risk"":0.577,""control"":0.535}"
1588,14,0,6,1,15,29,0,0,,TRUE,FALSE,,,,sweep,short_leg,"{""phase"":""powerplay"",""score"":""3/0"",""crr"":3.0,""rrr"":7.95,""pressure"":0.239,""xRuns"":1.419,""xWicket"":0.038,""risk"":0.579,""control"":0.488}"
1589,14,1,1,15,1,22,1,0,,TRUE,FALSE,,,,upper_cut,silly_mid_on,"{""phase"":""powerplay"",""score"":""4/0"",""crr"":3.43,""rrr"":7.96,""pressure"":0.244,""xRuns"":1.585,""xWicket"":0.028,""risk"":0.66,""control"":0.611}"
1590,14,1,2,1,15,22,1,0,,TRUE,FALSE,,,,upper_cut,point_inside,"{""phase"":""powerplay"",""score"":""5/0"",""crr"":3.75,""rrr"":7.98,""pressure"":0.247,""xRuns"":1.492,""xWicket"":0.031,""risk"":0.583,""control"":0.554}"
1591,14,1,3,15,1,22,2,0,,TRUE,FALSE,,,,sweep,long_off,"{""phase"":""powerplay"",""score"":""7/0"",""crr"":4.67,""rrr"":7.95,""pressure"":0.251,""xRuns"":1.582,""xWicket"":0.028,""risk"":0.663,""control"":0.66}"
1592,14,1,4,15,1,22,0,0,,TRUE,FALSE,,,,flick,fine_leg,"{""phase"":""powerplay"",""score"":""7/0"",""crr"":4.2,""rrr"":8.02,""pressure"":0.253,""xRuns"":1.581,""xWicket"":0.029,""risk"":0.664,""control"":0.682}"
1593,14,1,5,15,1,22,0,0,,TRUE,FALSE,,,,cut,third_point,"{""phase"":""powerplay"",""score"":""7/0"",""crr"":3.82,""rrr"":8.09,""pressure"":0.257,""xRuns"":1.58,""xWicket"":0.029,""risk"":0.666,""control"":0.55}"
1594,14,1,6,15,1,22,4,0,,TRUE,FALSE,,,,defence,third_point,"{""phase"":""powerplay"",""score"":""11/0"",""crr"":5.5,""rrr"":7.94,""pressure"":0.262,""xRuns"":1.578,""xWicket"":0.029,""risk"":0.818,""control"":0.603}"
1595,14,2,1,1,15,24,1,0,,TRUE,FALSE,,,,hook,silly_mid_on,"{""phase"":""powerplay"",""score"":""12/0"",""crr"":5.54,""rrr"":7.96,""pressure"":0.261,""xRuns"":1.486,""xWicket"":0.032,""risk"":0.589,""control"":0.524}"
1596,14,2,2,15,1,24,6,0,,TRUE,FALSE,,,,glance,silly_point,"{""phase"":""powerplay"",""score"":""18/0"",""crr"":7.71,""rrr"":7.7,""pressure"":0.264,""xRuns"":1.577,""xWicket"":0.029,""risk"":0.819,""control"":0.544}"
1597,14,2,3,15,1,24,4,0,,TRUE,FALSE,,,,pull,fine_leg,"{""phase"":""powerplay"",""score"":""22/0"",""crr"":8.8,""rrr"":7.54,""pressure"":0.26,""xRuns"":1.578,""xWicket"":0.029,""risk"":0.817,""control"":0.69}"
1598,14,2,4,15,1,24,4,0,,TRUE,FALSE,,,,cover_drive,deep_extra_cover,"{""phase"":""powerplay"",""score"":""26/0"",""crr"":9.75,""rrr"":7.38,""pressure"":0.258,""xRuns"":1.579,""xWicket"":0.029,""risk"":0.816,""control"":0.553}"
1599,14,2,5,15,1,24,1,0,,TRUE,FALSE,,,,defence,square_leg_inside,"{""phase"":""powerplay"",""score"":""27/0"",""crr"":9.53,""rrr"":7.4,""pressure"":0.256,""xRuns"":1.58,""xWicket"":0.029,""risk"":0.665,""control"":0.6}"
1600,14,2,6,1,15,24,0,0,,TRUE,FALSE,,,,lofted,point_inside,"{""phase"":""powerplay"",""score"":""27/0"",""crr"":9.0,""rrr"":7.47,""pressure"":0.26,""xRuns"":1.486,""xWicket"":0.032,""risk"":0.588,""control"":0.563}"
1601,14,3,1,15,1,23,1,0,,TRUE,FALSE,,,,defence,cover_point_inside,"{""phase"":""powerplay"",""score"":""28/0"",""crr"":8.84,""rrr"":7.49,""pressure"":0.264,""xRuns"":1.596,""xWicket"":0.027,""risk"":0.669,""control"":0.698}"
1602,14,3,2,1,15,23,4,0,,TRUE,FALSE,,,,clip,silly_mid_on,"{""phase"":""powerplay"",""score"":""32/0"",""crr"":9.6,""rrr"":7.32,""pressure"":0.268,""xRuns"":1.502,""xWicket"":0.03,""risk"":0.742,""control"":0.562}"
1603,14,3,3,1,15,23,0,0,,TRUE,FALSE,,,,upper_cut,short_leg,"{""phase"":""powerplay"",""score"":""32/0"",""crr"":9.14,""rrr"":7.39,""pressure"":0.266,""xRuns"":1.503,""xWicket"":0.03,""risk"":0.591,""control"":0.559}"
1604,14,3,4,1,15,23,0,0,,TRUE,FALSE,,,,upper_cut,silly_point,"{""phase"":""powerplay"",""score"":""32/0"",""crr"":8.73,""rrr"":7.47,""pressure"":0.271,""xRuns"":1.501,""xWicket"":0.03,""risk"":0.593,""control"":0.57}"
1605,14,3,5,1,15,23,0,0,,TRUE,FALSE,,,,square_cut,short_leg,"{""phase"":""powerplay"",""score"":""32/0"",""crr"":8.35,""rrr"":7.55,""pressure"":0.276,""xRuns"":1.498,""xWicket"":0.03,""risk"":0.596,""control"":0.596}"
1606,14,3,6,1,15,23,1,0,,TRUE,FALSE,,,,cover_drive,silly_point,"{""phase"":""powerplay"",""score"":""33/0"",""crr"":8.25,""rrr"":7.56,""pressure"":0.281,""xRuns"":1.496,""xWicket"":0.031,""risk"":0.598,""control"":0.59}"
1607,14,4,1,1,15,25,2,0,,TRUE,FALSE,,,,clip,mid_on_inside,"{""phase"":""powerplay"",""score"":""35/0"",""crr"":8.4,""rrr"":7.52,""pressure"":0.284,""xRuns"":1.505,""xWicket"":0.03,""risk"":0.599,""control"":0.543}"
1608,14,4,2,1,15,25,1,0,,TRUE,FALSE,,,,sweep,mid_on_inside,"{""phase"":""powerplay"",""score"":""36/0"",""crr"":8.31,""rrr"":7.53,""pressure"":0.286,""xRuns"":1.504,""xWicket"":0.03,""risk"":0.6,""control"":0.601}"
1609,14,4,3,15,1,25,4,0,,TRUE,FALSE,,,,flick,third_point,"{""phase"":""powerplay"",""score"":""40/0"",""crr"":8.89,""rrr"":7.35,""pressure"":0.289,""xRuns"":1.595,""xWicket"":0.027,""risk"":0.83,""control"":0.652}"
1610,14,4,4,15,1,25,0,0,,TRUE,FALSE,,,,ramp,cover_inside,"{""phase"":""powerplay"",""score"":""40/0"",""crr"":8.57,""rrr"":7.43,""pressure"":0.287,""xRuns"":1.596,""xWicket"":0.027,""risk"":0.679,""control"":0.671}"
1611,14,4,5,15,1,25,1,0,,TRUE,FALSE,,,,flick,mid_on_area,"{""phase"":""powerplay"",""score"":""41/0"",""crr"":8.48,""rrr"":7.45,""pressure"":0.292,""xRuns"":1.593,""xWicket"":0.028,""risk"":0.681,""control"":0.68}"
1612,14,4,6,1,15,25,0,0,,TRUE,FALSE,,,,defence,fine_leg,"{""phase"":""powerplay"",""score"":""41/0"",""crr"":8.2,""rrr"":7.53,""pressure"":0.295,""xRuns"":1.5,""xWicket"":0.03,""risk"":0.604,""control"":0.529}"
1613,14,5,1,15,1,29,1,0,,TRUE,TRUE,caught,15,Advik Agarwal,flick,point_inside,"{""phase"":""powerplay"",""score"":""42/0"",""crr"":8.13,""rrr"":7.55,""pressure"":0.3,""xRuns"":1.485,""xWicket"":0.038,""risk"":0.685,""control"":0.557}"
1614,14,5,2,1,6,29,0,0,,TRUE,TRUE,bowled,1,,ramp,point_inside,"{""phase"":""powerplay"",""score"":""42/1"",""crr"":7.88,""rrr"":7.64,""pressure"":0.33,""xRuns"":1.38,""xWicket"":0.042,""risk"":0.62,""control"":0.633}"
1615,14,5,3,13,6,29,0,0,,TRUE,FALSE,,,,reverse_sweep,silly_mid_wicket,"{""phase"":""powerplay"",""score"":""42/2"",""crr"":7.64,""rrr"":7.72,""pressure"":0.361,""xRuns"":1.327,""xWicket"":0.047,""risk"":0.655,""control"":0.496}"
1616,14,5,4,13,6,29,1,0,,TRUE,FALSE,,,,scoop,straight_inside,"{""phase"":""powerplay"",""score"":""43/2"",""crr"":7.59,""rrr"":7.74,""pressure"":0.366,""xRuns"":1.325,""xWicket"":0.047,""risk"":0.658,""control"":0.466}"
1617,14,5,5,6,13,29,1,0,,TRUE,FALSE,,,,sweep,point_inside,"{""phase"":""powerplay"",""score"":""44/2"",""crr"":7.54,""rrr"":7.76,""pressure"":0.369,""xRuns"":1.521,""xWicket"":0.047,""risk"":0.83,""control"":0.564}"
1618,14,5,6,13,6,29,0,0,,TRUE,FALSE,,,,slog,deep_extra_cover,"{""phase"":""powerplay"",""score"":""44/2"",""crr"":7.33,""rrr"":7.86,""pressure"":0.373,""xRuns"":1.322,""xWicket"":0.047,""risk"":0.661,""control"":0.525}"
1619,14,6,1,6,13,22,2,0,,TRUE,FALSE,,,,defence,fine_leg,"{""phase"":""middle"",""score"":""46/2"",""crr"":7.46,""rrr"":7.81,""pressure"":0.379,""xRuns"":1.593,""xWicket"":0.041,""risk"":0.835,""control"":0.643}"
1620,14,6,2,6,13,22,1,0,,TRUE,FALSE,,,,cover_drive,silly_mid_on,"{""phase"":""middle"",""score"":""47/2"",""crr"":7.42,""rrr"":7.83,""pressure"":0.38,""xRuns"":1.593,""xWicket"":0.041,""risk"":0.835,""control"":0.525}"
1621,14,6,3,13,6,22,0,1,wide,FALSE,FALSE,,,,on_drive,silly_mid_wicket,"{""phase"":""middle"",""score"":""48/2"",""crr"":7.58,""rrr"":7.76,""pressure"":0.383,""xRuns"":1.394,""xWicket"":0.006,""risk"":0.665,""control"":0.47}"
1622,14,6,3,13,6,22,1,0,,TRUE,FALSE,,,,flick,deep_square_leg,"{""phase"":""middle"",""score"":""49/2"",""crr"":7.54,""rrr"":7.78,""pressure"":0.381,""xRuns"":1.395,""xWicket"":0.04,""risk"":0.664,""control"":0.617}"
1623,14,6,4,6,13,22,4,0,,TRUE,FALSE,,,,cut,long_off,"{""phase"":""middle"",""score"":""53/2"",""crr"":7.95,""rrr"":7.57,""pressure"":0.385,""xRuns"":1.591,""xWicket"":0.041,""risk"":0.988,""control"":0.632}"
1624,14,6,5,6,13,22,4,0,,TRUE,FALSE,,,,paddle_sweep,silly_mid_wicket,"{""phase"":""middle"",""score"":""57/2"",""crr"":8.34,""rrr"":7.37,""pressure"":0.382,""xRuns"":1.592,""xWicket"":0.041,""risk"":0.986,""control"":0.636}"
1625,14,6,6,6,13,22,1,0,,TRUE,FALSE,,,,on_drive,third_point,"{""phase"":""middle"",""score"":""58/2"",""crr"":8.29,""rrr"":7.38,""pressure"":0.379,""xRuns"":1.593,""xWicket"":0.041,""risk"":0.835,""control"":0.511}"
1626,14,7,1,6,13,24,1,0,,TRUE,FALSE,,,,glance,point_inside,"{""phase"":""middle"",""score"":""59/2"",""crr"":8.23,""rrr"":7.4,""pressure"":0.382,""xRuns"":1.592,""xWicket"":0.041,""risk"":0.836,""control"":0.617}"
1627,14,7,2,13,6,24,0,0,,TRUE,FALSE,,,,defence,fine_leg,"{""phase"":""middle"",""score"":""59/2"",""crr"":8.05,""rrr"":7.5,""pressure"":0.385,""xRuns"":1.393,""xWicket"":0.04,""risk"":0.666,""control"":0.519}"
1628,14,7,3,13,6,24,4,0,,TRUE,FALSE,,,,upper_cut,square_leg_inside,"{""phase"":""middle"",""score"":""63/2"",""crr"":8.4,""rrr"":7.28,""pressure"":0.391,""xRuns"":1.391,""xWicket"":0.041,""risk"":0.819,""control"":0.465}"
1629,14,7,4,13,6,24,1,0,,TRUE,FALSE,,,,square_cut,short_leg,"{""phase"":""middle"",""score"":""64/2"",""crr"":8.35,""rrr"":7.3,""pressure"":0.388,""xRuns"":1.392,""xWicket"":0.041,""risk"":0.667,""control"":0.619}"
1630,14,7,5,6,13,24,4,0,,TRUE,FALSE,,,,paddle_sweep,silly_mid_on,"{""phase"":""middle"",""score"":""68/2"",""crr"":8.68,""rrr"":7.07,""pressure"":0.391,""xRuns"":1.588,""xWicket"":0.041,""risk"":0.99,""control"":0.511}"
1631,14,7,6,6,13,24,0,0,,TRUE,FALSE,,,,scoop,silly_mid_wicket,"{""phase"":""middle"",""score"":""68/2"",""crr"":8.5,""rrr"":7.17,""pressure"":0.387,""xRuns"":1.59,""xWicket"":0.041,""risk"":0.838,""control"":0.582}"
1632,14,8,1,13,6,23,2,0,,TRUE,FALSE,,,,flick,straight_inside,"{""phase"":""middle"",""score"":""70/2"",""crr"":8.57,""rrr"":7.1,""pressure"":0.393,""xRuns"":1.409,""xWicket"":0.039,""risk"":0.67,""control"":0.604}"
1633,14,8,2,13,6,23,0,0,,TRUE,FALSE,,,,glance,cover_point_inside,"{""phase"":""middle"",""score"":""70/2"",""crr"":8.4,""rrr"":7.2,""pressure"":0.394,""xRuns"":1.409,""xWicket"":0.039,""risk"":0.67,""control"":0.471}"
1634,14,8,3,13,6,23,1,0,,TRUE,FALSE,,,,drive,silly_point,"{""phase"":""middle"",""score"":""71/2"",""crr"":8.35,""rrr"":7.22,""pressure"":0.399,""xRuns"":1.407,""xWicket"":0.039,""risk"":0.672,""control"":0.595}"
1635,14,8,4,6,13,23,0,0,,TRUE,FALSE,,,,sweep,cover_inside,"{""phase"":""middle"",""score"":""71/2"",""crr"":8.19,""rrr"":7.32,""pressure"":0.403,""xRuns"":1.602,""xWicket"":0.04,""risk"":0.846,""control"":0.544}"
1636,14,8,5,6,13,23,0,0,,TRUE,FALSE,,,,on_drive,cover_point_inside,"{""phase"":""middle"",""score"":""71/2"",""crr"":8.04,""rrr"":7.43,""pressure"":0.408,""xRuns"":1.6,""xWicket"":0.04,""risk"":0.848,""control"":0.668}"
1637,14,8,6,6,13,23,1,0,,TRUE,FALSE,,,,slog,deep_extra_cover,"{""phase"":""middle"",""score"":""72/2"",""crr"":8.0,""rrr"":7.45,""pressure"":0.414,""xRuns"":1.597,""xWicket"":0.04,""risk"":0.851,""control"":0.522}"
1638,14,9,1,6,13,25,6,0,,TRUE,FALSE,,,,paddle_sweep,point_inside,"{""phase"":""middle"",""score"":""78/2"",""crr"":8.51,""rrr"":7.02,""pressure"":0.418,""xRuns"":1.605,""xWicket"":0.04,""risk"":1,""control"":0.589}"
1639,14,9,2,6,13,25,3,0,,TRUE,FALSE,,,,late_cut,straight_inside,"{""phase"":""middle"",""score"":""81/2"",""crr"":8.68,""rrr"":6.84,""pressure"":0.408,""xRuns"":1.609,""xWicket"":0.039,""risk"":0.848,""control"":0.574}"
1640,14,9,3,13,6,25,1,0,,TRUE,FALSE,,,,glance,long_off,"{""phase"":""middle"",""score"":""82/2"",""crr"":8.63,""rrr"":6.86,""pressure"":0.406,""xRuns"":1.413,""xWicket"":0.039,""risk"":0.676,""control"":0.555}"
1641,14,9,4,6,13,25,1,0,,TRUE,FALSE,,,,late_cut,straight_inside,"{""phase"":""middle"",""score"":""83/2"",""crr"":8.59,""rrr"":6.87,""pressure"":0.41,""xRuns"":1.609,""xWicket"":0.039,""risk"":0.849,""control"":0.645}"
1642,14,9,5,13,6,25,6,0,,TRUE,FALSE,,,,sweep,square_leg_inside,"{""phase"":""middle"",""score"":""89/2"",""crr"":9.05,""rrr"":6.39,""pressure"":0.413,""xRuns"":1.41,""xWicket"":0.039,""risk"":0.829,""control"":0.509}"
1643,14,9,6,13,6,25,4,0,,TRUE,FALSE,,,,pull,mid_off,"{""phase"":""middle"",""score"":""93/2"",""crr"":9.3,""rrr"":6.1,""pressure"":0.402,""xRuns"":1.415,""xWicket"":0.038,""risk"":0.824,""control"":0.483}"
1644,14,10,1,6,13,29,1,0,,TRUE,FALSE,,,,sweep,silly_point,"{""phase"":""middle"",""score"":""94/2"",""crr"":9.25,""rrr"":6.1,""pressure"":0.396,""xRuns"":1.51,""xWicket"":0.049,""risk"":0.842,""control"":0.523}"
1645,14,10,2,13,6,29,1,0,,TRUE,FALSE,,,,defence,fine_leg_inside,"{""phase"":""middle"",""score"":""95/2"",""crr"":9.19,""rrr"":6.1,""pressure"":0.399,""xRuns"":1.311,""xWicket"":0.048,""risk"":0.672,""control"":0.449}"
1646,14,10,3,6,13,29,1,0,,TRUE,FALSE,,,,straight_drive,silly_mid_wicket,"{""phase"":""middle"",""score"":""96/2"",""crr"":9.14,""rrr"":6.11,""pressure"":0.402,""xRuns"":1.507,""xWicket"":0.049,""risk"":0.845,""control"":0.469}"
1647,14,10,4,13,6,29,1,0,,TRUE,FALSE,,,,paddle_sweep,silly_point,"{""phase"":""middle"",""score"":""97/2"",""crr"":9.09,""rrr"":6.11,""pressure"":0.405,""xRuns"":1.309,""xWicket"":0.049,""risk"":0.675,""control"":0.51}"
1648,14,10,5,6,13,29,0,0,,TRUE,FALSE,,,,paddle_sweep,cover_inside,"{""phase"":""middle"",""score"":""97/2"",""crr"":8.95,""rrr"":6.22,""pressure"":0.408,""xRuns"":1.505,""xWicket"":0.049,""risk"":0.848,""control"":0.623}"
1649,14,10,6,6,13,29,1,0,,TRUE,FALSE,,,,reverse_sweep,point_inside,"{""phase"":""middle"",""score"":""98/2"",""crr"":8.91,""rrr"":6.22,""pressure"":0.414,""xRuns"":1.502,""xWicket"":0.049,""risk"":0.851,""control"":0.521}"
1650,14,11,1,6,13,22,0,0,,TRUE,FALSE,,,,scoop,silly_point,"{""phase"":""middle"",""score"":""98/2"",""crr"":8.78,""rrr"":6.34,""pressure"":0.417,""xRuns"":1.577,""xWicket"":0.042,""risk"":0.852,""control"":0.554}"
1651,14,11,2,6,13,22,4,0,,TRUE,FALSE,,,,hook,straight_inside,"{""phase"":""middle"",""score"":""102/2"",""crr"":9.0,""rrr"":6.0,""pressure"":0.423,""xRuns"":1.575,""xWicket"":0.043,""risk"":1,""control"":0.625}"
1652,14,11,3,6,13,22,0,0,,TRUE,FALSE,,,,straight_drive,mid_off,"{""phase"":""middle"",""score"":""102/2"",""crr"":8.87,""rrr"":6.12,""pressure"":0.416,""xRuns"":1.578,""xWicket"":0.042,""risk"":0.851,""control"":0.653}"
1653,14,11,4,6,13,22,6,0,,TRUE,FALSE,,,,lofted,fine_leg,"{""phase"":""middle"",""score"":""108/2"",""crr"":9.26,""rrr"":5.52,""pressure"":0.422,""xRuns"":1.575,""xWicket"":0.042,""risk"":1,""control"":0.601}"
1654,14,11,5,6,13,22,4,0,,TRUE,FALSE,,,,flick,mid_on_inside,"{""phase"":""middle"",""score"":""112/2"",""crr"":9.46,""rrr"":5.14,""pressure"":0.408,""xRuns"":1.581,""xWicket"":0.042,""risk"":0.998,""control"":0.595}"
1655,14,11,6,6,13,22,1,0,,TRUE,FALSE,,,,slog,cover_point_inside,"{""phase"":""middle"",""score"":""113/2"",""crr"":9.42,""rrr"":5.12,""pressure"":0.4,""xRuns"":1.584,""xWicket"":0.041,""risk"":0.844,""control"":0.532}"
1656,14,12,1,6,13,24,2,0,,TRUE,FALSE,,,,paddle_sweep,cover_point_inside,"{""phase"":""middle"",""score"":""115/2"",""crr"":9.45,""rrr"":4.98,""pressure"":0.402,""xRuns"":1.583,""xWicket"":0.042,""risk"":0.845,""control"":0.647}"
1657,14,12,2,6,13,24,6,0,,TRUE,FALSE,,,,defence,long_off,"{""phase"":""middle"",""score"":""121/2"",""crr"":9.81,""rrr"":4.3,""pressure"":0.401,""xRuns"":1.584,""xWicket"":0.042,""risk"":0.995,""control"":0.528}"
1658,14,12,3,6,13,24,6,0,,TRUE,FALSE,,,,lofted_drive,mid_on_inside,"{""phase"":""middle"",""score"":""127/2"",""crr"":10.16,""rrr"":3.6,""pressure"":0.385,""xRuns"":1.591,""xWicket"":0.041,""risk"":0.988,""control"":0.658}"
1659,14,12,4,6,13,24,2,0,,TRUE,FALSE,,,,lofted_drive,deep_extra_cover,"{""phase"":""middle"",""score"":""129/2"",""crr"":10.18,""rrr"":3.41,""pressure"":0.367,""xRuns"":1.598,""xWicket"":0.04,""risk"":0.829,""control"":0.614}"
1660,14,12,5,6,13,24,6,0,,TRUE,FALSE,,,,pull,long_on,"{""phase"":""middle"",""score"":""135/2"",""crr"":10.52,""rrr"":2.65,""pressure"":0.365,""xRuns"":1.599,""xWicket"":0.04,""risk"":0.979,""control"":0.508}"
1661,14,12,6,6,13,24,3,0,,TRUE,FALSE,,,,late_cut,point_inside,"{""phase"":""middle"",""score"":""138/2"",""crr"":10.62,""rrr"":2.29,""pressure"":0.346,""xRuns"":1.607,""xWicket"":0.039,""risk"":0.82,""control"":0.555}"
1662,14,13,1,6,13,23,4,0,,TRUE,FALSE,,,,ramp,cover_inside,"{""phase"":""middle"",""score"":""142/2"",""crr"":10.78,""rrr"":1.76,""pressure"":0.338,""xRuns"":1.629,""xWicket"":0.037,""risk"":0.966,""control"":0.611}"
1663,14,13,2,6,13,23,3,0,,TRUE,FALSE,,,,cover_drive,fine_leg,"{""phase"":""middle"",""score"":""145/2"",""crr"":10.88,""rrr"":1.35,""pressure"":0.326,""xRuns"":1.634,""xWicket"":0.036,""risk"":0.811,""control"":0.552}"
1664,14,13,3,13,6,23,1,0,,TRUE,FALSE,,,,drive,cover_point_inside,"{""phase"":""middle"",""score"":""146/2"",""crr"":10.81,""rrr"":1.23,""pressure"":0.317,""xRuns"":1.441,""xWicket"":0.036,""risk"":0.636,""control"":0.552}"
1665,14,13,4,6,13,23,1,0,,TRUE,FALSE,,,,cover_drive,square_leg_inside,"{""phase"":""middle"",""score"":""147/2"",""crr"":10.76,""rrr"":1.11,""pressure"":0.317,""xRuns"":1.638,""xWicket"":0.036,""risk"":0.807,""control"":0.621}"
1666,14,13,5,13,6,23,1,0,,TRUE,FALSE,,,,glance,cover_point_inside,"{""phase"":""middle"",""score"":""148/2"",""crr"":10.7,""rrr"":0.97,""pressure"":0.316,""xRuns"":1.442,""xWicket"":0.036,""risk"":0.635,""control"":0.61}"
1667,14,13,6,6,13,23,2,0,,TRUE,FALSE,,,,cut,long_off,"{""phase"":""middle"",""score"":""150/2"",""crr"":10.71,""rrr"":0.67,""pressure"":0.315,""xRuns"":1.639,""xWicket"":0.036,""risk"":0.806,""control"":0.625}"
1668,14,14,1,13,6,25,0,0,,TRUE,FALSE,,,,scoop,cover_inside,"{""phase"":""middle"",""score"":""150/2"",""crr"":10.59,""rrr"":0.69,""pressure"":0.309,""xRuns"":1.454,""xWicket"":0.034,""risk"":0.632,""control"":0.499}"
1669,14,14,2,13,6,25,0,1,wide,FALSE,FALSE,,,,flick,mid_on_area,"{""phase"":""middle"",""score"":""151/2"",""crr"":10.66,""rrr"":0.51,""pressure"":0.313,""xRuns"":1.452,""xWicket"":0.006,""risk"":0.634,""control"":0.574}"
1670,14,14,2,13,6,25,1,0,,TRUE,FALSE,,,,late_cut,silly_mid_on,"{""phase"":""middle"",""score"":""152/2"",""crr"":10.6,""rrr"":0.35,""pressure"":0.307,""xRuns"":1.455,""xWicket"":0.034,""risk"":0.631,""control"":0.542}"
1671,14,14,3,6,13,25,4,0,,TRUE,FALSE,,,,paddle_sweep,fine_leg,"{""phase"":""middle"",""score"":""156/2"",""crr"":10.76,""rrr"":0.0,""pressure"":0.306,""xRuns"":1.652,""xWicket"":0.035,""risk"":0.952,""control"":0.514}"
1672,15,0,1,15,1,44,1,0,,TRUE,FALSE,,,,sweep,fine_leg_inside,"{""phase"":""powerplay"",""score"":""1/0"",""crr"":6.0,""rrr"":"""",""pressure"":0.0,""xRuns"":1.554,""xWicket"":0.03,""risk"":0.55,""control"":0.602}"
1673,15,0,2,1,15,44,2,0,,TRUE,FALSE,,,,drive,deep_extra_cover,"{""phase"":""powerplay"",""score"":""3/0"",""crr"":9.0,""rrr"":"""",""pressure"":0.003,""xRuns"":1.461,""xWicket"":0.033,""risk"":0.473,""control"":0.585}"
1674,15,0,3,1,15,44,1,0,,TRUE,FALSE,,,,glance,cover_point_inside,"{""phase"":""powerplay"",""score"":""4/0"",""crr"":8.0,""rrr"":"""",""pressure"":0.006,""xRuns"":1.459,""xWicket"":0.033,""risk"":0.474,""control"":0.547}"
1675,15,0,4,15,1,44,1,0,,TRUE,FALSE,,,,hook,long_on,"{""phase"":""powerplay"",""score"":""5/0"",""crr"":7.5,""rrr"":"""",""pressure"":0.009,""xRuns"":1.55,""xWicket"":0.03,""risk"":0.554,""control"":0.498}"
1676,15,0,5,1,15,44,0,0,,TRUE,FALSE,,,,reverse_sweep,silly_mid_wicket,"{""phase"":""powerplay"",""score"":""5/0"",""crr"":6.0,""rrr"":"""",""pressure"":0.011,""xRuns"":1.457,""xWicket"":0.033,""risk"":0.476,""control"":0.489}"
1677,15,0,6,1,15,44,0,0,,TRUE,FALSE,,,,sweep,deep_extra_cover,"{""phase"":""powerplay"",""score"":""5/0"",""crr"":5.0,""rrr"":"""",""pressure"":0.014,""xRuns"":1.456,""xWicket"":0.033,""risk"":0.478,""control"":0.612}"
1678,15,1,1,15,1,38,1,0,,TRUE,FALSE,,,,sweep,point_inside,"{""phase"":""powerplay"",""score"":""6/0"",""crr"":5.14,""rrr"":"""",""pressure"":0.017,""xRuns"":1.566,""xWicket"":0.029,""risk"":0.558,""control"":0.63}"
1679,15,1,2,1,15,38,1,0,,TRUE,FALSE,,,,scoop,long_on,"{""phase"":""powerplay"",""score"":""7/0"",""crr"":5.25,""rrr"":"""",""pressure"":0.02,""xRuns"":1.473,""xWicket"":0.032,""risk"":0.48,""control"":0.611}"
1680,15,1,3,15,1,38,0,0,,TRUE,FALSE,,,,paddle_sweep,silly_mid_wicket,"{""phase"":""powerplay"",""score"":""7/0"",""crr"":4.67,""rrr"":"""",""pressure"":0.023,""xRuns"":1.564,""xWicket"":0.029,""risk"":0.56,""control"":0.568}"
1681,15,1,4,15,1,38,1,0,,TRUE,FALSE,,,,on_drive,mid_on_inside,"{""phase"":""powerplay"",""score"":""8/0"",""crr"":4.8,""rrr"":"""",""pressure"":0.026,""xRuns"":1.562,""xWicket"":0.029,""risk"":0.562,""control"":0.522}"
1682,15,1,5,1,15,38,1,0,,TRUE,FALSE,,,,cut,cover_point_inside,"{""phase"":""powerplay"",""score"":""9/0"",""crr"":4.91,""rrr"":"""",""pressure"":0.028,""xRuns"":1.469,""xWicket"":0.032,""risk"":0.484,""control"":0.487}"
1683,15,1,6,15,1,38,0,0,,TRUE,FALSE,,,,late_cut,point_inside,"{""phase"":""powerplay"",""score"":""9/0"",""crr"":4.5,""rrr"":"""",""pressure"":0.031,""xRuns"":1.56,""xWicket"":0.029,""risk"":0.564,""control"":0.488}"
1684,15,2,1,1,15,40,2,0,,TRUE,FALSE,,,,slog,silly_mid_on,"{""phase"":""powerplay"",""score"":""11/0"",""crr"":5.08,""rrr"":"""",""pressure"":0.034,""xRuns"":1.591,""xWicket"":0.02,""risk"":0.487,""control"":0.587}"
1685,15,2,2,1,15,40,0,0,,TRUE,FALSE,,,,upper_cut,long_on,"{""phase"":""powerplay"",""score"":""11/0"",""crr"":4.71,""rrr"":"""",""pressure"":0.037,""xRuns"":1.589,""xWicket"":0.021,""risk"":0.488,""control"":0.599}"
1686,15,2,3,1,15,40,0,2,bye,TRUE,FALSE,,,,square_cut,long_off,"{""phase"":""powerplay"",""score"":""13/0"",""crr"":5.2,""rrr"":"""",""pressure"":0.04,""xRuns"":1.588,""xWicket"":0.021,""risk"":0.489,""control"":0.626}"
1687,15,2,4,1,15,40,1,0,,TRUE,FALSE,,,,flick,third_point,"{""phase"":""powerplay"",""score"":""14/0"",""crr"":5.25,""rrr"":"""",""pressure"":0.043,""xRuns"":1.587,""xWicket"":0.021,""risk"":0.491,""control"":0.638}"
1688,15,2,5,15,1,40,0,0,,TRUE,FALSE,,,,defence,cover_point_inside,"{""phase"":""powerplay"",""score"":""14/0"",""crr"":4.94,""rrr"":"""",""pressure"":0.045,""xRuns"":1.678,""xWicket"":0.018,""risk"":0.57,""control"":0.621}"
1689,15,2,6,15,1,40,4,0,,TRUE,FALSE,,,,square_cut,straight_inside,"{""phase"":""powerplay"",""score"":""18/0"",""crr"":6.0,""rrr"":"""",""pressure"":0.048,""xRuns"":1.677,""xWicket"":0.018,""risk"":0.722,""control"":0.672}"
1690,15,3,1,1,15,37,4,0,,TRUE,FALSE,,,,drive,square_leg_inside,"{""phase"":""powerplay"",""score"":""22/0"",""crr"":6.95,""rrr"":"""",""pressure"":0.051,""xRuns"":1.631,""xWicket"":0.017,""risk"":0.644,""control"":0.594}"
1691,15,3,2,1,15,37,4,0,,TRUE,FALSE,,,,defence,short_leg,"{""phase"":""powerplay"",""score"":""26/0"",""crr"":7.8,""rrr"":"""",""pressure"":0.054,""xRuns"":1.63,""xWicket"":0.017,""risk"":0.646,""control"":0.603}"
1692,15,3,3,1,15,37,1,0,,TRUE,FALSE,,,,lofted_drive,long_off,"{""phase"":""powerplay"",""score"":""27/0"",""crr"":7.71,""rrr"":"""",""pressure"":0.057,""xRuns"":1.628,""xWicket"":0.017,""risk"":0.497,""control"":0.649}"
1693,15,3,4,15,1,37,0,0,,TRUE,FALSE,,,,sweep,silly_point,"{""phase"":""powerplay"",""score"":""27/0"",""crr"":7.36,""rrr"":"""",""pressure"":0.059,""xRuns"":1.72,""xWicket"":0.014,""risk"":0.577,""control"":0.657}"
1694,15,3,5,15,1,37,1,0,,TRUE,FALSE,,,,late_cut,mid_off,"{""phase"":""powerplay"",""score"":""28/0"",""crr"":7.3,""rrr"":"""",""pressure"":0.062,""xRuns"":1.719,""xWicket"":0.014,""risk"":0.578,""control"":0.564}"
1695,15,3,6,1,15,37,2,0,,TRUE,FALSE,,,,hook,deep_square_leg,"{""phase"":""powerplay"",""score"":""30/0"",""crr"":7.5,""rrr"":"""",""pressure"":0.065,""xRuns"":1.625,""xWicket"":0.017,""risk"":0.501,""control"":0.535}"
1696,15,4,1,15,1,39,6,0,,TRUE,FALSE,,,,straight_drive,silly_mid_wicket,"{""phase"":""powerplay"",""score"":""36/0"",""crr"":8.64,""rrr"":"""",""pressure"":0.068,""xRuns"":1.735,""xWicket"":0.013,""risk"":0.731,""control"":0.63}"
1697,15,4,2,15,1,39,1,0,,TRUE,FALSE,,,,cut,silly_point,"{""phase"":""powerplay"",""score"":""37/0"",""crr"":8.54,""rrr"":"""",""pressure"":0.071,""xRuns"":1.734,""xWicket"":0.013,""risk"":0.582,""control"":0.707}"
1698,15,4,3,1,15,39,1,0,,TRUE,FALSE,,,,clip,mid_on_area,"{""phase"":""powerplay"",""score"":""38/0"",""crr"":8.44,""rrr"":"""",""pressure"":0.074,""xRuns"":1.64,""xWicket"":0.016,""risk"":0.505,""control"":0.562}"
1699,15,4,4,15,1,39,0,0,,TRUE,FALSE,,,,upper_cut,cover_point_inside,"{""phase"":""powerplay"",""score"":""38/0"",""crr"":8.14,""rrr"":"""",""pressure"":0.077,""xRuns"":1.731,""xWicket"":0.013,""risk"":0.585,""control"":0.572}"
1700,15,4,5,15,1,39,1,0,,TRUE,FALSE,,,,lofted,deep_cover,"{""phase"":""powerplay"",""score"":""39/0"",""crr"":8.07,""rrr"":"""",""pressure"":0.079,""xRuns"":1.731,""xWicket"":0.013,""risk"":0.586,""control"":0.7}"
1701,15,4,6,1,15,39,1,0,,TRUE,FALSE,,,,square_cut,short_leg,"{""phase"":""powerplay"",""score"":""40/0"",""crr"":8.0,""rrr"":"""",""pressure"":0.082,""xRuns"":1.637,""xWicket"":0.016,""risk"":0.508,""control"":0.542}"
1702,15,5,1,1,15,42,1,0,,TRUE,FALSE,,,,cut,fine_leg_inside,"{""phase"":""powerplay"",""score"":""41/0"",""crr"":7.94,""rrr"":"""",""pressure"":0.085,""xRuns"":1.683,""xWicket"":0.012,""risk"":0.51,""control"":0.634}"
1703,15,5,2,15,1,42,2,0,,TRUE,FALSE,,,,flick,mid_off,"{""phase"":""powerplay"",""score"":""43/0"",""crr"":8.06,""rrr"":"""",""pressure"":0.088,""xRuns"":1.774,""xWicket"":0.009,""risk"":0.59,""control"":0.732}"
1704,15,5,3,15,1,42,4,0,,TRUE,FALSE,,,,late_cut,fine_leg,"{""phase"":""powerplay"",""score"":""47/0"",""crr"":8.55,""rrr"":"""",""pressure"":0.091,""xRuns"":1.773,""xWicket"":0.009,""risk"":0.741,""control"":0.606}"
1705,15,5,4,15,1,42,0,0,,TRUE,FALSE,,,,defence,silly_point,"{""phase"":""powerplay"",""score"":""47/0"",""crr"":8.29,""rrr"":"""",""pressure"":0.094,""xRuns"":1.772,""xWicket"":0.01,""risk"":0.592,""control"":0.607}"
1706,15,5,5,15,1,42,4,0,,TRUE,FALSE,,,,pull,silly_mid_on,"{""phase"":""powerplay"",""score"":""51/0"",""crr"":8.74,""rrr"":"""",""pressure"":0.096,""xRuns"":1.771,""xWicket"":0.01,""risk"":0.743,""control"":0.677}"
1707,15,5,6,15,1,42,4,0,,TRUE,FALSE,,,,reverse_sweep,fine_leg,"{""phase"":""powerplay"",""score"":""55/0"",""crr"":9.17,""rrr"":"""",""pressure"":0.099,""xRuns"":1.77,""xWicket"":0.01,""risk"":0.745,""control"":0.679}"
1708,15,6,1,1,15,44,1,0,,TRUE,FALSE,,,,scoop,deep_square_leg,"{""phase"":""middle"",""score"":""56/0"",""crr"":9.08,""rrr"":"""",""pressure"":0.102,""xRuns"":1.419,""xWicket"":0.037,""risk"":0.517,""control"":0.583}"
1709,15,6,2,15,1,44,0,0,,TRUE,FALSE,,,,lofted,square_leg_inside,"{""phase"":""middle"",""score"":""56/0"",""crr"":8.84,""rrr"":"""",""pressure"":0.105,""xRuns"":1.51,""xWicket"":0.035,""risk"":0.597,""control"":0.623}"
1710,15,6,3,15,1,44,4,0,,TRUE,FALSE,,,,reverse_sweep,silly_point,"{""phase"":""middle"",""score"":""60/0"",""crr"":9.23,""rrr"":"""",""pressure"":0.108,""xRuns"":1.509,""xWicket"":0.035,""risk"":0.749,""control"":0.602}"
1711,15,6,4,15,1,44,0,0,,TRUE,FALSE,,,,flick,mid_on_area,"{""phase"":""middle"",""score"":""60/0"",""crr"":9.0,""rrr"":"""",""pressure"":0.111,""xRuns"":1.508,""xWicket"":0.035,""risk"":0.6,""control"":0.567}"
1712,15,6,5,15,1,44,1,0,,TRUE,FALSE,,,,cut,deep_extra_cover,"{""phase"":""middle"",""score"":""61/0"",""crr"":8.93,""rrr"":"""",""pressure"":0.113,""xRuns"":1.507,""xWicket"":0.035,""risk"":0.601,""control"":0.521}"
1713,15,6,6,1,15,44,0,0,,TRUE,FALSE,,,,slog,square_leg_inside,"{""phase"":""middle"",""score"":""61/0"",""crr"":8.71,""rrr"":"""",""pressure"":0.116,""xRuns"":1.413,""xWicket"":0.038,""risk"":0.524,""control"":0.587}"
1714,15,7,1,15,1,38,1,0,,TRUE,TRUE,caught,15,Dhruv Patel,cover_drive,cover_point_inside,"{""phase"":""middle"",""score"":""62/0"",""crr"":8.65,""rrr"":"""",""pressure"":0.119,""xRuns"":1.523,""xWicket"":0.033,""risk"":0.604,""control"":0.639}"
1715,15,7,2,1,6,38,2,0,,TRUE,FALSE,,,,cut,short_leg,"{""phase"":""middle"",""score"":""64/1"",""crr"":8.73,""rrr"":"""",""pressure"":0.148,""xRuns"":1.419,""xWicket"":0.037,""risk"":0.538,""control"":0.61}"
1716,15,7,3,1,6,38,0,0,,TRUE,FALSE,,,,reverse_sweep,deep_square_leg,"{""phase"":""middle"",""score"":""64/1"",""crr"":8.53,""rrr"":"""",""pressure"":0.151,""xRuns"":1.418,""xWicket"":0.038,""risk"":0.539,""control"":0.493}"
1717,15,7,4,1,6,38,1,0,,TRUE,FALSE,,,,slog,fine_leg_inside,"{""phase"":""middle"",""score"":""65/1"",""crr"":8.48,""rrr"":"""",""pressure"":0.153,""xRuns"":1.417,""xWicket"":0.038,""risk"":0.54,""control"":0.62}"
1718,15,7,5,6,1,38,1,0,,TRUE,FALSE,,,,on_drive,long_on,"{""phase"":""middle"",""score"":""66/1"",""crr"":8.43,""rrr"":"""",""pressure"":0.156,""xRuns"":1.572,""xWicket"":0.041,""risk"":0.734,""control"":0.576}"
1719,15,7,6,1,6,38,1,0,,TRUE,FALSE,,,,lofted_drive,silly_mid_on,"{""phase"":""middle"",""score"":""67/1"",""crr"":8.38,""rrr"":"""",""pressure"":0.159,""xRuns"":1.414,""xWicket"":0.038,""risk"":0.543,""control"":0.504}"
1720,15,8,1,1,6,40,0,0,,TRUE,FALSE,,,,cover_drive,silly_mid_wicket,"{""phase"":""middle"",""score"":""67/1"",""crr"":8.2,""rrr"":"""",""pressure"":0.162,""xRuns"":1.537,""xWicket"":0.026,""risk"":0.544,""control"":0.542}"
1721,15,8,2,1,6,40,1,0,,TRUE,FALSE,,,,slog,fine_leg,"{""phase"":""middle"",""score"":""68/1"",""crr"":8.16,""rrr"":"""",""pressure"":0.165,""xRuns"":1.535,""xWicket"":0.026,""risk"":0.546,""control"":0.543}"
1722,15,8,3,6,1,40,6,0,,TRUE,FALSE,,,,glance,third_point,"{""phase"":""middle"",""score"":""74/1"",""crr"":8.71,""rrr"":"""",""pressure"":0.168,""xRuns"":1.691,""xWicket"":0.03,""risk"":0.89,""control"":0.543}"
1723,15,8,4,6,1,40,0,0,,TRUE,FALSE,,,,flick,short_leg,"{""phase"":""middle"",""score"":""74/1"",""crr"":8.54,""rrr"":"""",""pressure"":0.171,""xRuns"":1.69,""xWicket"":0.03,""risk"":0.741,""control"":0.586}"
1724,15,8,5,6,1,40,1,0,,TRUE,FALSE,,,,on_drive,cover_inside,"{""phase"":""middle"",""score"":""75/1"",""crr"":8.49,""rrr"":"""",""pressure"":0.173,""xRuns"":1.689,""xWicket"":0.03,""risk"":0.742,""control"":0.654}"
1725,15,8,6,1,6,40,4,0,,TRUE,FALSE,,,,lofted,fine_leg_inside,"{""phase"":""middle"",""score"":""79/1"",""crr"":8.78,""rrr"":"""",""pressure"":0.176,""xRuns"":1.531,""xWicket"":0.027,""risk"":0.701,""control"":0.587}"
1726,15,9,1,6,1,37,0,0,,TRUE,FALSE,,,,paddle_sweep,third_point,"{""phase"":""middle"",""score"":""79/1"",""crr"":8.62,""rrr"":"""",""pressure"":0.179,""xRuns"":1.734,""xWicket"":0.026,""risk"":0.745,""control"":0.54}"
1727,15,9,2,6,1,37,2,0,,TRUE,FALSE,,,,glance,mid_on_inside,"{""phase"":""middle"",""score"":""81/1"",""crr"":8.68,""rrr"":"""",""pressure"":0.182,""xRuns"":1.733,""xWicket"":0.026,""risk"":0.746,""control"":0.573}"
1728,15,9,3,6,1,37,1,0,,TRUE,FALSE,,,,defence,square_leg_inside,"{""phase"":""middle"",""score"":""82/1"",""crr"":8.63,""rrr"":"""",""pressure"":0.185,""xRuns"":1.732,""xWicket"":0.026,""risk"":0.748,""control"":0.583}"
1729,15,9,4,1,6,37,0,0,,TRUE,FALSE,,,,hook,cover_point_inside,"{""phase"":""middle"",""score"":""82/1"",""crr"":8.48,""rrr"":"""",""pressure"":0.188,""xRuns"":1.573,""xWicket"":0.023,""risk"":0.556,""control"":0.643}"
1730,15,9,5,1,6,37,4,0,,TRUE,FALSE,,,,glance,cover_point_inside,"{""phase"":""middle"",""score"":""86/1"",""crr"":8.75,""rrr"":"""",""pressure"":0.19,""xRuns"":1.573,""xWicket"":0.023,""risk"":0.707,""control"":0.64}"
1731,15,9,6,1,6,37,0,0,,TRUE,FALSE,,,,clip,fine_leg_inside,"{""phase"":""middle"",""score"":""86/1"",""crr"":8.6,""rrr"":"""",""pressure"":0.193,""xRuns"":1.571,""xWicket"":0.023,""risk"":0.558,""control"":0.63}"
1732,15,10,1,6,1,39,1,0,,TRUE,FALSE,,,,slog,cover_point_inside,"{""phase"":""middle"",""score"":""87/1"",""crr"":8.56,""rrr"":"""",""pressure"":0.196,""xRuns"":1.746,""xWicket"":0.025,""risk"":0.752,""control"":0.653}"
1733,15,10,2,1,6,39,0,2,leg_bye,TRUE,FALSE,,,,square_cut,long_off,"{""phase"":""middle"",""score"":""89/1"",""crr"":8.61,""rrr"":"""",""pressure"":0.199,""xRuns"":1.588,""xWicket"":0.022,""risk"":0.561,""control"":0.595}"
1734,15,10,3,1,6,39,0,1,leg_bye,TRUE,FALSE,,,,slog,square_leg_inside,"{""phase"":""middle"",""score"":""90/1"",""crr"":8.57,""rrr"":"""",""pressure"":0.202,""xRuns"":1.587,""xWicket"":0.022,""risk"":0.562,""control"":0.546}"
1735,15,10,4,6,1,39,4,0,,TRUE,FALSE,,,,cut,straight_inside,"{""phase"":""middle"",""score"":""94/1"",""crr"":8.81,""rrr"":"""",""pressure"":0.205,""xRuns"":1.742,""xWicket"":0.025,""risk"":0.907,""control"":0.59}"
1736,15,10,5,6,1,39,2,0,,TRUE,FALSE,,,,sweep,deep_extra_cover,"{""phase"":""middle"",""score"":""96/1"",""crr"":8.86,""rrr"":"""",""pressure"":0.207,""xRuns"":1.742,""xWicket"":0.026,""risk"":0.757,""control"":0.596}"
1737,15,10,6,6,1,39,1,0,,TRUE,FALSE,,,,straight_drive,fine_leg_inside,"{""phase"":""middle"",""score"":""97/1"",""crr"":8.82,""rrr"":"""",""pressure"":0.21,""xRuns"":1.74,""xWicket"":0.026,""risk"":0.759,""control"":0.662}"
1738,15,11,1,6,1,42,0,0,,TRUE,FALSE,,,,cover_drive,cover_point_inside,"{""phase"":""middle"",""score"":""97/1"",""crr"":8.69,""rrr"":"""",""pressure"":0.213,""xRuns"":1.787,""xWicket"":0.021,""risk"":0.76,""control"":0.613}"
1739,15,11,2,6,1,42,1,0,,TRUE,FALSE,,,,late_cut,mid_on_inside,"{""phase"":""middle"",""score"":""98/1"",""crr"":8.65,""rrr"":"""",""pressure"":0.216,""xRuns"":1.785,""xWicket"":0.021,""risk"":0.761,""control"":0.596}"
1740,15,11,3,1,6,42,4,0,,TRUE,FALSE,,,,defence,square_leg_inside,"{""phase"":""middle"",""score"":""102/1"",""crr"":8.87,""rrr"":"""",""pressure"":0.219,""xRuns"":1.627,""xWicket"":0.018,""risk"":0.72,""control"":0.605}"
1741,15,11,4,1,6,42,0,2,bye,TRUE,FALSE,,,,cover_drive,fine_leg_inside,"{""phase"":""middle"",""score"":""104/1"",""crr"":8.91,""rrr"":"""",""pressure"":0.222,""xRuns"":1.626,""xWicket"":0.018,""risk"":0.571,""control"":0.603}"
1742,15,11,5,1,6,42,2,0,,TRUE,FALSE,,,,scoop,short_leg,"{""phase"":""middle"",""score"":""106/1"",""crr"":8.96,""rrr"":"""",""pressure"":0.224,""xRuns"":1.625,""xWicket"":0.018,""risk"":0.572,""control"":0.706}"
1743,15,11,6,1,6,42,1,0,,TRUE,FALSE,,,,cut,square_leg_inside,"{""phase"":""middle"",""score"":""107/1"",""crr"":8.92,""rrr"":"""",""pressure"":0.227,""xRuns"":1.624,""xWicket"":0.018,""risk"":0.574,""control"":0.667}"
1744,15,12,1,1,6,44,1,0,,TRUE,FALSE,,,,sweep,deep_cover,"{""phase"":""middle"",""score"":""108/1"",""crr"":8.88,""rrr"":"""",""pressure"":0.23,""xRuns"":1.365,""xWicket"":0.043,""risk"":0.575,""control"":0.577}"
1745,15,12,2,6,1,44,4,0,,TRUE,FALSE,,,,clip,silly_point,"{""phase"":""middle"",""score"":""112/1"",""crr"":9.08,""rrr"":"""",""pressure"":0.233,""xRuns"":1.521,""xWicket"":0.047,""risk"":0.919,""control"":0.485}"
1746,15,12,3,6,1,44,0,0,,TRUE,FALSE,,,,defence,deep_cover,"{""phase"":""middle"",""score"":""112/1"",""crr"":8.96,""rrr"":"""",""pressure"":0.236,""xRuns"":1.52,""xWicket"":0.047,""risk"":0.77,""control"":0.531}"
1747,15,12,4,6,1,44,1,0,,TRUE,FALSE,,,,scoop,third_point,"{""phase"":""middle"",""score"":""113/1"",""crr"":8.92,""rrr"":"""",""pressure"":0.239,""xRuns"":1.519,""xWicket"":0.047,""risk"":0.772,""control"":0.599}"
1748,15,12,5,1,6,44,0,0,,TRUE,FALSE,,,,straight_drive,cover_inside,"{""phase"":""middle"",""score"":""113/1"",""crr"":8.81,""rrr"":"""",""pressure"":0.241,""xRuns"":1.361,""xWicket"":0.043,""risk"":0.58,""control"":0.604}"
1749,15,12,6,1,6,44,0,0,,TRUE,FALSE,,,,lofted,mid_off,"{""phase"":""middle"",""score"":""113/1"",""crr"":8.69,""rrr"":"""",""pressure"":0.244,""xRuns"":1.359,""xWicket"":0.044,""risk"":0.581,""control"":0.512}"
1750,15,13,1,6,1,38,0,0,,TRUE,FALSE,,,,sweep,long_off,"{""phase"":""middle"",""score"":""113/1"",""crr"":8.58,""rrr"":"""",""pressure"":0.247,""xRuns"":1.534,""xWicket"":0.045,""risk"":0.775,""control"":0.57}"
1751,15,13,2,6,1,38,1,0,,TRUE,FALSE,,,,scoop,straight_inside,"{""phase"":""middle"",""score"":""114/1"",""crr"":8.55,""rrr"":"""",""pressure"":0.25,""xRuns"":1.533,""xWicket"":0.046,""risk"":0.777,""control"":0.468}"
1752,15,13,3,1,6,38,4,0,,TRUE,FALSE,,,,ramp,square_leg_inside,"{""phase"":""middle"",""score"":""118/1"",""crr"":8.74,""rrr"":"""",""pressure"":0.253,""xRuns"":1.375,""xWicket"":0.042,""risk"":0.735,""control"":0.524}"
1753,15,13,4,1,6,38,1,0,,TRUE,FALSE,,,,hook,point_inside,"{""phase"":""middle"",""score"":""119/1"",""crr"":8.71,""rrr"":"""",""pressure"":0.256,""xRuns"":1.373,""xWicket"":0.042,""risk"":0.587,""control"":0.544}"
1754,15,13,5,6,1,38,0,0,,TRUE,FALSE,,,,paddle_sweep,fine_leg,"{""phase"":""middle"",""score"":""119/1"",""crr"":8.6,""rrr"":"""",""pressure"":0.258,""xRuns"":1.53,""xWicket"":0.046,""risk"":0.78,""control"":0.53}"
1755,15,13,6,6,1,38,2,0,,TRUE,FALSE,,,,pull,long_on,"{""phase"":""middle"",""score"":""121/1"",""crr"":8.64,""rrr"":"""",""pressure"":0.261,""xRuns"":1.528,""xWicket"":0.046,""risk"":0.782,""control"":0.568}"
1756,15,14,1,1,6,40,0,0,,TRUE,FALSE,,,,sweep,mid_off,"{""phase"":""middle"",""score"":""121/1"",""crr"":8.54,""rrr"":"""",""pressure"":0.264,""xRuns"":1.494,""xWicket"":0.031,""risk"":0.59,""control"":0.569}"
1757,15,14,2,1,6,40,0,1,bye,TRUE,FALSE,,,,drive,deep_cover,"{""phase"":""middle"",""score"":""122/1"",""crr"":8.51,""rrr"":"""",""pressure"":0.267,""xRuns"":1.493,""xWicket"":0.031,""risk"":0.592,""control"":0.535}"
1758,15,14,3,6,1,40,0,0,,TRUE,FALSE,,,,glance,mid_on_area,"{""phase"":""middle"",""score"":""122/1"",""crr"":8.41,""rrr"":"""",""pressure"":0.27,""xRuns"":1.648,""xWicket"":0.035,""risk"":0.786,""control"":0.646}"
1759,15,14,4,6,1,40,0,1,wide,FALSE,FALSE,,,,slog,fine_leg,"{""phase"":""middle"",""score"":""123/1"",""crr"":8.48,""rrr"":"""",""pressure"":0.273,""xRuns"":1.647,""xWicket"":0.006,""risk"":0.787,""control"":0.59}"
1760,15,14,4,6,1,40,0,0,,TRUE,FALSE,,,,pull,deep_cover,"{""phase"":""middle"",""score"":""123/1"",""crr"":8.39,""rrr"":"""",""pressure"":0.273,""xRuns"":1.647,""xWicket"":0.035,""risk"":0.787,""control"":0.609}"
1761,15,14,5,6,1,40,2,0,,TRUE,FALSE,,,,clip,straight_inside,"{""phase"":""middle"",""score"":""125/1"",""crr"":8.43,""rrr"":"""",""pressure"":0.275,""xRuns"":1.646,""xWicket"":0.035,""risk"":0.788,""control"":0.612}"
1762,15,14,6,6,1,40,4,0,,TRUE,FALSE,,,,drive,deep_cover,"{""phase"":""middle"",""score"":""129/1"",""crr"":8.6,""rrr"":"""",""pressure"":0.278,""xRuns"":1.645,""xWicket"":0.035,""risk"":0.939,""control"":0.59}"
1763,15,15,1,1,6,37,4,0,,TRUE,FALSE,,,,lofted,mid_on_inside,"{""phase"":""death"",""score"":""133/1"",""crr"":8.77,""rrr"":"""",""pressure"":0.281,""xRuns"":1.534,""xWicket"":0.045,""risk"":0.748,""control"":0.678}"
1764,15,15,2,1,6,37,4,0,,TRUE,FALSE,,,,on_drive,long_off,"{""phase"":""death"",""score"":""137/1"",""crr"":8.93,""rrr"":"""",""pressure"":0.284,""xRuns"":1.533,""xWicket"":0.045,""risk"":0.749,""control"":0.612}"
1765,15,15,3,1,6,37,0,0,,TRUE,FALSE,,,,cover_drive,long_on,"{""phase"":""death"",""score"":""137/1"",""crr"":8.84,""rrr"":"""",""pressure"":0.287,""xRuns"":1.532,""xWicket"":0.045,""risk"":0.601,""control"":0.687}"
1766,15,15,4,1,6,37,1,0,,TRUE,FALSE,,,,cover_drive,cover_inside,"{""phase"":""death"",""score"":""138/1"",""crr"":8.81,""rrr"":"""",""pressure"":0.29,""xRuns"":1.531,""xWicket"":0.045,""risk"":0.602,""control"":0.566}"
1767,15,15,5,6,1,37,1,0,,TRUE,FALSE,,,,late_cut,silly_point,"{""phase"":""death"",""score"":""139/1"",""crr"":8.78,""rrr"":"""",""pressure"":0.292,""xRuns"":1.687,""xWicket"":0.049,""risk"":0.796,""control"":0.546}"
1768,15,15,6,1,6,37,0,0,,TRUE,FALSE,,,,on_drive,mid_on_area,"{""phase"":""death"",""score"":""139/1"",""crr"":8.69,""rrr"":"""",""pressure"":0.295,""xRuns"":1.529,""xWicket"":0.046,""risk"":0.604,""control"":0.616}"
1769,15,16,1,6,1,37,2,0,,TRUE,FALSE,,,,hook,deep_extra_cover,"{""phase"":""death"",""score"":""141/1"",""crr"":8.72,""rrr"":"""",""pressure"":0.298,""xRuns"":1.684,""xWicket"":0.049,""risk"":0.798,""control"":0.68}"
1770,15,16,2,6,1,37,0,1,wide,FALSE,FALSE,,,,slog,square_leg_inside,"{""phase"":""death"",""score"":""142/1"",""crr"":8.78,""rrr"":"""",""pressure"":0.301,""xRuns"":1.683,""xWicket"":0.006,""risk"":0.8,""control"":0.675}"
1771,15,16,2,6,1,37,0,0,,TRUE,TRUE,caught,6,Ayaan Qureshi,glance,long_on,"{""phase"":""death"",""score"":""142/1"",""crr"":8.69,""rrr"":"""",""pressure"":0.301,""xRuns"":1.683,""xWicket"":0.05,""risk"":0.8,""control"":0.602}"
1772,15,16,3,13,1,37,6,0,,TRUE,FALSE,,,,paddle_sweep,point_inside,"{""phase"":""death"",""score"":""148/2"",""crr"":8.97,""rrr"":"""",""pressure"":0.33,""xRuns"":1.474,""xWicket"":0.05,""risk"":0.791,""control"":0.614}"
1773,15,16,4,13,1,37,2,0,,TRUE,FALSE,,,,clip,mid_on_inside,"{""phase"":""death"",""score"":""150/2"",""crr"":9.0,""rrr"":"""",""pressure"":0.333,""xRuns"":1.472,""xWicket"":0.051,""risk"":0.643,""control"":0.521}"
1774,15,16,5,13,1,37,4,0,,TRUE,FALSE,,,,late_cut,deep_extra_cover,"{""phase"":""death"",""score"":""154/2"",""crr"":9.15,""rrr"":"""",""pressure"":0.335,""xRuns"":1.472,""xWicket"":0.051,""risk"":0.794,""control"":0.517}"
1775,15,16,6,13,1,37,0,0,,TRUE,FALSE,,,,lofted,cover_inside,"{""phase"":""death"",""score"":""154/2"",""crr"":9.06,""rrr"":"""",""pressure"":0.338,""xRuns"":1.47,""xWicket"":0.051,""risk"":0.645,""control"":0.514}"
1776,15,17,1,1,13,38,0,0,,TRUE,TRUE,hit_wicket,1,,square_cut,long_off,"{""phase"":""death"",""score"":""154/2"",""crr"":8.97,""rrr"":"""",""pressure"":0.341,""xRuns"":1.338,""xWicket"":0.064,""risk"":0.625,""control"":0.619}"
1777,15,17,2,2,13,38,0,0,,TRUE,FALSE,,,,flick,cover_inside,"{""phase"":""death"",""score"":""154/3"",""crr"":8.88,""rrr"":"""",""pressure"":0.37,""xRuns"":1.172,""xWicket"":0.073,""risk"":0.624,""control"":0.394}"
1778,15,17,3,2,13,38,0,0,,TRUE,FALSE,,,,straight_drive,mid_on_inside,"{""phase"":""death"",""score"":""154/3"",""crr"":8.8,""rrr"":"""",""pressure"":0.373,""xRuns"":1.171,""xWicket"":0.073,""risk"":0.625,""control"":0.449}"
1779,15,17,4,2,13,38,0,0,,TRUE,FALSE,,,,lofted_drive,point_inside,"{""phase"":""death"",""score"":""154/3"",""crr"":8.72,""rrr"":"""",""pressure"":0.376,""xRuns"":1.169,""xWicket"":0.073,""risk"":0.626,""control"":0.378}"
1780,15,17,5,2,13,38,1,0,,TRUE,FALSE,,,,glance,point_inside,"{""phase"":""death"",""score"":""155/3"",""crr"":8.69,""rrr"":"""",""pressure"":0.378,""xRuns"":1.169,""xWicket"":0.073,""risk"":0.627,""control"":0.408}"
1781,15,17,6,13,2,38,1,0,,TRUE,FALSE,,,,pull,deep_cover,"{""phase"":""death"",""score"":""156/3"",""crr"":8.67,""rrr"":"""",""pressure"":0.381,""xRuns"":1.281,""xWicket"":0.069,""risk"":0.664,""control"":0.535}"
1782,15,18,1,13,2,39,2,0,,TRUE,FALSE,,,,upper_cut,long_on,"{""phase"":""death"",""score"":""158/3"",""crr"":8.7,""rrr"":"""",""pressure"":0.384,""xRuns"":1.47,""xWicket"":0.051,""risk"":0.666,""control"":0.556}"
1783,15,18,2,13,2,39,6,0,,TRUE,FALSE,,,,hook,deep_cover,"{""phase"":""death"",""score"":""164/3"",""crr"":8.95,""rrr"":"""",""pressure"":0.387,""xRuns"":1.469,""xWicket"":0.051,""risk"":0.817,""control"":0.522}"
1784,15,18,3,13,2,39,0,0,,TRUE,FALSE,,,,glance,straight_inside,"{""phase"":""death"",""score"":""164/3"",""crr"":8.86,""rrr"":"""",""pressure"":0.39,""xRuns"":1.468,""xWicket"":0.051,""risk"":0.668,""control"":0.623}"
1785,15,18,4,13,2,39,1,0,,TRUE,FALSE,,,,cut,square_leg_inside,"{""phase"":""death"",""score"":""165/3"",""crr"":8.84,""rrr"":"""",""pressure"":0.393,""xRuns"":1.466,""xWicket"":0.052,""risk"":0.67,""control"":0.626}"
1786,15,18,5,2,13,39,6,0,,TRUE,FALSE,,,,upper_cut,deep_cover,"{""phase"":""death"",""score"":""171/3"",""crr"":9.08,""rrr"":"""",""pressure"":0.395,""xRuns"":1.352,""xWicket"":0.056,""risk"":0.785,""control"":0.472}"
1787,15,18,6,2,13,39,4,0,,TRUE,FALSE,,,,defence,third_point,"{""phase"":""death"",""score"":""175/3"",""crr"":9.21,""rrr"":"""",""pressure"":0.398,""xRuns"":1.351,""xWicket"":0.056,""risk"":0.786,""control"":0.533}"
1788,15,19,1,13,2,39,1,0,,TRUE,TRUE,caught,13,Parth Dubey,straight_drive,long_off,"{""phase"":""death"",""score"":""176/3"",""crr"":9.18,""rrr"":"""",""pressure"":0.401,""xRuns"":1.463,""xWicket"":0.052,""risk"":0.673,""control"":0.636}"
1789,15,19,2,2,12,39,2,0,,TRUE,FALSE,,,,cover_drive,straight_inside,"{""phase"":""death"",""score"":""178/4"",""crr"":9.21,""rrr"":"""",""pressure"":0.43,""xRuns"":1.337,""xWicket"":0.058,""risk"":0.651,""control"":0.573}"
1790,15,19,3,2,12,39,0,1,bye,TRUE,FALSE,,,,paddle_sweep,point_inside,"{""phase"":""death"",""score"":""179/4"",""crr"":9.18,""rrr"":"""",""pressure"":0.433,""xRuns"":1.336,""xWicket"":0.058,""risk"":0.652,""control"":0.472}"
1791,15,19,4,12,2,39,0,0,,TRUE,FALSE,,,,paddle_sweep,silly_point,"{""phase"":""death"",""score"":""179/4"",""crr"":9.1,""rrr"":"""",""pressure"":0.435,""xRuns"":1.282,""xWicket"":0.064,""risk"":0.646,""control"":0.491}"
1792,15,19,5,12,2,39,1,0,,TRUE,FALSE,,,,defence,mid_on_area,"{""phase"":""death"",""score"":""180/4"",""crr"":9.08,""rrr"":"""",""pressure"":0.438,""xRuns"":1.281,""xWicket"":0.064,""risk"":0.647,""control"":0.384}"
1793,15,19,6,2,12,39,0,0,,TRUE,FALSE,,,,cover_drive,fine_leg_inside,"{""phase"":""death"",""score"":""180/4"",""crr"":9.0,""rrr"":"""",""pressure"":0.441,""xRuns"":1.333,""xWicket"":0.058,""risk"":0.656,""control"":0.472}"
1794,16,0,1,36,31,7,1,0,,TRUE,FALSE,,,,slog,short_leg,"{""phase"":""powerplay"",""score"":""1/0"",""crr"":6.0,""rrr"":9.08,""pressure"":0.259,""xRuns"":1.225,""xWicket"":0.04,""risk"":0.495,""control"":0.442}"
1795,16,0,2,31,36,7,2,0,,TRUE,FALSE,,,,glance,deep_extra_cover,"{""phase"":""powerplay"",""score"":""3/0"",""crr"":9.0,""rrr"":9.05,""pressure"":0.262,""xRuns"":1.388,""xWicket"":0.048,""risk"":0.711,""control"":0.551}"
1796,16,0,3,31,36,7,0,1,leg_bye,TRUE,FALSE,,,,straight_drive,long_off,"{""phase"":""powerplay"",""score"":""4/0"",""crr"":8.0,""rrr"":9.08,""pressure"":0.264,""xRuns"":1.387,""xWicket"":0.049,""risk"":0.712,""control"":0.532}"
1797,16,0,4,36,31,7,1,0,,TRUE,FALSE,,,,late_cut,silly_mid_on,"{""phase"":""powerplay"",""score"":""5/0"",""crr"":7.5,""rrr"":9.1,""pressure"":0.268,""xRuns"":1.221,""xWicket"":0.041,""risk"":0.499,""control"":0.543}"
1798,16,0,5,31,36,7,0,0,,TRUE,FALSE,,,,reverse_sweep,silly_mid_on,"{""phase"":""powerplay"",""score"":""5/0"",""crr"":6.0,""rrr"":9.18,""pressure"":0.271,""xRuns"":1.384,""xWicket"":0.049,""risk"":0.715,""control"":0.532}"
1799,16,0,6,31,36,7,4,0,,TRUE,FALSE,,,,sweep,long_on,"{""phase"":""powerplay"",""score"":""9/0"",""crr"":9.0,""rrr"":9.05,""pressure"":0.276,""xRuns"":1.382,""xWicket"":0.049,""risk"":0.867,""control"":0.409}"
1800,16,1,1,36,31,9,0,0,,TRUE,FALSE,,,,clip,cover_point_inside,"{""phase"":""powerplay"",""score"":""9/0"",""crr"":7.71,""rrr"":9.13,""pressure"":0.276,""xRuns"":1.256,""xWicket"":0.037,""risk"":0.503,""control"":0.533}"
1801,16,1,2,36,31,9,1,0,,TRUE,FALSE,,,,paddle_sweep,long_off,"{""phase"":""powerplay"",""score"":""10/0"",""crr"":7.5,""rrr"":9.16,""pressure"":0.281,""xRuns"":1.254,""xWicket"":0.038,""risk"":0.505,""control"":0.548}"
1802,16,1,3,31,36,9,0,0,,TRUE,FALSE,,,,lofted,square_leg_inside,"{""phase"":""powerplay"",""score"":""10/0"",""crr"":6.67,""rrr"":9.24,""pressure"":0.284,""xRuns"":1.416,""xWicket"":0.046,""risk"":0.721,""control"":0.5}"
1803,16,1,4,31,36,9,4,0,,TRUE,FALSE,,,,clip,mid_on_area,"{""phase"":""powerplay"",""score"":""14/0"",""crr"":8.4,""rrr"":9.11,""pressure"":0.29,""xRuns"":1.414,""xWicket"":0.046,""risk"":0.873,""control"":0.451}"
1804,16,1,5,31,36,9,1,0,,TRUE,FALSE,,,,cut,square_leg_inside,"{""phase"":""powerplay"",""score"":""15/0"",""crr"":8.18,""rrr"":9.14,""pressure"":0.289,""xRuns"":1.414,""xWicket"":0.046,""risk"":0.723,""control"":0.554}"
1805,16,1,6,36,31,9,3,0,,TRUE,FALSE,,,,sweep,mid_off,"{""phase"":""powerplay"",""score"":""18/0"",""crr"":9.0,""rrr"":9.06,""pressure"":0.292,""xRuns"":1.249,""xWicket"":0.038,""risk"":0.51,""control"":0.515}"
1806,16,2,1,36,31,14,0,0,,TRUE,FALSE,,,,hook,straight_inside,"{""phase"":""powerplay"",""score"":""18/0"",""crr"":8.31,""rrr"":9.14,""pressure"":0.293,""xRuns"":1.249,""xWicket"":0.038,""risk"":0.51,""control"":0.434}"
1807,16,2,2,36,31,14,1,0,,TRUE,FALSE,,,,pull,silly_point,"{""phase"":""powerplay"",""score"":""19/0"",""crr"":8.14,""rrr"":9.17,""pressure"":0.298,""xRuns"":1.247,""xWicket"":0.038,""risk"":0.513,""control"":0.52}"
1808,16,2,3,31,36,14,4,0,,TRUE,FALSE,,,,defence,long_on,"{""phase"":""powerplay"",""score"":""23/0"",""crr"":9.2,""rrr"":9.03,""pressure"":0.302,""xRuns"":1.409,""xWicket"":0.047,""risk"":0.879,""control"":0.438}"
1809,16,2,4,31,36,14,4,0,,TRUE,FALSE,,,,reverse_sweep,deep_cover,"{""phase"":""powerplay"",""score"":""27/0"",""crr"":10.12,""rrr"":8.88,""pressure"":0.3,""xRuns"":1.41,""xWicket"":0.047,""risk"":0.878,""control"":0.436}"
1810,16,2,5,31,36,14,6,0,,TRUE,FALSE,,,,paddle_sweep,long_off,"{""phase"":""powerplay"",""score"":""33/0"",""crr"":11.65,""rrr"":8.62,""pressure"":0.299,""xRuns"":1.41,""xWicket"":0.047,""risk"":0.877,""control"":0.565}"
1811,16,2,6,31,36,14,1,0,,TRUE,FALSE,,,,lofted,long_on,"{""phase"":""powerplay"",""score"":""34/0"",""crr"":11.33,""rrr"":8.65,""pressure"":0.294,""xRuns"":1.412,""xWicket"":0.046,""risk"":0.725,""control"":0.528}"
1812,16,3,1,31,36,8,0,0,,TRUE,FALSE,,,,lofted_drive,long_on,"{""phase"":""powerplay"",""score"":""34/0"",""crr"":10.74,""rrr"":8.73,""pressure"":0.298,""xRuns"":1.468,""xWicket"":0.041,""risk"":0.727,""control"":0.565}"
1813,16,3,2,31,36,8,2,0,,TRUE,FALSE,,,,defence,silly_mid_wicket,"{""phase"":""powerplay"",""score"":""36/0"",""crr"":10.8,""rrr"":8.7,""pressure"":0.303,""xRuns"":1.466,""xWicket"":0.041,""risk"":0.729,""control"":0.54}"
1814,16,3,3,31,36,8,2,0,,TRUE,TRUE,caught,31,Samar Chawla,lofted_drive,third_point,"{""phase"":""powerplay"",""score"":""38/0"",""crr"":10.86,""rrr"":8.67,""pressure"":0.305,""xRuns"":1.465,""xWicket"":0.041,""risk"":0.73,""control"":0.451}"
1815,16,3,4,41,36,8,1,0,,TRUE,FALSE,,,,sweep,short_leg,"{""phase"":""powerplay"",""score"":""39/1"",""crr"":10.64,""rrr"":8.69,""pressure"":0.333,""xRuns"":1.31,""xWicket"":0.041,""risk"":0.593,""control"":0.438}"
1816,16,3,5,36,41,8,0,0,,TRUE,FALSE,,,,late_cut,long_off,"{""phase"":""powerplay"",""score"":""39/1"",""crr"":10.17,""rrr"":8.78,""pressure"":0.337,""xRuns"":1.287,""xWicket"":0.035,""risk"":0.53,""control"":0.482}"
1817,16,3,6,36,41,8,1,0,,TRUE,FALSE,,,,ramp,short_leg,"{""phase"":""powerplay"",""score"":""40/1"",""crr"":10.0,""rrr"":8.81,""pressure"":0.342,""xRuns"":1.285,""xWicket"":0.035,""risk"":0.532,""control"":0.57}"
1818,16,4,1,36,41,10,1,0,,TRUE,FALSE,,,,on_drive,silly_mid_on,"{""phase"":""powerplay"",""score"":""41/1"",""crr"":9.84,""rrr"":8.84,""pressure"":0.346,""xRuns"":1.293,""xWicket"":0.034,""risk"":0.534,""control"":0.578}"
1819,16,4,2,41,36,10,0,0,,TRUE,FALSE,,,,defence,fine_leg,"{""phase"":""powerplay"",""score"":""41/1"",""crr"":9.46,""rrr"":8.94,""pressure"":0.349,""xRuns"":1.313,""xWicket"":0.041,""risk"":0.6,""control"":0.534}"
1820,16,4,3,41,36,10,0,2,leg_bye,TRUE,FALSE,,,,sweep,deep_square_leg,"{""phase"":""powerplay"",""score"":""43/1"",""crr"":9.56,""rrr"":8.9,""pressure"":0.355,""xRuns"":1.31,""xWicket"":0.041,""risk"":0.603,""control"":0.432}"
1821,16,4,4,41,36,10,1,0,,TRUE,FALSE,,,,flick,silly_mid_wicket,"{""phase"":""powerplay"",""score"":""44/1"",""crr"":9.43,""rrr"":8.93,""pressure"":0.357,""xRuns"":1.309,""xWicket"":0.041,""risk"":0.604,""control"":0.479}"
1822,16,4,5,36,41,10,0,0,,TRUE,FALSE,,,,pull,straight_inside,"{""phase"":""powerplay"",""score"":""44/1"",""crr"":9.1,""rrr"":9.03,""pressure"":0.36,""xRuns"":1.287,""xWicket"":0.035,""risk"":0.541,""control"":0.593}"
1823,16,4,6,36,41,10,1,0,,TRUE,FALSE,,,,reverse_sweep,mid_off,"{""phase"":""powerplay"",""score"":""45/1"",""crr"":9.0,""rrr"":9.07,""pressure"":0.366,""xRuns"":1.285,""xWicket"":0.035,""risk"":0.543,""control"":0.551}"
1824,16,5,1,36,41,12,0,0,,TRUE,FALSE,,,,drive,cover_inside,"{""phase"":""powerplay"",""score"":""45/1"",""crr"":8.71,""rrr"":9.17,""pressure"":0.37,""xRuns"":1.512,""xWicket"":0.014,""risk"":0.545,""control"":0.621}"
1825,16,5,2,36,41,12,4,0,,TRUE,FALSE,,,,lofted_drive,long_on,"{""phase"":""powerplay"",""score"":""49/1"",""crr"":9.19,""rrr"":9.0,""pressure"":0.376,""xRuns"":1.509,""xWicket"":0.014,""risk"":0.698,""control"":0.599}"
1826,16,5,3,36,41,12,1,0,,TRUE,FALSE,,,,square_cut,mid_off,"{""phase"":""powerplay"",""score"":""50/1"",""crr"":9.09,""rrr"":9.03,""pressure"":0.374,""xRuns"":1.51,""xWicket"":0.014,""risk"":0.547,""control"":0.619}"
1827,16,5,4,41,36,12,0,0,,TRUE,FALSE,,,,sweep,mid_on_inside,"{""phase"":""powerplay"",""score"":""50/1"",""crr"":8.82,""rrr"":9.14,""pressure"":0.377,""xRuns"":1.53,""xWicket"":0.021,""risk"":0.613,""control"":0.583}"
1828,16,5,5,41,36,12,0,0,,TRUE,FALSE,,,,sweep,short_leg,"{""phase"":""powerplay"",""score"":""50/1"",""crr"":8.57,""rrr"":9.25,""pressure"":0.383,""xRuns"":1.527,""xWicket"":0.021,""risk"":0.615,""control"":0.64}"
1829,16,5,6,41,36,12,1,0,,TRUE,FALSE,,,,paddle_sweep,point_inside,"{""phase"":""powerplay"",""score"":""51/1"",""crr"":8.5,""rrr"":9.29,""pressure"":0.389,""xRuns"":1.525,""xWicket"":0.021,""risk"":0.618,""control"":0.624}"
1830,16,6,1,41,36,7,1,0,,TRUE,FALSE,,,,straight_drive,fine_leg_inside,"{""phase"":""middle"",""score"":""52/1"",""crr"":8.43,""rrr"":9.33,""pressure"":0.393,""xRuns"":1.19,""xWicket"":0.053,""risk"":0.62,""control"":0.54}"
1831,16,6,2,36,41,7,0,0,,TRUE,FALSE,,,,on_drive,mid_on_inside,"{""phase"":""middle"",""score"":""52/1"",""crr"":8.21,""rrr"":9.44,""pressure"":0.397,""xRuns"":1.167,""xWicket"":0.047,""risk"":0.557,""control"":0.498}"
1832,16,6,3,36,41,7,0,1,wide,FALSE,FALSE,,,,reverse_sweep,long_off,"{""phase"":""middle"",""score"":""53/1"",""crr"":8.37,""rrr"":9.37,""pressure"":0.403,""xRuns"":1.164,""xWicket"":0.006,""risk"":0.56,""control"":0.486}"
1833,16,6,3,36,41,7,0,2,leg_bye,TRUE,FALSE,,,,straight_drive,deep_cover,"{""phase"":""middle"",""score"":""55/1"",""crr"":8.46,""rrr"":9.33,""pressure"":0.401,""xRuns"":1.165,""xWicket"":0.047,""risk"":0.559,""control"":0.434}"
1834,16,6,4,36,41,7,1,0,,TRUE,TRUE,caught,36,Krish Vyas,sweep,mid_on_inside,"{""phase"":""middle"",""score"":""56/1"",""crr"":8.4,""rrr"":9.38,""pressure"":0.403,""xRuns"":1.164,""xWicket"":0.047,""risk"":0.56,""control"":0.547}"
1835,16,6,5,41,32,7,1,0,,TRUE,FALSE,,,,upper_cut,deep_extra_cover,"{""phase"":""middle"",""score"":""57/2"",""crr"":8.34,""rrr"":9.42,""pressure"":0.433,""xRuns"":1.173,""xWicket"":0.055,""risk"":0.638,""control"":0.391}"
1836,16,6,6,32,41,7,0,1,wide,FALSE,FALSE,,,,cover_drive,mid_off,"{""phase"":""middle"",""score"":""58/2"",""crr"":8.49,""rrr"":9.34,""pressure"":0.437,""xRuns"":1.31,""xWicket"":0.006,""risk"":0.825,""control"":0.491}"
1837,16,6,6,32,41,7,2,0,,TRUE,FALSE,,,,straight_drive,straight_inside,"{""phase"":""middle"",""score"":""60/2"",""crr"":8.57,""rrr"":9.31,""pressure"":0.435,""xRuns"":1.311,""xWicket"":0.062,""risk"":0.824,""control"":0.427}"
1838,16,7,1,41,32,9,1,0,,TRUE,FALSE,,,,sweep,silly_mid_wicket,"{""phase"":""middle"",""score"":""61/2"",""crr"":8.51,""rrr"":9.35,""pressure"":0.437,""xRuns"":1.209,""xWicket"":0.051,""risk"":0.64,""control"":0.509}"
1839,16,7,2,32,41,9,4,0,,TRUE,FALSE,,,,drive,silly_mid_on,"{""phase"":""middle"",""score"":""65/2"",""crr"":8.86,""rrr"":9.16,""pressure"":0.441,""xRuns"":1.346,""xWicket"":0.058,""risk"":0.977,""control"":0.415}"
1840,16,7,3,32,41,9,1,0,,TRUE,FALSE,,,,late_cut,square_leg_inside,"{""phase"":""middle"",""score"":""66/2"",""crr"":8.8,""rrr"":9.2,""pressure"":0.438,""xRuns"":1.348,""xWicket"":0.058,""risk"":0.826,""control"":0.396}"
1841,16,7,4,41,32,9,2,0,,TRUE,FALSE,,,,scoop,short_leg,"{""phase"":""middle"",""score"":""68/2"",""crr"":8.87,""rrr"":9.16,""pressure"":0.442,""xRuns"":1.207,""xWicket"":0.052,""risk"":0.642,""control"":0.482}"
1842,16,7,5,41,32,9,1,0,,TRUE,FALSE,,,,glance,square_leg_inside,"{""phase"":""middle"",""score"":""69/2"",""crr"":8.81,""rrr"":9.21,""pressure"":0.444,""xRuns"":1.206,""xWicket"":0.052,""risk"":0.643,""control"":0.45}"
1843,16,7,6,32,41,9,4,0,,TRUE,FALSE,,,,scoop,point_inside,"{""phase"":""middle"",""score"":""73/2"",""crr"":9.12,""rrr"":9.0,""pressure"":0.448,""xRuns"":1.343,""xWicket"":0.059,""risk"":0.98,""control"":0.464}"
1844,16,8,1,41,32,14,0,0,,TRUE,FALSE,,,,lofted_drive,mid_on_area,"{""phase"":""middle"",""score"":""73/2"",""crr"":8.94,""rrr"":9.13,""pressure"":0.445,""xRuns"":1.206,""xWicket"":0.052,""risk"":0.643,""control"":0.428}"
1845,16,8,2,41,32,14,0,0,,TRUE,FALSE,,,,upper_cut,silly_point,"{""phase"":""middle"",""score"":""73/2"",""crr"":8.76,""rrr"":9.26,""pressure"":0.452,""xRuns"":1.203,""xWicket"":0.052,""risk"":0.646,""control"":0.409}"
1846,16,8,3,41,32,14,2,0,,TRUE,FALSE,,,,lofted,square_leg_inside,"{""phase"":""middle"",""score"":""75/2"",""crr"":8.82,""rrr"":9.22,""pressure"":0.458,""xRuns"":1.2,""xWicket"":0.052,""risk"":0.649,""control"":0.52}"
1847,16,8,4,41,32,14,1,0,,TRUE,FALSE,,,,cover_drive,square_leg_inside,"{""phase"":""middle"",""score"":""76/2"",""crr"":8.77,""rrr"":9.26,""pressure"":0.46,""xRuns"":1.199,""xWicket"":0.052,""risk"":0.65,""control"":0.416}"
1848,16,8,5,32,41,14,0,1,bye,TRUE,FALSE,,,,slog,short_leg,"{""phase"":""middle"",""score"":""77/2"",""crr"":8.72,""rrr"":9.31,""pressure"":0.464,""xRuns"":1.337,""xWicket"":0.06,""risk"":0.837,""control"":0.404}"
1849,16,8,6,41,32,14,0,0,,TRUE,FALSE,,,,slog,mid_off,"{""phase"":""middle"",""score"":""77/2"",""crr"":8.56,""rrr"":9.45,""pressure"":0.468,""xRuns"":1.196,""xWicket"":0.053,""risk"":0.653,""control"":0.417}"
1850,16,9,1,32,41,8,1,0,,TRUE,FALSE,,,,upper_cut,cover_inside,"{""phase"":""middle"",""score"":""78/2"",""crr"":8.51,""rrr"":9.51,""pressure"":0.475,""xRuns"":1.389,""xWicket"":0.055,""risk"":0.842,""control"":0.56}"
1851,16,9,2,41,32,8,0,1,wide,FALSE,FALSE,,,,reverse_sweep,silly_mid_on,"{""phase"":""middle"",""score"":""79/2"",""crr"":8.62,""rrr"":9.42,""pressure"":0.48,""xRuns"":1.248,""xWicket"":0.006,""risk"":0.659,""control"":0.561}"
1852,16,9,2,41,32,8,0,0,,TRUE,FALSE,,,,defence,fine_leg,"{""phase"":""middle"",""score"":""79/2"",""crr"":8.46,""rrr"":9.56,""pressure"":0.477,""xRuns"":1.249,""xWicket"":0.048,""risk"":0.658,""control"":0.501}"
1853,16,9,3,41,32,8,0,0,,TRUE,FALSE,,,,hook,point_inside,"{""phase"":""middle"",""score"":""79/2"",""crr"":8.32,""rrr"":9.71,""pressure"":0.484,""xRuns"":1.247,""xWicket"":0.048,""risk"":0.661,""control"":0.469}"
1854,16,9,4,41,32,8,0,0,,TRUE,FALSE,,,,defence,long_off,"{""phase"":""middle"",""score"":""79/2"",""crr"":8.17,""rrr"":9.87,""pressure"":0.491,""xRuns"":1.244,""xWicket"":0.048,""risk"":0.664,""control"":0.433}"
1855,16,9,5,41,32,8,0,0,,TRUE,FALSE,,,,scoop,mid_off,"{""phase"":""middle"",""score"":""79/2"",""crr"":8.03,""rrr"":10.03,""pressure"":0.498,""xRuns"":1.241,""xWicket"":0.049,""risk"":0.667,""control"":0.476}"
1856,16,9,6,41,32,8,0,0,,TRUE,FALSE,,,,lofted_drive,fine_leg_inside,"{""phase"":""middle"",""score"":""79/2"",""crr"":7.9,""rrr"":10.2,""pressure"":0.506,""xRuns"":1.237,""xWicket"":0.049,""risk"":0.671,""control"":0.501}"
1857,16,10,1,32,41,10,2,0,,TRUE,FALSE,,,,upper_cut,short_leg,"{""phase"":""middle"",""score"":""81/2"",""crr"":7.97,""rrr"":10.17,""pressure"":0.513,""xRuns"":1.383,""xWicket"":0.055,""risk"":0.859,""control"":0.513}"
1858,16,10,2,32,41,10,2,0,,TRUE,FALSE,,,,upper_cut,long_on,"{""phase"":""middle"",""score"":""83/2"",""crr"":8.03,""rrr"":10.14,""pressure"":0.515,""xRuns"":1.382,""xWicket"":0.055,""risk"":0.86,""control"":0.526}"
1859,16,10,3,32,41,10,1,0,,TRUE,FALSE,,,,flick,silly_mid_wicket,"{""phase"":""middle"",""score"":""84/2"",""crr"":8.0,""rrr"":10.21,""pressure"":0.517,""xRuns"":1.381,""xWicket"":0.056,""risk"":0.861,""control"":0.494}"
1860,16,10,4,41,32,10,0,0,,TRUE,FALSE,,,,clip,cover_point_inside,"{""phase"":""middle"",""score"":""84/2"",""crr"":7.88,""rrr"":10.39,""pressure"":0.522,""xRuns"":1.24,""xWicket"":0.049,""risk"":0.678,""control"":0.536}"
1861,16,10,5,41,32,10,0,0,,TRUE,FALSE,,,,defence,long_off,"{""phase"":""middle"",""score"":""84/2"",""crr"":7.75,""rrr"":10.58,""pressure"":0.53,""xRuns"":1.237,""xWicket"":0.049,""risk"":0.681,""control"":0.562}"
1862,16,10,6,41,32,10,4,0,,TRUE,FALSE,,,,sweep,cover_inside,"{""phase"":""middle"",""score"":""88/2"",""crr"":8.0,""rrr"":10.33,""pressure"":0.538,""xRuns"":1.233,""xWicket"":0.05,""risk"":0.835,""control"":0.48}"
1863,16,11,1,32,41,12,1,0,,TRUE,FALSE,,,,hook,point_inside,"{""phase"":""middle"",""score"":""89/2"",""crr"":7.97,""rrr"":10.42,""pressure"":0.534,""xRuns"":1.603,""xWicket"":0.034,""risk"":0.869,""control"":0.653}"
1864,16,11,2,41,32,12,0,0,,TRUE,FALSE,,,,square_cut,square_leg_inside,"{""phase"":""middle"",""score"":""89/2"",""crr"":7.85,""rrr"":10.62,""pressure"":0.54,""xRuns"":1.461,""xWicket"":0.028,""risk"":0.686,""control"":0.652}"
1865,16,11,3,41,32,12,2,0,,TRUE,FALSE,,,,straight_drive,cover_inside,"{""phase"":""middle"",""score"":""91/2"",""crr"":7.91,""rrr"":10.59,""pressure"":0.548,""xRuns"":1.458,""xWicket"":0.028,""risk"":0.689,""control"":0.641}"
1866,16,11,4,41,32,12,6,0,,TRUE,FALSE,,,,lofted,long_on,"{""phase"":""middle"",""score"":""97/2"",""crr"":8.31,""rrr"":10.08,""pressure"":0.55,""xRuns"":1.457,""xWicket"":0.028,""risk"":0.84,""control"":0.663}"
1867,16,11,5,41,32,12,1,0,,TRUE,FALSE,,,,flick,mid_on_area,"{""phase"":""middle"",""score"":""98/2"",""crr"":8.28,""rrr"":10.16,""pressure"":0.538,""xRuns"":1.462,""xWicket"":0.028,""risk"":0.685,""control"":0.667}"
1868,16,11,6,32,41,12,1,0,,TRUE,FALSE,,,,reverse_sweep,long_off,"{""phase"":""middle"",""score"":""99/2"",""crr"":8.25,""rrr"":10.25,""pressure"":0.543,""xRuns"":1.599,""xWicket"":0.035,""risk"":0.873,""control"":0.511}"
1869,16,12,1,32,41,7,0,0,,TRUE,FALSE,,,,slog,deep_extra_cover,"{""phase"":""middle"",""score"":""99/2"",""crr"":8.14,""rrr"":10.47,""pressure"":0.549,""xRuns"":1.263,""xWicket"":0.067,""risk"":0.876,""control"":0.404}"
1870,16,12,2,32,41,7,1,0,,TRUE,FALSE,,,,reverse_sweep,third_point,"{""phase"":""middle"",""score"":""100/2"",""crr"":8.11,""rrr"":10.57,""pressure"":0.558,""xRuns"":1.259,""xWicket"":0.067,""risk"":0.88,""control"":0.512}"
1871,16,12,3,41,32,7,1,0,,TRUE,FALSE,,,,scoop,silly_mid_wicket,"{""phase"":""middle"",""score"":""101/2"",""crr"":8.08,""rrr"":10.67,""pressure"":0.564,""xRuns"":1.118,""xWicket"":0.061,""risk"":0.697,""control"":0.429}"
1872,16,12,4,32,41,7,3,0,,TRUE,TRUE,bowled,32,,square_cut,third_point,"{""phase"":""middle"",""score"":""104/2"",""crr"":8.21,""rrr"":10.5,""pressure"":0.569,""xRuns"":1.255,""xWicket"":0.068,""risk"":0.885,""control"":0.479}"
1873,16,12,5,41,33,7,1,0,,TRUE,FALSE,,,,ramp,fine_leg,"{""phase"":""middle"",""score"":""105/3"",""crr"":8.18,""rrr"":10.6,""pressure"":0.593,""xRuns"":1.106,""xWicket"":0.062,""risk"":0.71,""control"":0.419}"
1874,16,12,6,33,41,7,2,0,,TRUE,FALSE,,,,on_drive,cover_inside,"{""phase"":""middle"",""score"":""107/3"",""crr"":8.23,""rrr"":10.57,""pressure"":0.599,""xRuns"":0.957,""xWicket"":0.063,""risk"":0.612,""control"":0.408}"
1875,16,13,1,41,33,9,0,0,,TRUE,FALSE,,,,square_cut,third_point,"{""phase"":""middle"",""score"":""107/3"",""crr"":8.13,""rrr"":10.83,""pressure"":0.601,""xRuns"":1.14,""xWicket"":0.059,""risk"":0.713,""control"":0.467}"
1876,16,13,2,41,33,9,0,0,,TRUE,FALSE,,,,hook,straight_inside,"{""phase"":""middle"",""score"":""107/3"",""crr"":8.03,""rrr"":11.1,""pressure"":0.611,""xRuns"":1.136,""xWicket"":0.059,""risk"":0.718,""control"":0.443}"
1877,16,13,3,41,33,9,1,0,,TRUE,FALSE,,,,paddle_sweep,square_leg_inside,"{""phase"":""middle"",""score"":""108/3"",""crr"":8.0,""rrr"":11.23,""pressure"":0.622,""xRuns"":1.131,""xWicket"":0.06,""risk"":0.723,""control"":0.533}"
1878,16,13,4,33,41,9,1,0,,TRUE,FALSE,,,,drive,short_leg,"{""phase"":""middle"",""score"":""109/3"",""crr"":7.98,""rrr"":11.37,""pressure"":0.628,""xRuns"":0.983,""xWicket"":0.061,""risk"":0.625,""control"":0.399}"
1879,16,13,5,41,33,9,2,0,,TRUE,FALSE,,,,paddle_sweep,long_off,"{""phase"":""middle"",""score"":""111/3"",""crr"":8.02,""rrr"":11.35,""pressure"":0.635,""xRuns"":1.126,""xWicket"":0.06,""risk"":0.729,""control"":0.469}"
1880,16,13,6,41,33,9,1,0,,TRUE,FALSE,,,,slog,fine_leg_inside,"{""phase"":""middle"",""score"":""112/3"",""crr"":8.0,""rrr"":11.5,""pressure"":0.637,""xRuns"":1.125,""xWicket"":0.06,""risk"":0.73,""control"":0.503}"
1881,16,14,1,41,33,14,1,0,,TRUE,FALSE,,,,slog,deep_extra_cover,"{""phase"":""middle"",""score"":""113/3"",""crr"":7.98,""rrr"":11.66,""pressure"":0.645,""xRuns"":1.122,""xWicket"":0.061,""risk"":0.733,""control"":0.419}"
1882,16,14,2,33,41,14,1,0,,TRUE,FALSE,,,,slog,cover_inside,"{""phase"":""middle"",""score"":""114/3"",""crr"":7.95,""rrr"":11.82,""pressure"":0.652,""xRuns"":0.973,""xWicket"":0.062,""risk"":0.636,""control"":0.493}"
1883,16,14,3,41,33,14,1,0,,TRUE,FALSE,,,,cut,long_on,"{""phase"":""middle"",""score"":""115/3"",""crr"":7.93,""rrr"":12.0,""pressure"":0.659,""xRuns"":1.116,""xWicket"":0.061,""risk"":0.739,""control"":0.458}"
1884,16,14,4,33,41,14,0,0,,TRUE,FALSE,,,,clip,silly_mid_wicket,"{""phase"":""middle"",""score"":""115/3"",""crr"":7.84,""rrr"":12.38,""pressure"":0.667,""xRuns"":0.966,""xWicket"":0.062,""risk"":0.643,""control"":0.404}"
1885,16,14,5,33,41,14,2,0,,TRUE,FALSE,,,,sweep,fine_leg,"{""phase"":""middle"",""score"":""117/3"",""crr"":7.89,""rrr"":12.39,""pressure"":0.681,""xRuns"":0.96,""xWicket"":0.063,""risk"":0.649,""control"":0.369}"
1886,16,14,6,33,41,14,1,0,,TRUE,FALSE,,,,square_cut,deep_extra_cover,"{""phase"":""middle"",""score"":""118/3"",""crr"":7.87,""rrr"":12.6,""pressure"":0.684,""xRuns"":0.959,""xWicket"":0.063,""risk"":0.651,""control"":0.459}"
1887,16,15,1,33,41,8,1,0,,TRUE,FALSE,,,,late_cut,deep_extra_cover,"{""phase"":""death"",""score"":""119/3"",""crr"":7.85,""rrr"":12.83,""pressure"":0.693,""xRuns"":1.012,""xWicket"":0.076,""risk"":0.655,""control"":0.497}"
1888,16,15,2,41,33,8,1,0,,TRUE,FALSE,,,,lofted,cover_inside,"{""phase"":""death"",""score"":""120/3"",""crr"":7.83,""rrr"":13.07,""pressure"":0.702,""xRuns"":1.155,""xWicket"":0.076,""risk"":0.759,""control"":0.542}"
1889,16,15,3,33,41,8,6,0,,TRUE,TRUE,stumped,33,Devansh Kulkarni,paddle_sweep,cover_inside,"{""phase"":""death"",""score"":""126/3"",""crr"":8.13,""rrr"":12.22,""pressure"":0.712,""xRuns"":1.004,""xWicket"":0.077,""risk"":0.813,""control"":0.509}"
1890,16,15,4,42,41,8,0,0,,TRUE,FALSE,,,,clip,mid_on_area,"{""phase"":""death"",""score"":""126/4"",""crr"":8.04,""rrr"":12.69,""pressure"":0.717,""xRuns"":1.159,""xWicket"":0.082,""risk"":0.844,""control"":0.513}"
1891,16,15,5,42,41,8,0,0,,TRUE,FALSE,,,,pull,mid_on_inside,"{""phase"":""death"",""score"":""126/4"",""crr"":7.96,""rrr"":13.2,""pressure"":0.733,""xRuns"":1.152,""xWicket"":0.083,""risk"":0.851,""control"":0.415}"
1892,16,15,6,42,41,8,1,0,,TRUE,FALSE,,,,clip,fine_leg,"{""phase"":""death"",""score"":""127/4"",""crr"":7.94,""rrr"":13.5,""pressure"":0.75,""xRuns"":1.145,""xWicket"":0.084,""risk"":0.859,""control"":0.408}"
1893,16,16,1,42,41,12,0,0,,TRUE,FALSE,,,,upper_cut,silly_mid_wicket,"{""phase"":""death"",""score"":""127/4"",""crr"":7.86,""rrr"":14.09,""pressure"":0.762,""xRuns"":1.378,""xWicket"":0.061,""risk"":0.864,""control"":0.605}"
1894,16,16,2,42,41,12,1,0,,TRUE,FALSE,,,,slog,silly_point,"{""phase"":""death"",""score"":""128/4"",""crr"":7.84,""rrr"":14.45,""pressure"":0.779,""xRuns"":1.371,""xWicket"":0.062,""risk"":0.872,""control"":0.611}"
1895,16,16,3,41,42,12,0,0,,TRUE,FALSE,,,,lofted,cover_point_inside,"{""phase"":""death"",""score"":""128/4"",""crr"":7.76,""rrr"":15.14,""pressure"":0.782,""xRuns"":1.359,""xWicket"":0.057,""risk"":0.795,""control"":0.591}"
1896,16,16,4,41,42,12,1,0,,TRUE,FALSE,,,,sweep,cover_point_inside,"{""phase"":""death"",""score"":""129/4"",""crr"":7.74,""rrr"":15.6,""pressure"":0.785,""xRuns"":1.358,""xWicket"":0.057,""risk"":0.796,""control"":0.534}"
1897,16,16,5,42,41,12,2,0,,TRUE,FALSE,,,,square_cut,straight_inside,"{""phase"":""death"",""score"":""131/4"",""crr"":7.78,""rrr"":15.79,""pressure"":0.787,""xRuns"":1.367,""xWicket"":0.063,""risk"":0.876,""control"":0.568}"
1898,16,16,6,42,41,12,1,0,,TRUE,FALSE,,,,square_cut,mid_off,"{""phase"":""death"",""score"":""132/4"",""crr"":7.76,""rrr"":16.33,""pressure"":0.79,""xRuns"":1.366,""xWicket"":0.063,""risk"":0.877,""control"":0.607}"
1899,16,17,1,42,41,12,4,0,,TRUE,FALSE,,,,sweep,straight_inside,"{""phase"":""death"",""score"":""136/4"",""crr"":7.92,""rrr"":15.88,""pressure"":0.793,""xRuns"":1.365,""xWicket"":0.063,""risk"":1,""control"":0.555}"
1900,16,17,2,42,41,12,1,0,,TRUE,FALSE,,,,scoop,silly_point,"{""phase"":""death"",""score"":""137/4"",""crr"":7.9,""rrr"":16.5,""pressure"":0.796,""xRuns"":1.364,""xWicket"":0.063,""risk"":0.88,""control"":0.603}"
1901,16,17,3,41,42,12,1,0,,TRUE,FALSE,,,,cover_drive,deep_square_leg,"{""phase"":""death"",""score"":""138/4"",""crr"":7.89,""rrr"":17.2,""pressure"":0.799,""xRuns"":1.352,""xWicket"":0.058,""risk"":0.802,""control"":0.641}"
1902,16,17,4,42,41,12,0,0,,TRUE,FALSE,,,,on_drive,fine_leg,"{""phase"":""death"",""score"":""138/4"",""crr"":7.81,""rrr"":18.43,""pressure"":0.802,""xRuns"":1.361,""xWicket"":0.063,""risk"":0.882,""control"":0.5}"
1903,16,17,5,42,41,12,0,0,,TRUE,FALSE,,,,sweep,deep_square_leg,"{""phase"":""death"",""score"":""138/4"",""crr"":7.74,""rrr"":19.85,""pressure"":0.804,""xRuns"":1.36,""xWicket"":0.063,""risk"":0.883,""control"":0.548}"
1904,16,17,6,42,41,12,0,1,leg_bye,TRUE,FALSE,,,,paddle_sweep,long_on,"{""phase"":""death"",""score"":""139/4"",""crr"":7.72,""rrr"":21.0,""pressure"":0.807,""xRuns"":1.359,""xWicket"":0.063,""risk"":0.885,""control"":0.593}"
1905,16,18,1,42,41,14,2,0,,TRUE,FALSE,,,,cut,straight_inside,"{""phase"":""death"",""score"":""141/4"",""crr"":7.76,""rrr"":21.82,""pressure"":0.81,""xRuns"":1.062,""xWicket"":0.092,""risk"":0.886,""control"":0.357}"
1906,16,18,2,42,41,14,0,2,leg_bye,TRUE,TRUE,caught,42,Manan Gaur,hook,silly_point,"{""phase"":""death"",""score"":""143/4"",""crr"":7.8,""rrr"":22.8,""pressure"":0.813,""xRuns"":1.061,""xWicket"":0.092,""risk"":0.887,""control"":0.391}"
1907,16,18,3,44,41,14,1,0,,TRUE,FALSE,,,,glance,mid_on_inside,"{""phase"":""death"",""score"":""144/5"",""crr"":7.78,""rrr"":24.67,""pressure"":0.842,""xRuns"":0.315,""xWicket"":0.156,""risk"":0.922,""control"":0}"
1908,16,18,4,41,44,14,1,0,,TRUE,FALSE,,,,slog,cover_point_inside,"{""phase"":""death"",""score"":""145/5"",""crr"":7.77,""rrr"":27.0,""pressure"":0.845,""xRuns"":1.038,""xWicket"":0.088,""risk"":0.823,""control"":0.516}"
1909,16,18,5,44,41,14,0,0,,TRUE,FALSE,,,,cut,long_off,"{""phase"":""death"",""score"":""145/5"",""crr"":7.7,""rrr"":30.86,""pressure"":0.847,""xRuns"":0.313,""xWicket"":0.156,""risk"":0.924,""control"":0}"
1910,16,18,6,44,41,14,0,0,,TRUE,FALSE,,,,hook,mid_on_area,"{""phase"":""death"",""score"":""145/5"",""crr"":7.63,""rrr"":36.0,""pressure"":0.85,""xRuns"":0.311,""xWicket"":0.156,""risk"":0.925,""control"":0}"
1911,16,19,1,41,44,9,2,0,,TRUE,FALSE,,,,ramp,mid_on_area,"{""phase"":""death"",""score"":""147/5"",""crr"":7.67,""rrr"":40.8,""pressure"":0.853,""xRuns"":1.034,""xWicket"":0.088,""risk"":0.827,""control"":0.466}"
1912,16,19,2,41,44,9,2,0,,TRUE,FALSE,,,,square_cut,square_leg_inside,"{""phase"":""death"",""score"":""149/5"",""crr"":7.71,""rrr"":48.0,""pressure"":0.856,""xRuns"":1.033,""xWicket"":0.088,""risk"":0.828,""control"":0.545}"
1913,16,19,3,41,44,9,0,0,,TRUE,FALSE,,,,glance,third_point,"{""phase"":""death"",""score"":""149/5"",""crr"":7.64,""rrr"":64.0,""pressure"":0.859,""xRuns"":1.032,""xWicket"":0.088,""risk"":0.829,""control"":0.454}"
1914,16,19,4,41,44,9,6,0,,TRUE,FALSE,,,,scoop,straight_inside,"{""phase"":""death"",""score"":""155/5"",""crr"":7.88,""rrr"":78.0,""pressure"":0.862,""xRuns"":1.031,""xWicket"":0.089,""risk"":0.981,""control"":0.459}"
1915,16,19,5,41,44,9,1,0,,TRUE,FALSE,,,,lofted_drive,square_leg_inside,"{""phase"":""death"",""score"":""156/5"",""crr"":7.87,""rrr"":150.0,""pressure"":0.864,""xRuns"":1.03,""xWicket"":0.089,""risk"":0.832,""control"":0.545}"
1916,16,19,6,44,41,9,0,0,,TRUE,FALSE,,,,lofted_drive,third_point,"{""phase"":""death"",""score"":""156/5"",""crr"":7.8,""rrr"":150.0,""pressure"":0.867,""xRuns"":0.304,""xWicket"":0.157,""risk"":0.933,""control"":0}"
1917,17,0,1,60,46,7,0,0,,TRUE,FALSE,,,,hook,fine_leg,"{""phase"":""powerplay"",""score"":""0/0"",""crr"":0.0,""rrr"":"""",""pressure"":0.0,""xRuns"":1.359,""xWicket"":0.034,""risk"":0.421,""control"":0.404}"
1918,17,0,2,60,46,7,0,0,,TRUE,FALSE,,,,reverse_sweep,long_on,"{""phase"":""powerplay"",""score"":""0/0"",""crr"":0.0,""rrr"":"""",""pressure"":0.003,""xRuns"":1.358,""xWicket"":0.034,""risk"":0.423,""control"":0.421}"
1919,17,0,3,60,46,7,1,0,,TRUE,FALSE,,,,clip,square_leg_inside,"{""phase"":""powerplay"",""score"":""1/0"",""crr"":2.0,""rrr"":"""",""pressure"":0.006,""xRuns"":1.357,""xWicket"":0.034,""risk"":0.424,""control"":0.462}"
1920,17,0,4,46,60,7,0,0,,TRUE,FALSE,,,,hook,fine_leg_inside,"{""phase"":""powerplay"",""score"":""1/0"",""crr"":1.5,""rrr"":"""",""pressure"":0.009,""xRuns"":1.358,""xWicket"":0.035,""risk"":0.468,""control"":0.46}"
1921,17,0,5,46,60,7,2,0,,TRUE,FALSE,,,,square_cut,square_leg_inside,"{""phase"":""powerplay"",""score"":""3/0"",""crr"":3.6,""rrr"":"""",""pressure"":0.011,""xRuns"":1.357,""xWicket"":0.035,""risk"":0.469,""control"":0.464}"
1922,17,0,6,46,60,7,0,0,,TRUE,FALSE,,,,hook,mid_on_area,"{""phase"":""powerplay"",""score"":""3/0"",""crr"":3.0,""rrr"":"""",""pressure"":0.014,""xRuns"":1.356,""xWicket"":0.035,""risk"":0.471,""control"":0.429}"
1923,17,1,1,60,46,9,1,0,,TRUE,FALSE,,,,cover_drive,short_leg,"{""phase"":""powerplay"",""score"":""4/0"",""crr"":3.43,""rrr"":"""",""pressure"":0.017,""xRuns"":1.39,""xWicket"":0.031,""risk"":0.429,""control"":0.508}"
1924,17,1,2,46,60,9,0,0,,TRUE,FALSE,,,,upper_cut,mid_on_area,"{""phase"":""powerplay"",""score"":""4/0"",""crr"":3.0,""rrr"":"""",""pressure"":0.02,""xRuns"":1.391,""xWicket"":0.032,""risk"":0.473,""control"":0.508}"
1925,17,1,3,46,60,9,0,0,,TRUE,FALSE,,,,upper_cut,long_on,"{""phase"":""powerplay"",""score"":""4/0"",""crr"":2.67,""rrr"":"""",""pressure"":0.023,""xRuns"":1.39,""xWicket"":0.032,""risk"":0.475,""control"":0.456}"
1926,17,1,4,46,60,9,0,0,,TRUE,FALSE,,,,square_cut,fine_leg_inside,"{""phase"":""powerplay"",""score"":""4/0"",""crr"":2.4,""rrr"":"""",""pressure"":0.026,""xRuns"":1.389,""xWicket"":0.032,""risk"":0.476,""control"":0.494}"
1927,17,1,5,46,60,9,1,0,,TRUE,FALSE,,,,ramp,short_leg,"{""phase"":""powerplay"",""score"":""5/0"",""crr"":2.73,""rrr"":"""",""pressure"":0.028,""xRuns"":1.388,""xWicket"":0.032,""risk"":0.477,""control"":0.46}"
1928,17,1,6,60,46,9,0,0,,TRUE,FALSE,,,,on_drive,deep_extra_cover,"{""phase"":""powerplay"",""score"":""5/0"",""crr"":2.5,""rrr"":"""",""pressure"":0.031,""xRuns"":1.384,""xWicket"":0.032,""risk"":0.435,""control"":0.432}"
1929,17,2,1,46,60,14,0,0,,TRUE,FALSE,,,,slog,third_point,"{""phase"":""powerplay"",""score"":""5/0"",""crr"":2.31,""rrr"":"""",""pressure"":0.034,""xRuns"":1.385,""xWicket"":0.032,""risk"":0.48,""control"":0.491}"
1930,17,2,2,46,60,14,0,0,,TRUE,FALSE,,,,late_cut,third_point,"{""phase"":""powerplay"",""score"":""5/0"",""crr"":2.14,""rrr"":"""",""pressure"":0.037,""xRuns"":1.384,""xWicket"":0.032,""risk"":0.481,""control"":0.432}"
1931,17,2,3,46,60,14,0,0,,TRUE,FALSE,,,,clip,point_inside,"{""phase"":""powerplay"",""score"":""5/0"",""crr"":2.0,""rrr"":"""",""pressure"":0.04,""xRuns"":1.383,""xWicket"":0.032,""risk"":0.482,""control"":0.519}"
1932,17,2,4,46,60,14,1,0,,TRUE,FALSE,,,,pull,straight_inside,"{""phase"":""powerplay"",""score"":""6/0"",""crr"":2.25,""rrr"":"""",""pressure"":0.043,""xRuns"":1.382,""xWicket"":0.033,""risk"":0.484,""control"":0.483}"
1933,17,2,5,60,46,14,1,0,,TRUE,FALSE,,,,paddle_sweep,fine_leg,"{""phase"":""powerplay"",""score"":""7/0"",""crr"":2.47,""rrr"":"""",""pressure"":0.045,""xRuns"":1.379,""xWicket"":0.032,""risk"":0.442,""control"":0.425}"
1934,17,2,6,46,60,14,2,0,,TRUE,FALSE,,,,upper_cut,silly_mid_on,"{""phase"":""powerplay"",""score"":""9/0"",""crr"":3.0,""rrr"":"""",""pressure"":0.048,""xRuns"":1.38,""xWicket"":0.033,""risk"":0.486,""control"":0.397}"
1935,17,3,1,60,46,8,0,0,,TRUE,FALSE,,,,on_drive,silly_point,"{""phase"":""powerplay"",""score"":""9/0"",""crr"":2.84,""rrr"":"""",""pressure"":0.051,""xRuns"":1.433,""xWicket"":0.027,""risk"":0.444,""control"":0.591}"
1936,17,3,2,60,46,8,0,0,,TRUE,FALSE,,,,cover_drive,silly_mid_on,"{""phase"":""powerplay"",""score"":""9/0"",""crr"":2.7,""rrr"":"""",""pressure"":0.054,""xRuns"":1.432,""xWicket"":0.027,""risk"":0.446,""control"":0.485}"
1937,17,3,3,60,46,8,0,0,,TRUE,FALSE,,,,ramp,square_leg_inside,"{""phase"":""powerplay"",""score"":""9/0"",""crr"":2.57,""rrr"":"""",""pressure"":0.057,""xRuns"":1.431,""xWicket"":0.027,""risk"":0.447,""control"":0.537}"
1938,17,3,4,60,46,8,0,0,,TRUE,FALSE,,,,defence,straight_inside,"{""phase"":""powerplay"",""score"":""9/0"",""crr"":2.45,""rrr"":"""",""pressure"":0.059,""xRuns"":1.43,""xWicket"":0.027,""risk"":0.448,""control"":0.492}"
1939,17,3,5,60,46,8,1,0,,TRUE,FALSE,,,,glance,deep_cover,"{""phase"":""powerplay"",""score"":""10/0"",""crr"":2.61,""rrr"":"""",""pressure"":0.062,""xRuns"":1.429,""xWicket"":0.028,""risk"":0.449,""control"":0.517}"
1940,17,3,6,46,60,8,0,0,,TRUE,FALSE,,,,slog,silly_mid_wicket,"{""phase"":""powerplay"",""score"":""10/0"",""crr"":2.5,""rrr"":"""",""pressure"":0.065,""xRuns"":1.43,""xWicket"":0.028,""risk"":0.494,""control"":0.493}"
1941,17,4,1,60,46,10,4,0,,TRUE,FALSE,,,,paddle_sweep,silly_point,"{""phase"":""powerplay"",""score"":""14/0"",""crr"":3.36,""rrr"":"""",""pressure"":0.068,""xRuns"":1.436,""xWicket"":0.027,""risk"":0.602,""control"":0.519}"
1942,17,4,2,60,46,10,2,0,,TRUE,FALSE,,,,sweep,cover_inside,"{""phase"":""powerplay"",""score"":""16/0"",""crr"":3.69,""rrr"":"""",""pressure"":0.071,""xRuns"":1.434,""xWicket"":0.027,""risk"":0.453,""control"":0.523}"
1943,17,4,3,60,46,10,1,0,,TRUE,FALSE,,,,lofted,deep_extra_cover,"{""phase"":""powerplay"",""score"":""17/0"",""crr"":3.78,""rrr"":"""",""pressure"":0.074,""xRuns"":1.433,""xWicket"":0.027,""risk"":0.455,""control"":0.589}"
1944,17,4,4,46,60,10,4,0,,TRUE,FALSE,,,,paddle_sweep,short_leg,"{""phase"":""powerplay"",""score"":""21/0"",""crr"":4.5,""rrr"":"""",""pressure"":0.077,""xRuns"":1.434,""xWicket"":0.028,""risk"":0.649,""control"":0.489}"
1945,17,4,5,46,60,10,0,0,,TRUE,FALSE,,,,square_cut,fine_leg,"{""phase"":""powerplay"",""score"":""21/0"",""crr"":4.34,""rrr"":"""",""pressure"":0.079,""xRuns"":1.433,""xWicket"":0.028,""risk"":0.5,""control"":0.477}"
1946,17,4,6,46,60,10,1,0,,TRUE,FALSE,,,,paddle_sweep,third_point,"{""phase"":""powerplay"",""score"":""22/0"",""crr"":4.4,""rrr"":"""",""pressure"":0.082,""xRuns"":1.432,""xWicket"":0.028,""risk"":0.501,""control"":0.422}"
1947,17,5,1,46,60,12,0,0,,TRUE,FALSE,,,,sweep,short_leg,"{""phase"":""powerplay"",""score"":""22/0"",""crr"":4.26,""rrr"":"""",""pressure"":0.085,""xRuns"":1.659,""xWicket"":0.006,""risk"":0.503,""control"":0.547}"
1948,17,5,2,46,60,12,1,0,,TRUE,FALSE,,,,lofted_drive,cover_inside,"{""phase"":""powerplay"",""score"":""23/0"",""crr"":4.31,""rrr"":"""",""pressure"":0.088,""xRuns"":1.658,""xWicket"":0.006,""risk"":0.504,""control"":0.591}"
1949,17,5,3,60,46,12,4,0,,TRUE,FALSE,,,,square_cut,straight_inside,"{""phase"":""powerplay"",""score"":""27/0"",""crr"":4.91,""rrr"":"""",""pressure"":0.091,""xRuns"":1.654,""xWicket"":0.006,""risk"":0.612,""control"":0.615}"
1950,17,5,4,60,46,12,4,0,,TRUE,FALSE,,,,on_drive,square_leg_inside,"{""phase"":""powerplay"",""score"":""31/0"",""crr"":5.47,""rrr"":"""",""pressure"":0.094,""xRuns"":1.653,""xWicket"":0.006,""risk"":0.614,""control"":0.59}"
1951,17,5,5,60,46,12,1,0,,TRUE,FALSE,,,,sweep,short_leg,"{""phase"":""powerplay"",""score"":""32/0"",""crr"":5.49,""rrr"":"""",""pressure"":0.096,""xRuns"":1.652,""xWicket"":0.006,""risk"":0.465,""control"":0.552}"
1952,17,5,6,46,60,12,0,0,,TRUE,FALSE,,,,reverse_sweep,cover_inside,"{""phase"":""powerplay"",""score"":""32/0"",""crr"":5.33,""rrr"":"""",""pressure"":0.099,""xRuns"":1.653,""xWicket"":0.007,""risk"":0.509,""control"":0.632}"
1953,17,6,1,60,46,7,0,0,,TRUE,FALSE,,,,pull,silly_point,"{""phase"":""middle"",""score"":""32/0"",""crr"":5.19,""rrr"":"""",""pressure"":0.102,""xRuns"":1.317,""xWicket"":0.039,""risk"":0.467,""control"":0.552}"
1954,17,6,2,60,46,7,0,0,,TRUE,FALSE,,,,on_drive,fine_leg_inside,"{""phase"":""middle"",""score"":""32/0"",""crr"":5.05,""rrr"":"""",""pressure"":0.105,""xRuns"":1.315,""xWicket"":0.039,""risk"":0.469,""control"":0.471}"
1955,17,6,3,60,46,7,4,0,,TRUE,FALSE,,,,hook,long_on,"{""phase"":""middle"",""score"":""36/0"",""crr"":5.54,""rrr"":"""",""pressure"":0.108,""xRuns"":1.314,""xWicket"":0.039,""risk"":0.62,""control"":0.543}"
1956,17,6,4,60,46,7,1,0,,TRUE,FALSE,,,,straight_drive,silly_mid_wicket,"{""phase"":""middle"",""score"":""37/0"",""crr"":5.55,""rrr"":"""",""pressure"":0.111,""xRuns"":1.313,""xWicket"":0.039,""risk"":0.471,""control"":0.49}"
1957,17,6,5,46,60,7,2,0,,TRUE,FALSE,,,,upper_cut,mid_on_area,"{""phase"":""middle"",""score"":""39/0"",""crr"":5.71,""rrr"":"""",""pressure"":0.113,""xRuns"":1.314,""xWicket"":0.039,""risk"":0.515,""control"":0.509}"
1958,17,6,6,46,60,7,0,0,,TRUE,FALSE,,,,square_cut,square_leg_inside,"{""phase"":""middle"",""score"":""39/0"",""crr"":5.57,""rrr"":"""",""pressure"":0.116,""xRuns"":1.313,""xWicket"":0.04,""risk"":0.516,""control"":0.493}"
1959,17,7,1,60,46,9,4,0,,TRUE,FALSE,,,,lofted,fine_leg,"{""phase"":""middle"",""score"":""43/0"",""crr"":6.0,""rrr"":"""",""pressure"":0.119,""xRuns"":1.347,""xWicket"":0.036,""risk"":0.625,""control"":0.448}"
1960,17,7,2,60,46,9,1,0,,TRUE,FALSE,,,,drive,deep_cover,"{""phase"":""middle"",""score"":""44/0"",""crr"":6.0,""rrr"":"""",""pressure"":0.122,""xRuns"":1.346,""xWicket"":0.036,""risk"":0.476,""control"":0.457}"
1961,17,7,3,46,60,9,1,0,,TRUE,FALSE,,,,paddle_sweep,fine_leg,"{""phase"":""middle"",""score"":""45/0"",""crr"":6.0,""rrr"":"""",""pressure"":0.125,""xRuns"":1.347,""xWicket"":0.036,""risk"":0.521,""control"":0.422}"
1962,17,7,4,60,46,9,4,0,,TRUE,FALSE,,,,drive,deep_cover,"{""phase"":""middle"",""score"":""49/0"",""crr"":6.39,""rrr"":"""",""pressure"":0.128,""xRuns"":1.344,""xWicket"":0.036,""risk"":0.629,""control"":0.537}"
1963,17,7,5,60,46,9,0,0,,TRUE,FALSE,,,,straight_drive,cover_point_inside,"{""phase"":""middle"",""score"":""49/0"",""crr"":6.26,""rrr"":"""",""pressure"":0.13,""xRuns"":1.343,""xWicket"":0.036,""risk"":0.48,""control"":0.478}"
1964,17,7,6,60,46,9,4,0,,TRUE,FALSE,,,,hook,square_leg_inside,"{""phase"":""middle"",""score"":""53/0"",""crr"":6.62,""rrr"":"""",""pressure"":0.133,""xRuns"":1.342,""xWicket"":0.036,""risk"":0.631,""control"":0.573}"
1965,17,8,1,46,60,14,1,0,,TRUE,FALSE,,,,hook,mid_off,"{""phase"":""middle"",""score"":""54/0"",""crr"":6.61,""rrr"":"""",""pressure"":0.136,""xRuns"":1.343,""xWicket"":0.037,""risk"":0.525,""control"":0.445}"
1966,17,8,2,60,46,14,0,2,bye,TRUE,FALSE,,,,ramp,deep_square_leg,"{""phase"":""middle"",""score"":""56/0"",""crr"":6.72,""rrr"":"""",""pressure"":0.139,""xRuns"":1.339,""xWicket"":0.037,""risk"":0.484,""control"":0.477}"
1967,17,8,3,60,46,14,0,0,,TRUE,FALSE,,,,reverse_sweep,deep_cover,"{""phase"":""middle"",""score"":""56/0"",""crr"":6.59,""rrr"":"""",""pressure"":0.142,""xRuns"":1.338,""xWicket"":0.037,""risk"":0.485,""control"":0.436}"
1968,17,8,4,60,46,14,4,0,,TRUE,FALSE,,,,flick,deep_square_leg,"{""phase"":""middle"",""score"":""60/0"",""crr"":6.92,""rrr"":"""",""pressure"":0.145,""xRuns"":1.337,""xWicket"":0.037,""risk"":0.637,""control"":0.454}"
1969,17,8,5,60,46,14,2,0,,TRUE,FALSE,,,,straight_drive,point_inside,"{""phase"":""middle"",""score"":""62/0"",""crr"":7.02,""rrr"":"""",""pressure"":0.147,""xRuns"":1.336,""xWicket"":0.037,""risk"":0.488,""control"":0.507}"
1970,17,8,6,60,46,14,6,0,,TRUE,FALSE,,,,scoop,long_off,"{""phase"":""middle"",""score"":""68/0"",""crr"":7.56,""rrr"":"""",""pressure"":0.15,""xRuns"":1.334,""xWicket"":0.037,""risk"":0.639,""control"":0.51}"
1971,17,9,1,46,60,8,1,1,no_ball,FALSE,FALSE,,,,flick,fine_leg_inside,"{""phase"":""middle"",""score"":""70/0"",""crr"":7.78,""rrr"":"""",""pressure"":0.153,""xRuns"":1.393,""xWicket"":0.006,""risk"":0.533,""control"":0.547}"
1972,17,9,1,60,46,8,0,0,,TRUE,FALSE,,,,slog,deep_cover,"{""phase"":""middle"",""score"":""70/0"",""crr"":7.64,""rrr"":"""",""pressure"":0.153,""xRuns"":1.39,""xWicket"":0.032,""risk"":0.49,""control"":0.491}"
1973,17,9,2,60,46,8,0,0,,TRUE,FALSE,,,,defence,long_off,"{""phase"":""middle"",""score"":""70/0"",""crr"":7.5,""rrr"":"""",""pressure"":0.156,""xRuns"":1.389,""xWicket"":0.032,""risk"":0.492,""control"":0.457}"
1974,17,9,3,60,46,8,1,0,,TRUE,FALSE,,,,defence,mid_on_area,"{""phase"":""middle"",""score"":""71/0"",""crr"":7.47,""rrr"":"""",""pressure"":0.159,""xRuns"":1.388,""xWicket"":0.032,""risk"":0.493,""control"":0.563}"
1975,17,9,4,46,60,8,6,0,,TRUE,FALSE,,,,square_cut,deep_extra_cover,"{""phase"":""middle"",""score"":""77/0"",""crr"":7.97,""rrr"":"""",""pressure"":0.162,""xRuns"":1.389,""xWicket"":0.033,""risk"":0.687,""control"":0.541}"
1976,17,9,5,46,60,8,1,0,,TRUE,FALSE,,,,upper_cut,straight_inside,"{""phase"":""middle"",""score"":""78/0"",""crr"":7.93,""rrr"":"""",""pressure"":0.164,""xRuns"":1.388,""xWicket"":0.033,""risk"":0.538,""control"":0.485}"
1977,17,9,6,60,46,8,0,0,,TRUE,FALSE,,,,hook,deep_extra_cover,"{""phase"":""middle"",""score"":""78/0"",""crr"":7.8,""rrr"":"""",""pressure"":0.167,""xRuns"":1.384,""xWicket"":0.032,""risk"":0.497,""control"":0.471}"
1978,17,10,1,46,60,10,1,0,,TRUE,FALSE,,,,scoop,long_on,"{""phase"":""middle"",""score"":""79/0"",""crr"":7.77,""rrr"":"""",""pressure"":0.17,""xRuns"":1.395,""xWicket"":0.032,""risk"":0.541,""control"":0.531}"
1979,17,10,2,60,46,10,0,0,,TRUE,FALSE,,,,slog,mid_on_area,"{""phase"":""middle"",""score"":""79/0"",""crr"":7.65,""rrr"":"""",""pressure"":0.173,""xRuns"":1.391,""xWicket"":0.032,""risk"":0.499,""control"":0.519}"
1980,17,10,3,60,46,10,4,0,,TRUE,FALSE,,,,lofted_drive,long_on,"{""phase"":""middle"",""score"":""83/0"",""crr"":7.9,""rrr"":"""",""pressure"":0.176,""xRuns"":1.39,""xWicket"":0.032,""risk"":0.651,""control"":0.537}"
1981,17,10,4,60,46,10,4,0,,TRUE,FALSE,,,,sweep,long_on,"{""phase"":""middle"",""score"":""87/0"",""crr"":8.16,""rrr"":"""",""pressure"":0.179,""xRuns"":1.389,""xWicket"":0.032,""risk"":0.652,""control"":0.448}"
1982,17,10,5,60,46,10,0,0,,TRUE,FALSE,,,,cut,third_point,"{""phase"":""middle"",""score"":""87/0"",""crr"":8.03,""rrr"":"""",""pressure"":0.181,""xRuns"":1.388,""xWicket"":0.032,""risk"":0.503,""control"":0.467}"
1983,17,10,6,60,46,10,2,0,,TRUE,FALSE,,,,pull,straight_inside,"{""phase"":""middle"",""score"":""89/0"",""crr"":8.09,""rrr"":"""",""pressure"":0.184,""xRuns"":1.387,""xWicket"":0.032,""risk"":0.504,""control"":0.459}"
1984,17,11,1,46,60,12,4,0,,TRUE,FALSE,,,,reverse_sweep,fine_leg,"{""phase"":""middle"",""score"":""93/0"",""crr"":8.33,""rrr"":"""",""pressure"":0.187,""xRuns"":1.616,""xWicket"":0.011,""risk"":0.698,""control"":0.641}"
1985,17,11,2,46,60,12,4,0,,TRUE,TRUE,bowled,46,,clip,deep_square_leg,"{""phase"":""middle"",""score"":""97/0"",""crr"":8.56,""rrr"":"""",""pressure"":0.19,""xRuns"":1.615,""xWicket"":0.011,""risk"":0.7,""control"":0.532}"
1986,17,11,3,56,60,12,1,0,,TRUE,FALSE,,,,on_drive,silly_mid_on,"{""phase"":""middle"",""score"":""98/1"",""crr"":8.52,""rrr"":"""",""pressure"":0.219,""xRuns"":1.709,""xWicket"":0.023,""risk"":0.684,""control"":0.521}"
1987,17,11,4,60,56,12,2,0,,TRUE,TRUE,hit_wicket,60,,reverse_sweep,long_off,"{""phase"":""middle"",""score"":""100/1"",""crr"":8.57,""rrr"":"""",""pressure"":0.222,""xRuns"":1.599,""xWicket"":0.012,""risk"":0.521,""control"":0.672}"
1988,17,11,5,58,56,12,0,0,,TRUE,FALSE,,,,cover_drive,fine_leg,"{""phase"":""middle"",""score"":""100/2"",""crr"":8.45,""rrr"":"""",""pressure"":0.25,""xRuns"":1.511,""xWicket"":0.022,""risk"":0.527,""control"":0.616}"
1989,17,11,6,58,56,12,1,0,,TRUE,FALSE,,,,lofted_drive,long_off,"{""phase"":""middle"",""score"":""101/2"",""crr"":8.42,""rrr"":"""",""pressure"":0.253,""xRuns"":1.51,""xWicket"":0.022,""risk"":0.528,""control"":0.534}"
1990,17,12,1,58,56,7,1,0,,TRUE,FALSE,,,,on_drive,square_leg_inside,"{""phase"":""middle"",""score"":""102/2"",""crr"":8.38,""rrr"":"""",""pressure"":0.256,""xRuns"":1.175,""xWicket"":0.054,""risk"":0.529,""control"":0.355}"
1991,17,12,2,56,58,7,0,0,,TRUE,FALSE,,,,paddle_sweep,long_on,"{""phase"":""middle"",""score"":""102/2"",""crr"":8.27,""rrr"":"""",""pressure"":0.259,""xRuns"":1.359,""xWicket"":0.057,""risk"":0.702,""control"":0.512}"
1992,17,12,3,56,58,7,6,0,,TRUE,FALSE,,,,lofted_drive,long_on,"{""phase"":""middle"",""score"":""108/2"",""crr"":8.64,""rrr"":"""",""pressure"":0.262,""xRuns"":1.358,""xWicket"":0.057,""risk"":0.854,""control"":0.529}"
1993,17,12,4,56,58,7,2,0,,TRUE,FALSE,,,,scoop,mid_off,"{""phase"":""middle"",""score"":""110/2"",""crr"":8.68,""rrr"":"""",""pressure"":0.265,""xRuns"":1.357,""xWicket"":0.057,""risk"":0.705,""control"":0.499}"
1994,17,12,5,56,58,7,4,0,,TRUE,FALSE,,,,paddle_sweep,deep_square_leg,"{""phase"":""middle"",""score"":""114/2"",""crr"":8.88,""rrr"":"""",""pressure"":0.267,""xRuns"":1.356,""xWicket"":0.057,""risk"":0.856,""control"":0.432}"
1995,17,12,6,56,58,7,0,0,,TRUE,FALSE,,,,upper_cut,point_inside,"{""phase"":""middle"",""score"":""114/2"",""crr"":8.77,""rrr"":"""",""pressure"":0.27,""xRuns"":1.354,""xWicket"":0.058,""risk"":0.707,""control"":0.47}"
1996,17,13,1,58,56,9,1,0,,TRUE,FALSE,,,,defence,cover_inside,"{""phase"":""middle"",""score"":""115/2"",""crr"":8.73,""rrr"":"""",""pressure"":0.273,""xRuns"":1.206,""xWicket"":0.051,""risk"":0.537,""control"":0.426}"
1997,17,13,2,56,58,9,4,0,,TRUE,FALSE,,,,late_cut,silly_point,"{""phase"":""middle"",""score"":""119/2"",""crr"":8.92,""rrr"":"""",""pressure"":0.276,""xRuns"":1.39,""xWicket"":0.054,""risk"":0.86,""control"":0.543}"
1998,17,13,3,56,58,9,6,0,,TRUE,FALSE,,,,paddle_sweep,cover_inside,"{""phase"":""middle"",""score"":""125/2"",""crr"":9.26,""rrr"":"""",""pressure"":0.279,""xRuns"":1.389,""xWicket"":0.054,""risk"":0.861,""control"":0.465}"
1999,17,13,4,56,58,9,0,0,,TRUE,FALSE,,,,cover_drive,square_leg_inside,"{""phase"":""middle"",""score"":""125/2"",""crr"":9.15,""rrr"":"""",""pressure"":0.282,""xRuns"":1.387,""xWicket"":0.054,""risk"":0.713,""control"":0.454}"
2000,17,13,5,56,58,9,1,0,,TRUE,FALSE,,,,paddle_sweep,deep_square_leg,"{""phase"":""middle"",""score"":""126/2"",""crr"":9.11,""rrr"":"""",""pressure"":0.284,""xRuns"":1.387,""xWicket"":0.055,""risk"":0.714,""control"":0.461}"
2001,17,13,6,58,56,9,0,0,,TRUE,FALSE,,,,lofted,fine_leg_inside,"{""phase"":""middle"",""score"":""126/2"",""crr"":9.0,""rrr"":"""",""pressure"":0.287,""xRuns"":1.2,""xWicket"":0.051,""risk"":0.543,""control"":0.486}"
2002,17,14,1,56,58,14,0,0,,TRUE,FALSE,,,,defence,cover_point_inside,"{""phase"":""middle"",""score"":""126/2"",""crr"":8.89,""rrr"":"""",""pressure"":0.29,""xRuns"":1.384,""xWicket"":0.055,""risk"":0.716,""control"":0.475}"
2003,17,14,2,56,58,14,1,0,,TRUE,FALSE,,,,paddle_sweep,fine_leg,"{""phase"":""middle"",""score"":""127/2"",""crr"":8.86,""rrr"":"""",""pressure"":0.293,""xRuns"":1.383,""xWicket"":0.055,""risk"":0.718,""control"":0.542}"
2004,17,14,3,58,56,14,1,0,,TRUE,FALSE,,,,cut,straight_inside,"{""phase"":""middle"",""score"":""128/2"",""crr"":8.83,""rrr"":"""",""pressure"":0.296,""xRuns"":1.196,""xWicket"":0.052,""risk"":0.547,""control"":0.404}"
2005,17,14,4,56,58,14,1,0,,TRUE,FALSE,,,,paddle_sweep,third_point,"{""phase"":""middle"",""score"":""129/2"",""crr"":8.8,""rrr"":"""",""pressure"":0.298,""xRuns"":1.381,""xWicket"":0.055,""risk"":0.72,""control"":0.484}"
2006,17,14,5,58,56,14,1,0,,TRUE,FALSE,,,,scoop,long_off,"{""phase"":""middle"",""score"":""130/2"",""crr"":8.76,""rrr"":"""",""pressure"":0.301,""xRuns"":1.194,""xWicket"":0.052,""risk"":0.55,""control"":0.445}"
2007,17,14,6,56,58,14,0,0,,TRUE,FALSE,,,,lofted_drive,deep_extra_cover,"{""phase"":""middle"",""score"":""130/2"",""crr"":8.67,""rrr"":"""",""pressure"":0.304,""xRuns"":1.378,""xWicket"":0.055,""risk"":0.723,""control"":0.419}"
2008,17,15,1,58,56,8,1,0,,TRUE,FALSE,,,,reverse_sweep,square_leg_inside,"{""phase"":""death"",""score"":""131/2"",""crr"":8.64,""rrr"":"""",""pressure"":0.307,""xRuns"":1.249,""xWicket"":0.065,""risk"":0.552,""control"":0.488}"
2009,17,15,2,56,58,8,0,0,,TRUE,FALSE,,,,glance,square_leg_inside,"{""phase"":""death"",""score"":""131/2"",""crr"":8.54,""rrr"":"""",""pressure"":0.31,""xRuns"":1.433,""xWicket"":0.068,""risk"":0.725,""control"":0.555}"
2010,17,15,3,56,58,8,6,0,,TRUE,FALSE,,,,lofted,cover_inside,"{""phase"":""death"",""score"":""137/2"",""crr"":8.84,""rrr"":"""",""pressure"":0.313,""xRuns"":1.432,""xWicket"":0.068,""risk"":0.877,""control"":0.546}"
2011,17,15,4,56,58,8,1,0,,TRUE,FALSE,,,,lofted_drive,silly_mid_wicket,"{""phase"":""death"",""score"":""138/2"",""crr"":8.81,""rrr"":"""",""pressure"":0.316,""xRuns"":1.43,""xWicket"":0.068,""risk"":0.728,""control"":0.568}"
2012,17,15,5,58,56,8,2,0,,TRUE,FALSE,,,,reverse_sweep,deep_square_leg,"{""phase"":""death"",""score"":""140/2"",""crr"":8.84,""rrr"":"""",""pressure"":0.318,""xRuns"":1.244,""xWicket"":0.065,""risk"":0.557,""control"":0.384}"
2013,17,15,6,58,56,8,0,0,,TRUE,FALSE,,,,reverse_sweep,mid_on_area,"{""phase"":""death"",""score"":""140/2"",""crr"":8.75,""rrr"":"""",""pressure"":0.321,""xRuns"":1.243,""xWicket"":0.066,""risk"":0.559,""control"":0.446}"
2014,17,16,1,56,58,12,4,0,,TRUE,FALSE,,,,square_cut,deep_square_leg,"{""phase"":""death"",""score"":""144/2"",""crr"":8.91,""rrr"":"""",""pressure"":0.324,""xRuns"":1.665,""xWicket"":0.046,""risk"":0.882,""control"":0.559}"
2015,17,16,2,56,58,12,4,0,,TRUE,FALSE,,,,sweep,third_point,"{""phase"":""death"",""score"":""148/2"",""crr"":9.06,""rrr"":"""",""pressure"":0.327,""xRuns"":1.664,""xWicket"":0.046,""risk"":0.883,""control"":0.52}"
2016,17,16,3,56,58,12,2,0,,TRUE,FALSE,,,,clip,silly_mid_wicket,"{""phase"":""death"",""score"":""150/2"",""crr"":9.09,""rrr"":"""",""pressure"":0.33,""xRuns"":1.663,""xWicket"":0.046,""risk"":0.734,""control"":0.585}"
2017,17,16,4,56,58,12,4,0,,TRUE,FALSE,,,,upper_cut,deep_square_leg,"{""phase"":""death"",""score"":""154/2"",""crr"":9.24,""rrr"":"""",""pressure"":0.333,""xRuns"":1.661,""xWicket"":0.047,""risk"":0.886,""control"":0.581}"
2018,17,16,5,56,58,12,1,0,,TRUE,FALSE,,,,on_drive,deep_extra_cover,"{""phase"":""death"",""score"":""155/2"",""crr"":9.21,""rrr"":"""",""pressure"":0.335,""xRuns"":1.66,""xWicket"":0.047,""risk"":0.736,""control"":0.629}"
2019,17,16,6,58,56,12,0,0,,TRUE,FALSE,,,,flick,deep_cover,"{""phase"":""death"",""score"":""155/2"",""crr"":9.12,""rrr"":"""",""pressure"":0.338,""xRuns"":1.474,""xWicket"":0.044,""risk"":0.566,""control"":0.556}"
2020,17,17,1,56,58,12,1,0,,TRUE,FALSE,,,,flick,cover_inside,"{""phase"":""death"",""score"":""156/2"",""crr"":9.09,""rrr"":"""",""pressure"":0.341,""xRuns"":1.658,""xWicket"":0.047,""risk"":0.739,""control"":0.644}"
2021,17,17,2,58,56,12,0,0,,TRUE,FALSE,,,,straight_drive,short_leg,"{""phase"":""death"",""score"":""156/2"",""crr"":9.0,""rrr"":"""",""pressure"":0.344,""xRuns"":1.471,""xWicket"":0.044,""risk"":0.569,""control"":0.604}"
2022,17,17,3,58,56,12,1,0,,TRUE,FALSE,,,,on_drive,mid_off,"{""phase"":""death"",""score"":""157/2"",""crr"":8.97,""rrr"":"""",""pressure"":0.347,""xRuns"":1.47,""xWicket"":0.044,""risk"":0.57,""control"":0.552}"
2023,17,17,4,56,58,12,2,0,,TRUE,FALSE,,,,paddle_sweep,third_point,"{""phase"":""death"",""score"":""159/2"",""crr"":9.0,""rrr"":"""",""pressure"":0.35,""xRuns"":1.654,""xWicket"":0.047,""risk"":0.743,""control"":0.584}"
2024,17,17,5,56,58,12,1,0,,TRUE,FALSE,,,,on_drive,deep_square_leg,"{""phase"":""death"",""score"":""160/2"",""crr"":8.97,""rrr"":"""",""pressure"":0.352,""xRuns"":1.653,""xWicket"":0.047,""risk"":0.744,""control"":0.584}"
2025,17,17,6,58,56,12,0,0,,TRUE,TRUE,bowled,58,,on_drive,silly_mid_wicket,"{""phase"":""death"",""score"":""160/2"",""crr"":8.89,""rrr"":"""",""pressure"":0.355,""xRuns"":1.467,""xWicket"":0.044,""risk"":0.574,""control"":0.492}"
2026,17,18,1,56,57,14,1,0,,TRUE,FALSE,,,,clip,short_leg,"{""phase"":""death"",""score"":""161/3"",""crr"":8.86,""rrr"":"""",""pressure"":0.384,""xRuns"":1.345,""xWicket"":0.077,""risk"":0.759,""control"":0.515}"
2027,17,18,2,57,56,14,1,0,,TRUE,FALSE,,,,lofted,fine_leg_inside,"{""phase"":""death"",""score"":""162/3"",""crr"":8.84,""rrr"":"""",""pressure"":0.387,""xRuns"":1.322,""xWicket"":0.075,""risk"":0.803,""control"":0.454}"
2028,17,18,3,56,57,14,0,0,,TRUE,FALSE,,,,hook,long_off,"{""phase"":""death"",""score"":""162/3"",""crr"":8.76,""rrr"":"""",""pressure"":0.39,""xRuns"":1.342,""xWicket"":0.077,""risk"":0.761,""control"":0.52}"
2029,17,18,4,56,57,14,2,1,no_ball,FALSE,FALSE,,,,upper_cut,deep_square_leg,"{""phase"":""death"",""score"":""165/3"",""crr"":8.92,""rrr"":"""",""pressure"":0.393,""xRuns"":1.341,""xWicket"":0.012,""risk"":0.763,""control"":0.5}"
2030,17,18,4,56,57,14,2,0,,TRUE,FALSE,,,,square_cut,deep_cover,"{""phase"":""death"",""score"":""167/3"",""crr"":8.95,""rrr"":"""",""pressure"":0.393,""xRuns"":1.341,""xWicket"":0.077,""risk"":0.763,""control"":0.519}"
2031,17,18,5,56,57,14,1,0,,TRUE,FALSE,,,,scoop,straight_inside,"{""phase"":""death"",""score"":""168/3"",""crr"":8.92,""rrr"":"""",""pressure"":0.395,""xRuns"":1.34,""xWicket"":0.078,""risk"":0.763,""control"":0.532}"
2032,17,18,6,57,56,14,1,0,,TRUE,FALSE,,,,cover_drive,mid_on_inside,"{""phase"":""death"",""score"":""169/3"",""crr"":8.89,""rrr"":"""",""pressure"":0.398,""xRuns"":1.317,""xWicket"":0.076,""risk"":0.808,""control"":0.423}"
2033,17,19,1,57,56,9,6,0,,TRUE,FALSE,,,,sweep,mid_on_area,"{""phase"":""death"",""score"":""175/3"",""crr"":9.13,""rrr"":"""",""pressure"":0.401,""xRuns"":1.316,""xWicket"":0.076,""risk"":0.959,""control"":0.408}"
2034,17,19,2,57,56,9,1,0,,TRUE,FALSE,,,,slog,deep_cover,"{""phase"":""death"",""score"":""176/3"",""crr"":9.1,""rrr"":"""",""pressure"":0.404,""xRuns"":1.315,""xWicket"":0.076,""risk"":0.81,""control"":0.362}"
2035,17,19,3,56,57,9,0,0,,TRUE,FALSE,,,,glance,long_on,"{""phase"":""death"",""score"":""176/3"",""crr"":9.03,""rrr"":"""",""pressure"":0.407,""xRuns"":1.335,""xWicket"":0.078,""risk"":0.769,""control"":0.509}"
2036,17,19,4,56,57,9,6,0,,TRUE,FALSE,,,,drive,square_leg_inside,"{""phase"":""death"",""score"":""182/3"",""crr"":9.25,""rrr"":"""",""pressure"":0.41,""xRuns"":1.334,""xWicket"":0.078,""risk"":0.92,""control"":0.403}"
2037,17,19,5,56,57,9,0,0,,TRUE,FALSE,,,,reverse_sweep,silly_mid_on,"{""phase"":""death"",""score"":""182/3"",""crr"":9.18,""rrr"":"""",""pressure"":0.412,""xRuns"":1.333,""xWicket"":0.078,""risk"":0.771,""control"":0.509}"
2038,17,19,6,56,57,9,6,0,,TRUE,FALSE,,,,on_drive,long_off,"{""phase"":""death"",""score"":""188/3"",""crr"":9.4,""rrr"":"""",""pressure"":0.415,""xRuns"":1.332,""xWicket"":0.078,""risk"":0.922,""control"":0.398}"
2039,18,0,1,15,1,55,4,0,,TRUE,FALSE,,,,late_cut,fine_leg,"{""phase"":""powerplay"",""score"":""4/0"",""crr"":24.0,""rrr"":9.33,""pressure"":0.27,""xRuns"":1.46,""xWicket"":0.04,""risk"":0.822,""control"":0.54}"
2040,18,0,2,15,1,55,4,0,,TRUE,FALSE,,,,drive,deep_extra_cover,"{""phase"":""powerplay"",""score"":""8/0"",""crr"":24.0,""rrr"":9.2,""pressure"":0.269,""xRuns"":1.46,""xWicket"":0.04,""risk"":0.821,""control"":0.567}"
2041,18,0,3,15,1,55,0,0,,TRUE,FALSE,,,,lofted_drive,silly_mid_wicket,"{""phase"":""powerplay"",""score"":""8/0"",""crr"":16.0,""rrr"":9.28,""pressure"":0.269,""xRuns"":1.46,""xWicket"":0.04,""risk"":0.671,""control"":0.545}"
2042,18,0,4,15,1,55,1,0,,TRUE,FALSE,,,,lofted,mid_off,"{""phase"":""powerplay"",""score"":""9/0"",""crr"":13.5,""rrr"":9.31,""pressure"":0.274,""xRuns"":1.458,""xWicket"":0.04,""risk"":0.673,""control"":0.606}"
2043,18,0,5,1,15,55,0,0,,TRUE,FALSE,,,,square_cut,deep_square_leg,"{""phase"":""powerplay"",""score"":""9/0"",""crr"":10.8,""rrr"":9.39,""pressure"":0.277,""xRuns"":1.365,""xWicket"":0.043,""risk"":0.596,""control"":0.532}"
2044,18,0,6,1,15,55,1,0,,TRUE,FALSE,,,,square_cut,long_off,"{""phase"":""powerplay"",""score"":""10/0"",""crr"":10.0,""rrr"":9.42,""pressure"":0.282,""xRuns"":1.363,""xWicket"":0.043,""risk"":0.598,""control"":0.498}"
2045,18,1,1,1,15,59,0,0,,TRUE,TRUE,caught,1,Aarush Khandelwal,reverse_sweep,straight_inside,"{""phase"":""powerplay"",""score"":""10/0"",""crr"":8.57,""rrr"":9.5,""pressure"":0.286,""xRuns"":1.38,""xWicket"":0.042,""risk"":0.6,""control"":0.536}"
2046,18,1,2,6,15,59,2,0,,TRUE,FALSE,,,,clip,straight_inside,"{""phase"":""powerplay"",""score"":""12/1"",""crr"":9.0,""rrr"":9.48,""pressure"":0.317,""xRuns"":1.524,""xWicket"":0.047,""risk"":0.807,""control"":0.567}"
2047,18,1,3,6,15,59,3,0,,TRUE,FALSE,,,,ramp,mid_on_area,"{""phase"":""powerplay"",""score"":""15/1"",""crr"":10.0,""rrr"":9.41,""pressure"":0.32,""xRuns"":1.523,""xWicket"":0.047,""risk"":0.808,""control"":0.6}"
2048,18,1,4,15,6,59,4,0,,TRUE,FALSE,,,,scoop,third_point,"{""phase"":""powerplay"",""score"":""19/1"",""crr"":11.4,""rrr"":9.27,""pressure"":0.32,""xRuns"":1.458,""xWicket"":0.041,""risk"":0.844,""control"":0.638}"
2049,18,1,5,15,6,59,3,0,,TRUE,FALSE,,,,defence,long_off,"{""phase"":""powerplay"",""score"":""22/1"",""crr"":12.0,""rrr"":9.19,""pressure"":0.319,""xRuns"":1.458,""xWicket"":0.041,""risk"":0.694,""control"":0.561}"
2050,18,1,6,6,15,59,1,0,,TRUE,TRUE,caught,6,Nakul Bedi,defence,mid_on_area,"{""phase"":""powerplay"",""score"":""23/1"",""crr"":11.5,""rrr"":9.22,""pressure"":0.32,""xRuns"":1.523,""xWicket"":0.047,""risk"":0.808,""control"":0.525}"
2051,18,2,1,13,15,54,1,0,,TRUE,FALSE,,,,square_cut,deep_extra_cover,"{""phase"":""powerplay"",""score"":""24/2"",""crr"":11.08,""rrr"":9.25,""pressure"":0.349,""xRuns"":1.323,""xWicket"":0.047,""risk"":0.65,""control"":0.551}"
2052,18,2,2,15,13,54,4,0,,TRUE,FALSE,,,,upper_cut,silly_point,"{""phase"":""powerplay"",""score"":""28/2"",""crr"":12.0,""rrr"":9.11,""pressure"":0.353,""xRuns"":1.454,""xWicket"":0.041,""risk"":0.859,""control"":0.548}"
2053,18,2,3,15,13,54,0,0,,TRUE,FALSE,,,,upper_cut,third_point,"{""phase"":""powerplay"",""score"":""28/2"",""crr"":11.2,""rrr"":9.2,""pressure"":0.352,""xRuns"":1.454,""xWicket"":0.041,""risk"":0.708,""control"":0.597}"
2054,18,2,4,15,13,54,4,1,no_ball,FALSE,FALSE,,,,cover_drive,deep_extra_cover,"{""phase"":""powerplay"",""score"":""33/2"",""crr"":13.2,""rrr"":8.91,""pressure"":0.357,""xRuns"":1.452,""xWicket"":0.006,""risk"":0.861,""control"":0.55}"
2055,18,2,4,15,13,54,1,0,,TRUE,FALSE,,,,straight_drive,fine_leg,"{""phase"":""powerplay"",""score"":""34/2"",""crr"":12.75,""rrr"":8.94,""pressure"":0.349,""xRuns"":1.455,""xWicket"":0.041,""risk"":0.707,""control"":0.612}"
2056,18,2,5,13,15,54,1,0,,TRUE,FALSE,,,,lofted,deep_extra_cover,"{""phase"":""powerplay"",""score"":""35/2"",""crr"":12.35,""rrr"":8.97,""pressure"":0.353,""xRuns"":1.321,""xWicket"":0.047,""risk"":0.652,""control"":0.513}"
2057,18,2,6,15,13,54,1,0,,TRUE,FALSE,,,,glance,fine_leg,"{""phase"":""powerplay"",""score"":""36/2"",""crr"":12.0,""rrr"":9.0,""pressure"":0.356,""xRuns"":1.452,""xWicket"":0.041,""risk"":0.71,""control"":0.498}"
2058,18,3,1,15,13,53,1,0,,TRUE,FALSE,,,,on_drive,mid_on_inside,"{""phase"":""powerplay"",""score"":""37/2"",""crr"":11.68,""rrr"":9.03,""pressure"":0.36,""xRuns"":1.451,""xWicket"":0.042,""risk"":0.712,""control"":0.529}"
2059,18,3,2,13,15,53,0,0,,TRUE,FALSE,,,,flick,short_leg,"{""phase"":""powerplay"",""score"":""37/2"",""crr"":11.1,""rrr"":9.12,""pressure"":0.364,""xRuns"":1.317,""xWicket"":0.048,""risk"":0.657,""control"":0.452}"
2060,18,3,3,13,15,53,0,0,,TRUE,FALSE,,,,drive,deep_extra_cover,"{""phase"":""powerplay"",""score"":""37/2"",""crr"":10.57,""rrr"":9.21,""pressure"":0.369,""xRuns"":1.315,""xWicket"":0.048,""risk"":0.659,""control"":0.441}"
2061,18,3,4,13,15,53,2,0,,TRUE,FALSE,,,,paddle_sweep,mid_on_area,"{""phase"":""powerplay"",""score"":""39/2"",""crr"":10.64,""rrr"":9.18,""pressure"":0.375,""xRuns"":1.312,""xWicket"":0.048,""risk"":0.662,""control"":0.458}"
2062,18,3,5,13,15,53,1,0,,TRUE,FALSE,,,,pull,silly_point,"{""phase"":""powerplay"",""score"":""40/2"",""crr"":10.43,""rrr"":9.22,""pressure"":0.377,""xRuns"":1.311,""xWicket"":0.048,""risk"":0.663,""control"":0.537}"
2063,18,3,6,15,13,53,6,0,,TRUE,FALSE,,,,upper_cut,mid_off,"{""phase"":""powerplay"",""score"":""46/2"",""crr"":11.5,""rrr"":8.94,""pressure"":0.381,""xRuns"":1.442,""xWicket"":0.042,""risk"":0.871,""control"":0.596}"
2064,18,4,1,13,15,52,0,0,,TRUE,FALSE,,,,glance,deep_square_leg,"{""phase"":""powerplay"",""score"":""46/2"",""crr"":11.04,""rrr"":9.03,""pressure"":0.375,""xRuns"":1.322,""xWicket"":0.047,""risk"":0.662,""control"":0.574}"
2065,18,4,2,13,15,52,0,0,,TRUE,FALSE,,,,cover_drive,long_off,"{""phase"":""powerplay"",""score"":""46/2"",""crr"":10.62,""rrr"":9.13,""pressure"":0.381,""xRuns"":1.319,""xWicket"":0.048,""risk"":0.664,""control"":0.494}"
2066,18,4,3,13,15,52,1,0,,TRUE,FALSE,,,,late_cut,third_point,"{""phase"":""powerplay"",""score"":""47/2"",""crr"":10.44,""rrr"":9.16,""pressure"":0.387,""xRuns"":1.316,""xWicket"":0.048,""risk"":0.667,""control"":0.429}"
2067,18,4,4,15,13,52,6,0,,TRUE,FALSE,,,,straight_drive,mid_off,"{""phase"":""powerplay"",""score"":""53/2"",""crr"":11.36,""rrr"":8.87,""pressure"":0.39,""xRuns"":1.448,""xWicket"":0.042,""risk"":0.876,""control"":0.577}"
2068,18,4,5,15,13,52,0,0,,TRUE,FALSE,,,,clip,silly_mid_wicket,"{""phase"":""powerplay"",""score"":""53/2"",""crr"":10.97,""rrr"":8.97,""pressure"":0.385,""xRuns"":1.45,""xWicket"":0.042,""risk"":0.723,""control"":0.574}"
2069,18,4,6,15,13,52,0,0,,TRUE,FALSE,,,,hook,deep_square_leg,"{""phase"":""powerplay"",""score"":""53/2"",""crr"":10.6,""rrr"":9.07,""pressure"":0.39,""xRuns"":1.448,""xWicket"":0.042,""risk"":0.726,""control"":0.526}"
2070,18,5,1,13,15,57,4,0,,TRUE,FALSE,,,,defence,short_leg,"{""phase"":""powerplay"",""score"":""57/2"",""crr"":11.03,""rrr"":8.9,""pressure"":0.396,""xRuns"":1.484,""xWicket"":0.032,""risk"":0.821,""control"":0.55}"
2071,18,5,2,13,15,57,1,0,,TRUE,FALSE,,,,upper_cut,square_leg_inside,"{""phase"":""powerplay"",""score"":""58/2"",""crr"":10.88,""rrr"":8.93,""pressure"":0.394,""xRuns"":1.485,""xWicket"":0.032,""risk"":0.67,""control"":0.556}"
2072,18,5,3,15,13,57,1,0,,TRUE,FALSE,,,,cut,mid_on_inside,"{""phase"":""powerplay"",""score"":""59/2"",""crr"":10.73,""rrr"":8.97,""pressure"":0.398,""xRuns"":1.616,""xWicket"":0.026,""risk"":0.729,""control"":0.684}"
2073,18,5,4,13,15,57,1,0,,TRUE,FALSE,,,,lofted_drive,point_inside,"{""phase"":""powerplay"",""score"":""60/2"",""crr"":10.59,""rrr"":9.0,""pressure"":0.402,""xRuns"":1.482,""xWicket"":0.032,""risk"":0.674,""control"":0.605}"
2074,18,5,5,15,13,57,4,0,,TRUE,FALSE,,,,reverse_sweep,short_leg,"{""phase"":""powerplay"",""score"":""64/2"",""crr"":10.97,""rrr"":8.82,""pressure"":0.405,""xRuns"":1.613,""xWicket"":0.026,""risk"":0.882,""control"":0.574}"
2075,18,5,6,15,13,57,1,0,,TRUE,FALSE,,,,slog,long_off,"{""phase"":""powerplay"",""score"":""65/2"",""crr"":10.83,""rrr"":8.86,""pressure"":0.403,""xRuns"":1.614,""xWicket"":0.026,""risk"":0.731,""control"":0.679}"
2076,18,6,1,15,13,55,0,0,,TRUE,FALSE,,,,straight_drive,point_inside,"{""phase"":""middle"",""score"":""65/2"",""crr"":10.54,""rrr"":8.96,""pressure"":0.407,""xRuns"":1.402,""xWicket"":0.046,""risk"":0.733,""control"":0.612}"
2077,18,6,2,15,13,55,1,0,,TRUE,FALSE,,,,scoop,fine_leg_inside,"{""phase"":""middle"",""score"":""66/2"",""crr"":10.42,""rrr"":9.0,""pressure"":0.413,""xRuns"":1.4,""xWicket"":0.047,""risk"":0.736,""control"":0.567}"
2078,18,6,3,13,15,55,2,0,,TRUE,FALSE,,,,upper_cut,silly_mid_wicket,"{""phase"":""middle"",""score"":""68/2"",""crr"":10.46,""rrr"":8.96,""pressure"":0.417,""xRuns"":1.266,""xWicket"":0.053,""risk"":0.681,""control"":0.568}"
2079,18,6,4,13,15,55,1,0,,TRUE,FALSE,,,,hook,deep_square_leg,"{""phase"":""middle"",""score"":""69/2"",""crr"":10.35,""rrr"":9.0,""pressure"":0.419,""xRuns"":1.265,""xWicket"":0.053,""risk"":0.681,""control"":0.449}"
2080,18,6,5,15,13,55,6,0,,TRUE,FALSE,,,,lofted_drive,deep_cover,"{""phase"":""middle"",""score"":""75/2"",""crr"":10.98,""rrr"":8.66,""pressure"":0.422,""xRuns"":1.396,""xWicket"":0.047,""risk"":0.89,""control"":0.526}"
2081,18,6,6,15,13,55,4,0,,TRUE,FALSE,,,,square_cut,fine_leg_inside,"{""phase"":""middle"",""score"":""79/2"",""crr"":11.29,""rrr"":8.46,""pressure"":0.416,""xRuns"":1.399,""xWicket"":0.047,""risk"":0.887,""control"":0.525}"
2082,18,7,1,13,15,59,2,0,,TRUE,FALSE,,,,lofted,short_leg,"{""phase"":""middle"",""score"":""81/2"",""crr"":11.3,""rrr"":8.42,""pressure"":0.413,""xRuns"":1.287,""xWicket"":0.051,""risk"":0.679,""control"":0.574}"
2083,18,7,2,13,15,59,0,0,,TRUE,FALSE,,,,cover_drive,silly_mid_on,"{""phase"":""middle"",""score"":""81/2"",""crr"":11.05,""rrr"":8.53,""pressure"":0.414,""xRuns"":1.286,""xWicket"":0.051,""risk"":0.679,""control"":0.44}"
2084,18,7,3,13,15,59,0,0,,TRUE,FALSE,,,,sweep,long_off,"{""phase"":""middle"",""score"":""81/2"",""crr"":10.8,""rrr"":8.64,""pressure"":0.42,""xRuns"":1.284,""xWicket"":0.051,""risk"":0.682,""control"":0.494}"
2085,18,7,4,13,15,59,1,0,,TRUE,FALSE,,,,defence,long_off,"{""phase"":""middle"",""score"":""82/2"",""crr"":10.7,""rrr"":8.68,""pressure"":0.426,""xRuns"":1.281,""xWicket"":0.051,""risk"":0.685,""control"":0.543}"
2086,18,7,5,15,13,59,1,0,,TRUE,FALSE,,,,square_cut,deep_square_leg,"{""phase"":""middle"",""score"":""83/2"",""crr"":10.6,""rrr"":8.71,""pressure"":0.43,""xRuns"":1.412,""xWicket"":0.046,""risk"":0.744,""control"":0.499}"
2087,18,7,6,13,15,59,4,0,,TRUE,FALSE,,,,cover_drive,silly_point,"{""phase"":""middle"",""score"":""87/2"",""crr"":10.88,""rrr"":8.5,""pressure"":0.434,""xRuns"":1.278,""xWicket"":0.052,""risk"":0.838,""control"":0.483}"
2088,18,8,1,15,13,54,1,0,,TRUE,FALSE,,,,cut,long_off,"{""phase"":""middle"",""score"":""88/2"",""crr"":10.78,""rrr"":8.54,""pressure"":0.431,""xRuns"":1.421,""xWicket"":0.045,""risk"":0.744,""control"":0.539}"
2089,18,8,2,13,15,54,0,0,,TRUE,FALSE,,,,cut,cover_point_inside,"{""phase"":""middle"",""score"":""88/2"",""crr"":10.56,""rrr"":8.66,""pressure"":0.435,""xRuns"":1.287,""xWicket"":0.051,""risk"":0.689,""control"":0.553}"
2090,18,8,3,13,15,54,0,0,,TRUE,FALSE,,,,clip,mid_off,"{""phase"":""middle"",""score"":""88/2"",""crr"":10.35,""rrr"":8.78,""pressure"":0.441,""xRuns"":1.284,""xWicket"":0.051,""risk"":0.691,""control"":0.45}"
2091,18,8,4,13,15,54,0,0,,TRUE,FALSE,,,,upper_cut,long_off,"{""phase"":""middle"",""score"":""88/2"",""crr"":10.15,""rrr"":8.91,""pressure"":0.447,""xRuns"":1.282,""xWicket"":0.051,""risk"":0.694,""control"":0.572}"
2092,18,8,5,13,15,54,0,0,,TRUE,FALSE,,,,late_cut,mid_off,"{""phase"":""middle"",""score"":""88/2"",""crr"":9.96,""rrr"":9.04,""pressure"":0.454,""xRuns"":1.279,""xWicket"":0.052,""risk"":0.697,""control"":0.58}"
2093,18,8,6,13,15,54,0,1,leg_bye,TRUE,FALSE,,,,clip,deep_square_leg,"{""phase"":""middle"",""score"":""89/2"",""crr"":9.89,""rrr"":9.09,""pressure"":0.46,""xRuns"":1.276,""xWicket"":0.052,""risk"":0.7,""control"":0.465}"
2094,18,9,1,13,15,53,2,0,,TRUE,FALSE,,,,straight_drive,straight_inside,"{""phase"":""middle"",""score"":""91/2"",""crr"":9.93,""rrr"":9.05,""pressure"":0.465,""xRuns"":1.274,""xWicket"":0.052,""risk"":0.702,""control"":0.426}"
2095,18,9,2,13,15,53,0,0,,TRUE,FALSE,,,,scoop,short_leg,"{""phase"":""middle"",""score"":""91/2"",""crr"":9.75,""rrr"":9.19,""pressure"":0.466,""xRuns"":1.274,""xWicket"":0.052,""risk"":0.703,""control"":0.478}"
2096,18,9,3,13,15,53,1,0,,TRUE,FALSE,,,,cover_drive,deep_square_leg,"{""phase"":""middle"",""score"":""92/2"",""crr"":9.68,""rrr"":9.24,""pressure"":0.473,""xRuns"":1.271,""xWicket"":0.053,""risk"":0.706,""control"":0.439}"
2097,18,9,4,15,13,53,0,2,bye,TRUE,FALSE,,,,clip,mid_on_area,"{""phase"":""middle"",""score"":""94/2"",""crr"":9.72,""rrr"":9.19,""pressure"":0.478,""xRuns"":1.401,""xWicket"":0.047,""risk"":0.765,""control"":0.651}"
2098,18,9,5,15,13,53,1,0,,TRUE,FALSE,,,,ramp,mid_off,"{""phase"":""middle"",""score"":""95/2"",""crr"":9.66,""rrr"":9.25,""pressure"":0.479,""xRuns"":1.401,""xWicket"":0.047,""risk"":0.766,""control"":0.544}"
2099,18,9,6,13,15,53,0,1,bye,TRUE,FALSE,,,,reverse_sweep,mid_on_area,"{""phase"":""middle"",""score"":""96/2"",""crr"":9.6,""rrr"":9.3,""pressure"":0.483,""xRuns"":1.267,""xWicket"":0.053,""risk"":0.71,""control"":0.571}"
2100,18,10,1,13,15,52,0,0,,TRUE,FALSE,,,,lofted_drive,cover_inside,"{""phase"":""middle"",""score"":""96/2"",""crr"":9.44,""rrr"":9.46,""pressure"":0.488,""xRuns"":1.274,""xWicket"":0.052,""risk"":0.712,""control"":0.479}"
2101,18,10,2,13,15,52,1,0,,TRUE,TRUE,caught,13,Arnav Suri,on_drive,silly_point,"{""phase"":""middle"",""score"":""97/2"",""crr"":9.39,""rrr"":9.52,""pressure"":0.495,""xRuns"":1.271,""xWicket"":0.053,""risk"":0.716,""control"":0.467}"
2102,18,10,3,15,2,52,2,0,,TRUE,FALSE,,,,slog,deep_extra_cover,"{""phase"":""middle"",""score"":""99/3"",""crr"":9.43,""rrr"":9.47,""pressure"":0.526,""xRuns"":1.39,""xWicket"":0.048,""risk"":0.787,""control"":0.622}"
2103,18,10,4,15,2,52,1,0,,TRUE,FALSE,,,,scoop,silly_point,"{""phase"":""middle"",""score"":""100/3"",""crr"":9.38,""rrr"":9.54,""pressure"":0.527,""xRuns"":1.39,""xWicket"":0.048,""risk"":0.787,""control"":0.62}"
2104,18,10,5,2,15,52,0,2,bye,TRUE,FALSE,,,,square_cut,straight_inside,"{""phase"":""middle"",""score"":""102/3"",""crr"":9.42,""rrr"":9.49,""pressure"":0.532,""xRuns"":1.142,""xWicket"":0.059,""risk"":0.697,""control"":0.496}"
2105,18,10,6,2,15,52,0,0,,TRUE,FALSE,,,,late_cut,point_inside,"{""phase"":""middle"",""score"":""102/3"",""crr"":9.27,""rrr"":9.67,""pressure"":0.533,""xRuns"":1.142,""xWicket"":0.059,""risk"":0.697,""control"":0.442}"
2106,18,11,1,15,2,57,6,0,,TRUE,FALSE,,,,cover_drive,long_on,"{""phase"":""middle"",""score"":""108/3"",""crr"":9.67,""rrr"":9.17,""pressure"":0.541,""xRuns"":1.556,""xWicket"":0.032,""risk"":0.943,""control"":0.655}"
2107,18,11,2,15,2,57,2,0,,TRUE,FALSE,,,,slog,mid_off,"{""phase"":""middle"",""score"":""110/3"",""crr"":9.71,""rrr"":9.12,""pressure"":0.53,""xRuns"":1.56,""xWicket"":0.032,""risk"":0.789,""control"":0.609}"
2108,18,11,3,15,2,57,0,0,,TRUE,FALSE,,,,cover_drive,silly_mid_wicket,"{""phase"":""middle"",""score"":""110/3"",""crr"":9.57,""rrr"":9.29,""pressure"":0.531,""xRuns"":1.56,""xWicket"":0.032,""risk"":0.789,""control"":0.611}"
2109,18,11,4,15,2,57,0,0,,TRUE,FALSE,,,,sweep,fine_leg,"{""phase"":""middle"",""score"":""110/3"",""crr"":9.43,""rrr"":9.48,""pressure"":0.539,""xRuns"":1.556,""xWicket"":0.032,""risk"":0.793,""control"":0.629}"
2110,18,11,5,15,2,57,0,0,,TRUE,FALSE,,,,scoop,silly_point,"{""phase"":""middle"",""score"":""110/3"",""crr"":9.3,""rrr"":9.67,""pressure"":0.547,""xRuns"":1.553,""xWicket"":0.033,""risk"":0.796,""control"":0.582}"
2111,18,11,6,15,2,57,0,1,wide,FALSE,FALSE,,,,clip,long_off,"{""phase"":""middle"",""score"":""111/3"",""crr"":9.38,""rrr"":9.55,""pressure"":0.555,""xRuns"":1.55,""xWicket"":0.006,""risk"":0.8,""control"":0.66}"
2112,18,11,6,15,2,57,1,0,,TRUE,FALSE,,,,drive,fine_leg_inside,"{""phase"":""middle"",""score"":""112/3"",""crr"":9.33,""rrr"":9.62,""pressure"":0.552,""xRuns"":1.551,""xWicket"":0.033,""risk"":0.798,""control"":0.653}"
2113,18,12,1,15,2,55,2,0,,TRUE,FALSE,,,,pull,fine_leg,"{""phase"":""middle"",""score"":""114/3"",""crr"":9.37,""rrr"":9.57,""pressure"":0.557,""xRuns"":1.339,""xWicket"":0.053,""risk"":0.801,""control"":0.589}"
2114,18,12,2,15,2,55,1,0,,TRUE,FALSE,,,,upper_cut,silly_mid_wicket,"{""phase"":""middle"",""score"":""115/3"",""crr"":9.32,""rrr"":9.65,""pressure"":0.558,""xRuns"":1.339,""xWicket"":0.053,""risk"":0.801,""control"":0.555}"
2115,18,12,3,2,15,55,0,0,,TRUE,FALSE,,,,paddle_sweep,mid_on_inside,"{""phase"":""middle"",""score"":""115/3"",""crr"":9.2,""rrr"":9.87,""pressure"":0.563,""xRuns"":1.091,""xWicket"":0.064,""risk"":0.71,""control"":0.458}"
2116,18,12,4,2,15,55,2,0,,TRUE,FALSE,,,,cover_drive,silly_mid_on,"{""phase"":""middle"",""score"":""117/3"",""crr"":9.24,""rrr"":9.82,""pressure"":0.573,""xRuns"":1.087,""xWicket"":0.064,""risk"":0.715,""control"":0.343}"
2117,18,12,5,2,15,55,0,0,,TRUE,FALSE,,,,sweep,cover_inside,"{""phase"":""middle"",""score"":""117/3"",""crr"":9.12,""rrr"":10.05,""pressure"":0.574,""xRuns"":1.086,""xWicket"":0.064,""risk"":0.715,""control"":0.362}"
2118,18,12,6,2,15,55,0,0,,TRUE,FALSE,,,,late_cut,fine_leg,"{""phase"":""middle"",""score"":""117/3"",""crr"":9.0,""rrr"":10.29,""pressure"":0.583,""xRuns"":1.082,""xWicket"":0.065,""risk"":0.719,""control"":0.387}"
2119,18,13,1,15,2,59,2,0,,TRUE,FALSE,,,,glance,square_leg_inside,"{""phase"":""middle"",""score"":""119/3"",""crr"":9.04,""rrr"":10.24,""pressure"":0.593,""xRuns"":1.343,""xWicket"":0.053,""risk"":0.817,""control"":0.601}"
2120,18,13,2,15,2,59,1,0,,TRUE,TRUE,caught,15,Yuvraj Panwar,clip,long_off,"{""phase"":""middle"",""score"":""120/3"",""crr"":9.0,""rrr"":10.35,""pressure"":0.594,""xRuns"":1.343,""xWicket"":0.053,""risk"":0.817,""control"":0.554}"
2121,18,13,3,2,12,59,0,0,,TRUE,FALSE,,,,glance,silly_mid_wicket,"{""phase"":""middle"",""score"":""120/4"",""crr"":8.89,""rrr"":10.62,""pressure"":0.626,""xRuns"":1.083,""xWicket"":0.065,""risk"":0.739,""control"":0.48}"
2122,18,13,4,2,12,59,0,0,,TRUE,FALSE,,,,on_drive,cover_point_inside,"{""phase"":""middle"",""score"":""120/4"",""crr"":8.78,""rrr"":10.89,""pressure"":0.637,""xRuns"":1.079,""xWicket"":0.065,""risk"":0.744,""control"":0.461}"
2123,18,13,5,2,12,59,0,0,,TRUE,FALSE,,,,pull,deep_square_leg,"{""phase"":""middle"",""score"":""120/4"",""crr"":8.67,""rrr"":11.19,""pressure"":0.647,""xRuns"":1.075,""xWicket"":0.066,""risk"":0.748,""control"":0.49}"
2124,18,13,6,2,12,59,3,0,,TRUE,FALSE,,,,cover_drive,long_off,"{""phase"":""middle"",""score"":""123/4"",""crr"":8.79,""rrr"":11.0,""pressure"":0.659,""xRuns"":1.07,""xWicket"":0.066,""risk"":0.754,""control"":0.403}"
2125,18,14,1,2,12,54,4,0,,TRUE,TRUE,caught,2,Pratyush Dubey,square_cut,long_off,"{""phase"":""middle"",""score"":""127/4"",""crr"":8.96,""rrr"":10.63,""pressure"":0.656,""xRuns"":1.08,""xWicket"":0.065,""risk"":0.902,""control"":0.457}"
2126,18,14,2,7,12,54,0,0,,TRUE,FALSE,,,,lofted_drive,deep_cover,"{""phase"":""middle"",""score"":""127/5"",""crr"":8.86,""rrr"":10.94,""pressure"":0.675,""xRuns"":0.361,""xWicket"":0.106,""risk"":0.661,""control"":0}"
2127,18,14,3,7,12,54,1,0,,TRUE,FALSE,,,,glance,long_on,"{""phase"":""middle"",""score"":""128/5"",""crr"":8.83,""rrr"":11.09,""pressure"":0.686,""xRuns"":0.357,""xWicket"":0.106,""risk"":0.666,""control"":0}"
2128,18,14,4,12,7,54,1,0,,TRUE,FALSE,,,,glance,point_inside,"{""phase"":""middle"",""score"":""129/5"",""crr"":8.8,""rrr"":11.25,""pressure"":0.693,""xRuns"":1.012,""xWicket"":0.073,""risk"":0.762,""control"":0.459}"
2129,18,14,5,7,12,54,1,0,,TRUE,FALSE,,,,defence,deep_cover,"{""phase"":""middle"",""score"":""130/5"",""crr"":8.76,""rrr"":11.42,""pressure"":0.701,""xRuns"":0.35,""xWicket"":0.107,""risk"":0.673,""control"":0}"
2130,18,14,6,12,7,54,0,0,,TRUE,FALSE,,,,square_cut,straight_inside,"{""phase"":""middle"",""score"":""130/5"",""crr"":8.67,""rrr"":11.8,""pressure"":0.708,""xRuns"":1.005,""xWicket"":0.074,""risk"":0.769,""control"":0.33}"
2131,18,15,1,7,12,53,4,0,,TRUE,FALSE,,,,clip,fine_leg,"{""phase"":""death"",""score"":""134/5"",""crr"":8.84,""rrr"":11.38,""pressure"":0.722,""xRuns"":0.342,""xWicket"":0.126,""risk"":0.832,""control"":0}"
2132,18,15,2,7,12,53,1,0,,TRUE,FALSE,,,,flick,long_on,"{""phase"":""death"",""score"":""135/5"",""crr"":8.8,""rrr"":11.57,""pressure"":0.713,""xRuns"":0.345,""xWicket"":0.125,""risk"":0.678,""control"":0}"
2133,18,15,3,12,7,53,1,0,,TRUE,FALSE,,,,ramp,deep_cover,"{""phase"":""death"",""score"":""136/5"",""crr"":8.77,""rrr"":11.78,""pressure"":0.721,""xRuns"":1.0,""xWicket"":0.093,""risk"":0.774,""control"":0.394}"
2134,18,15,4,7,12,53,0,0,,TRUE,FALSE,,,,lofted_drive,third_point,"{""phase"":""death"",""score"":""136/5"",""crr"":8.68,""rrr"":12.23,""pressure"":0.73,""xRuns"":0.338,""xWicket"":0.126,""risk"":0.686,""control"":0}"
2135,18,15,5,7,12,53,4,0,,TRUE,FALSE,,,,clip,silly_mid_wicket,"{""phase"":""death"",""score"":""140/5"",""crr"":8.84,""rrr"":11.76,""pressure"":0.746,""xRuns"":0.332,""xWicket"":0.127,""risk"":0.843,""control"":0}"
2136,18,15,6,7,12,53,0,2,bye,TRUE,FALSE,,,,upper_cut,square_leg_inside,"{""phase"":""death"",""score"":""142/5"",""crr"":8.88,""rrr"":11.75,""pressure"":0.735,""xRuns"":0.336,""xWicket"":0.126,""risk"":0.688,""control"":0}"
2137,18,16,1,12,7,59,6,0,,TRUE,FALSE,,,,late_cut,mid_off,"{""phase"":""death"",""score"":""148/5"",""crr"":9.15,""rrr"":10.7,""pressure"":0.738,""xRuns"":0.983,""xWicket"":0.094,""risk"":0.932,""control"":0.342}"
2138,18,16,2,12,7,59,0,0,,TRUE,FALSE,,,,late_cut,short_leg,"{""phase"":""death"",""score"":""148/5"",""crr"":9.06,""rrr"":11.18,""pressure"":0.711,""xRuns"":0.994,""xWicket"":0.093,""risk"":0.77,""control"":0.445}"
2139,18,16,3,12,7,59,2,0,,TRUE,FALSE,,,,pull,silly_mid_on,"{""phase"":""death"",""score"":""150/5"",""crr"":9.09,""rrr"":11.14,""pressure"":0.727,""xRuns"":0.988,""xWicket"":0.094,""risk"":0.777,""control"":0.348}"
2140,18,16,4,12,7,59,0,0,,TRUE,FALSE,,,,sweep,silly_mid_on,"{""phase"":""death"",""score"":""150/5"",""crr"":9.0,""rrr"":11.7,""pressure"":0.729,""xRuns"":0.987,""xWicket"":0.094,""risk"":0.778,""control"":0.384}"
2141,18,16,5,12,7,59,1,0,,TRUE,TRUE,bowled,12,,lofted,deep_square_leg,"{""phase"":""death"",""score"":""151/5"",""crr"":8.97,""rrr"":12.0,""pressure"":0.748,""xRuns"":0.979,""xWicket"":0.095,""risk"":0.787,""control"":0.337}"
2142,18,16,6,7,9,59,0,0,,TRUE,FALSE,,,,pull,deep_extra_cover,"{""phase"":""death"",""score"":""151/6"",""crr"":8.88,""rrr"":12.67,""pressure"":0.785,""xRuns"":0.306,""xWicket"":0.129,""risk"":0.71,""control"":0}"
2143,18,17,1,9,7,57,1,0,,TRUE,FALSE,,,,on_drive,silly_mid_on,"{""phase"":""death"",""score"":""152/6"",""crr"":8.85,""rrr"":13.06,""pressure"":0.807,""xRuns"":0.861,""xWicket"":0.111,""risk"":0.906,""control"":0.111}"
2144,18,17,2,7,9,57,2,0,,TRUE,FALSE,,,,reverse_sweep,mid_on_inside,"{""phase"":""death"",""score"":""154/6"",""crr"":8.88,""rrr"":13.12,""pressure"":0.821,""xRuns"":0.481,""xWicket"":0.113,""risk"":0.727,""control"":0.043}"
2145,18,17,3,7,9,57,1,0,,TRUE,FALSE,,,,drive,silly_mid_wicket,"{""phase"":""death"",""score"":""155/6"",""crr"":8.86,""rrr"":13.6,""pressure"":0.826,""xRuns"":0.479,""xWicket"":0.113,""risk"":0.729,""control"":0}"
2146,18,17,4,9,7,57,1,0,,TRUE,FALSE,,,,cut,deep_cover,"{""phase"":""death"",""score"":""156/6"",""crr"":8.83,""rrr"":14.14,""pressure"":0.842,""xRuns"":0.846,""xWicket"":0.113,""risk"":0.922,""control"":0.113}"
2147,18,17,5,7,9,57,1,0,,TRUE,FALSE,,,,upper_cut,short_leg,"{""phase"":""death"",""score"":""157/6"",""crr"":8.8,""rrr"":14.77,""pressure"":0.856,""xRuns"":0.466,""xWicket"":0.114,""risk"":0.742,""control"":0.035}"
2148,18,17,6,9,7,57,4,0,,TRUE,FALSE,,,,paddle_sweep,fine_leg_inside,"{""phase"":""death"",""score"":""161/6"",""crr"":8.94,""rrr"":14.0,""pressure"":0.859,""xRuns"":0.839,""xWicket"":0.114,""risk"":1,""control"":0.175}"
2149,18,18,1,7,9,57,2,0,,TRUE,FALSE,,,,glance,deep_cover,"{""phase"":""death"",""score"":""163/6"",""crr"":8.97,""rrr"":14.18,""pressure"":0.862,""xRuns"":0.464,""xWicket"":0.115,""risk"":0.745,""control"":0}"
2150,18,18,2,7,9,57,2,0,,TRUE,FALSE,,,,flick,short_leg,"{""phase"":""death"",""score"":""165/6"",""crr"":9.0,""rrr"":14.4,""pressure"":0.865,""xRuns"":0.463,""xWicket"":0.115,""risk"":0.746,""control"":0}"
2151,18,18,3,7,9,57,0,0,,TRUE,FALSE,,,,late_cut,long_off,"{""phase"":""death"",""score"":""165/6"",""crr"":8.92,""rrr"":16.0,""pressure"":0.868,""xRuns"":0.461,""xWicket"":0.115,""risk"":0.748,""control"":0}"
2152,18,18,4,7,9,57,2,0,,TRUE,FALSE,,,,defence,fine_leg_inside,"{""phase"":""death"",""score"":""167/6"",""crr"":8.95,""rrr"":16.5,""pressure"":0.871,""xRuns"":0.46,""xWicket"":0.115,""risk"":0.749,""control"":0.013}"
2153,18,18,5,7,9,57,1,0,,TRUE,FALSE,,,,lofted_drive,square_leg_inside,"{""phase"":""death"",""score"":""168/6"",""crr"":8.92,""rrr"":18.0,""pressure"":0.873,""xRuns"":0.459,""xWicket"":0.115,""risk"":0.75,""control"":0}"
2154,18,18,6,9,7,57,1,0,,TRUE,FALSE,,,,hook,long_on,"{""phase"":""death"",""score"":""169/6"",""crr"":8.89,""rrr"":20.0,""pressure"":0.876,""xRuns"":0.832,""xWicket"":0.114,""risk"":0.937,""control"":0.197}"
2155,18,19,1,9,7,52,2,0,,TRUE,FALSE,,,,clip,cover_inside,"{""phase"":""death"",""score"":""171/6"",""crr"":8.92,""rrr"":21.6,""pressure"":0.879,""xRuns"":0.659,""xWicket"":0.131,""risk"":0.938,""control"":0.053}"
2156,18,19,2,9,7,52,0,0,,TRUE,TRUE,caught,9,Hriday Vohra,glance,long_off,"{""phase"":""death"",""score"":""171/6"",""crr"":8.84,""rrr"":27.0,""pressure"":0.882,""xRuns"":0.658,""xWicket"":0.131,""risk"":0.94,""control"":0.009}"
2157,18,19,3,14,7,52,4,0,,TRUE,FALSE,,,,paddle_sweep,cover_inside,"{""phase"":""death"",""score"":""175/7"",""crr"":8.97,""rrr"":28.0,""pressure"":0.911,""xRuns"":0.354,""xWicket"":0.146,""risk"":1,""control"":0}"
2158,18,19,4,14,7,52,6,0,,TRUE,FALSE,,,,upper_cut,fine_leg_inside,"{""phase"":""death"",""score"":""181/7"",""crr"":9.2,""rrr"":24.0,""pressure"":0.914,""xRuns"":0.353,""xWicket"":0.146,""risk"":1,""control"":0}"
2159,18,19,5,14,7,52,1,0,,TRUE,FALSE,,,,paddle_sweep,long_off,"{""phase"":""death"",""score"":""182/7"",""crr"":9.18,""rrr"":42.0,""pressure"":0.916,""xRuns"":0.352,""xWicket"":0.147,""risk"":0.891,""control"":0}"
2160,18,19,6,7,14,52,1,0,,TRUE,TRUE,lbw,7,,sweep,fine_leg,"{""phase"":""death"",""score"":""183/7"",""crr"":9.15,""rrr"":36.0,""pressure"":0.919,""xRuns"":0.268,""xWicket"":0.134,""risk"":0.771,""control"":0}"
2161,19,0,1,36,31,29,4,0,,TRUE,FALSE,,,,reverse_sweep,square_leg_inside,"{""phase"":""powerplay"",""score"":""4/0"",""crr"":24.0,""rrr"":"""",""pressure"":0.0,""xRuns"":1.391,""xWicket"":0.023,""risk"":0.529,""control"":0.593}"
2162,19,0,2,36,31,29,0,0,,TRUE,FALSE,,,,pull,mid_on_inside,"{""phase"":""powerplay"",""score"":""4/0"",""crr"":12.0,""rrr"":"""",""pressure"":0.003,""xRuns"":1.39,""xWicket"":0.023,""risk"":0.38,""control"":0.577}"
2163,19,0,3,36,31,29,2,0,,TRUE,FALSE,,,,drive,fine_leg_inside,"{""phase"":""powerplay"",""score"":""6/0"",""crr"":12.0,""rrr"":"""",""pressure"":0.006,""xRuns"":1.388,""xWicket"":0.023,""risk"":0.381,""control"":0.438}"
2164,19,0,4,36,31,29,2,0,,TRUE,FALSE,,,,cut,deep_square_leg,"{""phase"":""powerplay"",""score"":""8/0"",""crr"":12.0,""rrr"":"""",""pressure"":0.009,""xRuns"":1.387,""xWicket"":0.024,""risk"":0.383,""control"":0.451}"
2165,19,0,5,36,31,29,0,1,leg_bye,TRUE,FALSE,,,,on_drive,mid_on_inside,"{""phase"":""powerplay"",""score"":""9/0"",""crr"":10.8,""rrr"":"""",""pressure"":0.011,""xRuns"":1.386,""xWicket"":0.024,""risk"":0.384,""control"":0.44}"
2166,19,0,6,31,36,29,0,0,,TRUE,FALSE,,,,defence,cover_inside,"{""phase"":""powerplay"",""score"":""9/0"",""crr"":9.0,""rrr"":"""",""pressure"":0.014,""xRuns"":1.549,""xWicket"":0.032,""risk"":0.599,""control"":0.576}"
2167,19,1,1,36,31,22,2,0,,TRUE,FALSE,,,,drive,cover_point_inside,"{""phase"":""powerplay"",""score"":""11/0"",""crr"":9.43,""rrr"":"""",""pressure"":0.017,""xRuns"":1.46,""xWicket"":0.017,""risk"":0.386,""control"":0.49}"
2168,19,1,2,36,31,22,1,0,,TRUE,FALSE,,,,flick,fine_leg,"{""phase"":""powerplay"",""score"":""12/0"",""crr"":9.0,""rrr"":"""",""pressure"":0.02,""xRuns"":1.459,""xWicket"":0.017,""risk"":0.388,""control"":0.618}"
2169,19,1,3,31,36,22,1,0,,TRUE,FALSE,,,,defence,point_inside,"{""phase"":""powerplay"",""score"":""13/0"",""crr"":8.67,""rrr"":"""",""pressure"":0.023,""xRuns"":1.621,""xWicket"":0.025,""risk"":0.603,""control"":0.51}"
2170,19,1,4,36,31,22,0,0,,TRUE,FALSE,,,,cut,silly_mid_on,"{""phase"":""powerplay"",""score"":""13/0"",""crr"":7.8,""rrr"":"""",""pressure"":0.026,""xRuns"":1.456,""xWicket"":0.017,""risk"":0.39,""control"":0.474}"
2171,19,1,5,36,31,22,0,1,bye,TRUE,FALSE,,,,scoop,fine_leg,"{""phase"":""powerplay"",""score"":""14/0"",""crr"":7.64,""rrr"":"""",""pressure"":0.028,""xRuns"":1.455,""xWicket"":0.017,""risk"":0.391,""control"":0.518}"
2172,19,1,6,31,36,22,4,0,,TRUE,FALSE,,,,drive,mid_off,"{""phase"":""powerplay"",""score"":""18/0"",""crr"":9.0,""rrr"":"""",""pressure"":0.031,""xRuns"":1.618,""xWicket"":0.025,""risk"":0.757,""control"":0.503}"
2173,19,2,1,36,31,24,1,0,,TRUE,FALSE,,,,square_cut,square_leg_inside,"{""phase"":""powerplay"",""score"":""19/0"",""crr"":8.77,""rrr"":"""",""pressure"":0.034,""xRuns"":1.453,""xWicket"":0.017,""risk"":0.394,""control"":0.489}"
2174,19,2,2,31,36,24,1,0,,TRUE,FALSE,,,,paddle_sweep,square_leg_inside,"{""phase"":""powerplay"",""score"":""20/0"",""crr"":8.57,""rrr"":"""",""pressure"":0.037,""xRuns"":1.615,""xWicket"":0.026,""risk"":0.61,""control"":0.477}"
2175,19,2,3,36,31,24,2,0,,TRUE,FALSE,,,,lofted,straight_inside,"{""phase"":""powerplay"",""score"":""22/0"",""crr"":8.8,""rrr"":"""",""pressure"":0.04,""xRuns"":1.45,""xWicket"":0.018,""risk"":0.397,""control"":0.523}"
2176,19,2,4,36,31,24,4,0,,TRUE,FALSE,,,,cover_drive,deep_cover,"{""phase"":""powerplay"",""score"":""26/0"",""crr"":9.75,""rrr"":"""",""pressure"":0.043,""xRuns"":1.449,""xWicket"":0.018,""risk"":0.548,""control"":0.483}"
2177,19,2,5,36,31,24,2,0,,TRUE,FALSE,,,,clip,deep_square_leg,"{""phase"":""powerplay"",""score"":""28/0"",""crr"":9.88,""rrr"":"""",""pressure"":0.045,""xRuns"":1.448,""xWicket"":0.018,""risk"":0.399,""control"":0.585}"
2178,19,2,6,36,31,24,1,0,,TRUE,FALSE,,,,straight_drive,silly_point,"{""phase"":""powerplay"",""score"":""29/0"",""crr"":9.67,""rrr"":"""",""pressure"":0.048,""xRuns"":1.447,""xWicket"":0.018,""risk"":0.4,""control"":0.6}"
2179,19,3,1,36,31,23,1,0,,TRUE,FALSE,,,,late_cut,deep_extra_cover,"{""phase"":""powerplay"",""score"":""30/0"",""crr"":9.47,""rrr"":"""",""pressure"":0.051,""xRuns"":1.465,""xWicket"":0.016,""risk"":0.402,""control"":0.528}"
2180,19,3,2,31,36,23,1,0,,TRUE,FALSE,,,,sweep,point_inside,"{""phase"":""powerplay"",""score"":""31/0"",""crr"":9.3,""rrr"":"""",""pressure"":0.054,""xRuns"":1.627,""xWicket"":0.025,""risk"":0.617,""control"":0.486}"
2181,19,3,3,36,31,23,4,0,,TRUE,FALSE,,,,square_cut,long_on,"{""phase"":""powerplay"",""score"":""35/0"",""crr"":10.0,""rrr"":"""",""pressure"":0.057,""xRuns"":1.462,""xWicket"":0.017,""risk"":0.554,""control"":0.561}"
2182,19,3,4,36,31,23,0,0,,TRUE,FALSE,,,,lofted_drive,third_point,"{""phase"":""powerplay"",""score"":""35/0"",""crr"":9.55,""rrr"":"""",""pressure"":0.059,""xRuns"":1.461,""xWicket"":0.017,""risk"":0.405,""control"":0.617}"
2183,19,3,5,36,31,23,0,0,,TRUE,FALSE,,,,scoop,long_on,"{""phase"":""powerplay"",""score"":""35/0"",""crr"":9.13,""rrr"":"""",""pressure"":0.062,""xRuns"":1.46,""xWicket"":0.017,""risk"":0.406,""control"":0.607}"
2184,19,3,6,36,31,23,1,0,,TRUE,FALSE,,,,lofted_drive,fine_leg_inside,"{""phase"":""powerplay"",""score"":""36/0"",""crr"":9.0,""rrr"":"""",""pressure"":0.065,""xRuns"":1.459,""xWicket"":0.017,""risk"":0.408,""control"":0.614}"
2185,19,4,1,36,31,25,1,0,,TRUE,FALSE,,,,glance,silly_point,"{""phase"":""powerplay"",""score"":""37/0"",""crr"":8.88,""rrr"":"""",""pressure"":0.068,""xRuns"":1.467,""xWicket"":0.016,""risk"":0.409,""control"":0.536}"
2186,19,4,2,31,36,25,1,0,,TRUE,FALSE,,,,drive,deep_cover,"{""phase"":""powerplay"",""score"":""38/0"",""crr"":8.77,""rrr"":"""",""pressure"":0.071,""xRuns"":1.63,""xWicket"":0.024,""risk"":0.625,""control"":0.504}"
2187,19,4,3,36,31,25,1,0,,TRUE,FALSE,,,,hook,deep_cover,"{""phase"":""powerplay"",""score"":""39/0"",""crr"":8.67,""rrr"":"""",""pressure"":0.074,""xRuns"":1.464,""xWicket"":0.017,""risk"":0.412,""control"":0.541}"
2188,19,4,4,31,36,25,0,0,,TRUE,FALSE,,,,lofted_drive,fine_leg_inside,"{""phase"":""powerplay"",""score"":""39/0"",""crr"":8.36,""rrr"":"""",""pressure"":0.077,""xRuns"":1.627,""xWicket"":0.025,""risk"":0.628,""control"":0.583}"
2189,19,4,5,31,36,25,1,0,,TRUE,FALSE,,,,straight_drive,cover_point_inside,"{""phase"":""powerplay"",""score"":""40/0"",""crr"":8.28,""rrr"":"""",""pressure"":0.079,""xRuns"":1.626,""xWicket"":0.025,""risk"":0.628,""control"":0.588}"
2190,19,4,6,36,31,25,0,0,,TRUE,FALSE,,,,cut,silly_point,"{""phase"":""powerplay"",""score"":""40/0"",""crr"":8.0,""rrr"":"""",""pressure"":0.082,""xRuns"":1.461,""xWicket"":0.017,""risk"":0.415,""control"":0.589}"
2191,19,5,1,31,36,29,1,0,,TRUE,FALSE,,,,paddle_sweep,long_off,"{""phase"":""powerplay"",""score"":""41/0"",""crr"":7.94,""rrr"":"""",""pressure"":0.085,""xRuns"":1.519,""xWicket"":0.035,""risk"":0.631,""control"":0.496}"
2192,19,5,2,36,31,29,1,0,,TRUE,FALSE,,,,straight_drive,cover_point_inside,"{""phase"":""powerplay"",""score"":""42/0"",""crr"":7.88,""rrr"":"""",""pressure"":0.088,""xRuns"":1.354,""xWicket"":0.027,""risk"":0.418,""control"":0.461}"
2193,19,5,3,31,36,29,0,0,,TRUE,FALSE,,,,lofted_drive,deep_cover,"{""phase"":""powerplay"",""score"":""42/0"",""crr"":7.64,""rrr"":"""",""pressure"":0.091,""xRuns"":1.517,""xWicket"":0.035,""risk"":0.634,""control"":0.523}"
2194,19,5,4,31,36,29,1,0,,TRUE,FALSE,,,,flick,fine_leg_inside,"{""phase"":""powerplay"",""score"":""43/0"",""crr"":7.59,""rrr"":"""",""pressure"":0.094,""xRuns"":1.515,""xWicket"":0.035,""risk"":0.635,""control"":0.423}"
2195,19,5,5,36,31,29,1,0,,TRUE,FALSE,,,,hook,third_point,"{""phase"":""powerplay"",""score"":""44/0"",""crr"":7.54,""rrr"":"""",""pressure"":0.096,""xRuns"":1.35,""xWicket"":0.028,""risk"":0.422,""control"":0.455}"
2196,19,5,6,31,36,29,0,0,,TRUE,FALSE,,,,pull,deep_cover,"{""phase"":""powerplay"",""score"":""44/0"",""crr"":7.33,""rrr"":"""",""pressure"":0.099,""xRuns"":1.513,""xWicket"":0.036,""risk"":0.637,""control"":0.506}"
2197,19,6,1,36,31,22,1,0,,TRUE,FALSE,,,,hook,cover_inside,"{""phase"":""middle"",""score"":""45/0"",""crr"":7.3,""rrr"":"""",""pressure"":0.102,""xRuns"":1.424,""xWicket"":0.021,""risk"":0.424,""control"":0.576}"
2198,19,6,2,31,36,22,0,0,,TRUE,FALSE,,,,hook,deep_cover,"{""phase"":""middle"",""score"":""45/0"",""crr"":7.11,""rrr"":"""",""pressure"":0.105,""xRuns"":1.587,""xWicket"":0.029,""risk"":0.64,""control"":0.593}"
2199,19,6,3,31,36,22,1,0,,TRUE,FALSE,,,,drive,cover_inside,"{""phase"":""middle"",""score"":""46/0"",""crr"":7.08,""rrr"":"""",""pressure"":0.108,""xRuns"":1.586,""xWicket"":0.029,""risk"":0.641,""control"":0.585}"
2200,19,6,4,36,31,22,4,0,,TRUE,FALSE,,,,drive,mid_on_inside,"{""phase"":""middle"",""score"":""50/0"",""crr"":7.5,""rrr"":"""",""pressure"":0.111,""xRuns"":1.42,""xWicket"":0.021,""risk"":0.579,""control"":0.592}"
2201,19,6,5,36,31,22,1,0,,TRUE,FALSE,,,,flick,long_on,"{""phase"":""middle"",""score"":""51/0"",""crr"":7.46,""rrr"":"""",""pressure"":0.113,""xRuns"":1.42,""xWicket"":0.021,""risk"":0.429,""control"":0.565}"
2202,19,6,6,31,36,22,0,0,,TRUE,FALSE,,,,ramp,cover_point_inside,"{""phase"":""middle"",""score"":""51/0"",""crr"":7.29,""rrr"":"""",""pressure"":0.116,""xRuns"":1.582,""xWicket"":0.029,""risk"":0.645,""control"":0.567}"
2203,19,7,1,36,31,24,0,0,,TRUE,FALSE,,,,on_drive,square_leg_inside,"{""phase"":""middle"",""score"":""51/0"",""crr"":7.12,""rrr"":"""",""pressure"":0.119,""xRuns"":1.417,""xWicket"":0.021,""risk"":0.432,""control"":0.491}"
2204,19,7,2,36,31,24,1,0,,TRUE,FALSE,,,,cut,deep_square_leg,"{""phase"":""middle"",""score"":""52/0"",""crr"":7.09,""rrr"":"""",""pressure"":0.122,""xRuns"":1.416,""xWicket"":0.021,""risk"":0.433,""control"":0.567}"
2205,19,7,3,31,36,24,6,0,,TRUE,FALSE,,,,cut,third_point,"{""phase"":""middle"",""score"":""58/0"",""crr"":7.73,""rrr"":"""",""pressure"":0.125,""xRuns"":1.578,""xWicket"":0.03,""risk"":0.799,""control"":0.527}"
2206,19,7,4,31,36,24,0,0,,TRUE,FALSE,,,,late_cut,straight_inside,"{""phase"":""middle"",""score"":""58/0"",""crr"":7.57,""rrr"":"""",""pressure"":0.128,""xRuns"":1.577,""xWicket"":0.03,""risk"":0.65,""control"":0.551}"
2207,19,7,5,31,36,24,0,0,,TRUE,FALSE,,,,scoop,third_point,"{""phase"":""middle"",""score"":""58/0"",""crr"":7.4,""rrr"":"""",""pressure"":0.13,""xRuns"":1.576,""xWicket"":0.03,""risk"":0.651,""control"":0.453}"
2208,19,7,6,31,36,24,1,1,no_ball,FALSE,FALSE,,,,hook,cover_point_inside,"{""phase"":""middle"",""score"":""60/0"",""crr"":7.66,""rrr"":"""",""pressure"":0.133,""xRuns"":1.575,""xWicket"":0.006,""risk"":0.653,""control"":0.549}"
2209,19,7,6,36,31,24,1,0,,TRUE,FALSE,,,,scoop,cover_point_inside,"{""phase"":""middle"",""score"":""61/0"",""crr"":7.62,""rrr"":"""",""pressure"":0.133,""xRuns"":1.411,""xWicket"":0.022,""risk"":0.438,""control"":0.624}"
2210,19,8,1,36,31,23,1,0,,TRUE,FALSE,,,,scoop,silly_mid_wicket,"{""phase"":""middle"",""score"":""62/0"",""crr"":7.59,""rrr"":"""",""pressure"":0.136,""xRuns"":1.429,""xWicket"":0.02,""risk"":0.44,""control"":0.499}"
2211,19,8,2,31,36,23,0,0,,TRUE,FALSE,,,,scoop,mid_on_area,"{""phase"":""middle"",""score"":""62/0"",""crr"":7.44,""rrr"":"""",""pressure"":0.139,""xRuns"":1.592,""xWicket"":0.028,""risk"":0.655,""control"":0.615}"
2212,19,8,3,31,36,23,0,2,bye,TRUE,FALSE,,,,defence,mid_off,"{""phase"":""middle"",""score"":""64/0"",""crr"":7.53,""rrr"":"""",""pressure"":0.142,""xRuns"":1.59,""xWicket"":0.029,""risk"":0.657,""control"":0.517}"
2213,19,8,4,31,36,23,2,0,,TRUE,FALSE,,,,pull,fine_leg,"{""phase"":""middle"",""score"":""66/0"",""crr"":7.62,""rrr"":"""",""pressure"":0.145,""xRuns"":1.589,""xWicket"":0.029,""risk"":0.658,""control"":0.518}"
2214,19,8,5,31,36,23,0,0,,TRUE,FALSE,,,,cut,straight_inside,"{""phase"":""middle"",""score"":""66/0"",""crr"":7.47,""rrr"":"""",""pressure"":0.147,""xRuns"":1.588,""xWicket"":0.029,""risk"":0.659,""control"":0.611}"
2215,19,8,6,31,36,23,2,0,,TRUE,FALSE,,,,drive,short_leg,"{""phase"":""middle"",""score"":""68/0"",""crr"":7.56,""rrr"":"""",""pressure"":0.15,""xRuns"":1.587,""xWicket"":0.029,""risk"":0.66,""control"":0.53}"
2216,19,9,1,36,31,25,0,0,,TRUE,FALSE,,,,late_cut,third_point,"{""phase"":""middle"",""score"":""68/0"",""crr"":7.42,""rrr"":"""",""pressure"":0.153,""xRuns"":1.431,""xWicket"":0.02,""risk"":0.447,""control"":0.496}"
2217,19,9,2,36,31,25,2,0,,TRUE,FALSE,,,,slog,mid_on_inside,"{""phase"":""middle"",""score"":""70/0"",""crr"":7.5,""rrr"":"""",""pressure"":0.156,""xRuns"":1.43,""xWicket"":0.02,""risk"":0.449,""control"":0.492}"
2218,19,9,3,36,31,25,2,0,,TRUE,FALSE,,,,reverse_sweep,deep_square_leg,"{""phase"":""middle"",""score"":""72/0"",""crr"":7.58,""rrr"":"""",""pressure"":0.159,""xRuns"":1.429,""xWicket"":0.02,""risk"":0.45,""control"":0.53}"
2219,19,9,4,36,31,25,2,0,,TRUE,FALSE,,,,hook,mid_off,"{""phase"":""middle"",""score"":""74/0"",""crr"":7.66,""rrr"":"""",""pressure"":0.162,""xRuns"":1.427,""xWicket"":0.021,""risk"":0.451,""control"":0.595}"
2220,19,9,5,36,31,25,0,0,,TRUE,FALSE,,,,straight_drive,silly_point,"{""phase"":""middle"",""score"":""74/0"",""crr"":7.53,""rrr"":"""",""pressure"":0.164,""xRuns"":1.427,""xWicket"":0.021,""risk"":0.452,""control"":0.614}"
2221,19,9,6,36,31,25,1,0,,TRUE,FALSE,,,,cut,deep_extra_cover,"{""phase"":""middle"",""score"":""75/0"",""crr"":7.5,""rrr"":"""",""pressure"":0.167,""xRuns"":1.425,""xWicket"":0.021,""risk"":0.454,""control"":0.577}"
2222,19,10,1,36,31,29,0,0,,TRUE,FALSE,,,,reverse_sweep,fine_leg,"{""phase"":""middle"",""score"":""75/0"",""crr"":7.38,""rrr"":"""",""pressure"":0.17,""xRuns"":1.319,""xWicket"":0.031,""risk"":0.455,""control"":0.48}"
2223,19,10,2,36,31,29,0,1,leg_bye,TRUE,FALSE,,,,upper_cut,fine_leg_inside,"{""phase"":""middle"",""score"":""76/0"",""crr"":7.35,""rrr"":"""",""pressure"":0.173,""xRuns"":1.318,""xWicket"":0.031,""risk"":0.456,""control"":0.574}"
2224,19,10,3,31,36,29,0,0,,TRUE,FALSE,,,,on_drive,straight_inside,"{""phase"":""middle"",""score"":""76/0"",""crr"":7.24,""rrr"":"""",""pressure"":0.176,""xRuns"":1.481,""xWicket"":0.039,""risk"":0.672,""control"":0.468}"
2225,19,10,4,31,36,29,0,0,,TRUE,FALSE,,,,sweep,short_leg,"{""phase"":""middle"",""score"":""76/0"",""crr"":7.12,""rrr"":"""",""pressure"":0.179,""xRuns"":1.48,""xWicket"":0.039,""risk"":0.673,""control"":0.457}"
2226,19,10,5,31,36,29,0,0,,TRUE,FALSE,,,,on_drive,cover_inside,"{""phase"":""middle"",""score"":""76/0"",""crr"":7.02,""rrr"":"""",""pressure"":0.181,""xRuns"":1.479,""xWicket"":0.039,""risk"":0.674,""control"":0.47}"
2227,19,10,6,31,36,29,1,0,,TRUE,FALSE,,,,scoop,straight_inside,"{""phase"":""middle"",""score"":""77/0"",""crr"":7.0,""rrr"":"""",""pressure"":0.184,""xRuns"":1.477,""xWicket"":0.04,""risk"":0.676,""control"":0.508}"
2228,19,11,1,31,36,22,0,0,,TRUE,FALSE,,,,pull,long_off,"{""phase"":""middle"",""score"":""77/0"",""crr"":6.9,""rrr"":"""",""pressure"":0.187,""xRuns"":1.552,""xWicket"":0.032,""risk"":0.677,""control"":0.544}"
2229,19,11,2,31,36,22,0,0,,TRUE,FALSE,,,,paddle_sweep,deep_extra_cover,"{""phase"":""middle"",""score"":""77/0"",""crr"":6.79,""rrr"":"""",""pressure"":0.19,""xRuns"":1.551,""xWicket"":0.033,""risk"":0.678,""control"":0.532}"
2230,19,11,3,31,36,22,1,0,,TRUE,FALSE,,,,hook,long_off,"{""phase"":""middle"",""score"":""78/0"",""crr"":6.78,""rrr"":"""",""pressure"":0.193,""xRuns"":1.55,""xWicket"":0.033,""risk"":0.68,""control"":0.497}"
2231,19,11,4,36,31,22,4,0,,TRUE,FALSE,,,,clip,silly_mid_on,"{""phase"":""middle"",""score"":""82/0"",""crr"":7.03,""rrr"":"""",""pressure"":0.196,""xRuns"":1.385,""xWicket"":0.025,""risk"":0.617,""control"":0.551}"
2232,19,11,5,36,31,22,0,0,,TRUE,FALSE,,,,reverse_sweep,short_leg,"{""phase"":""middle"",""score"":""82/0"",""crr"":6.93,""rrr"":"""",""pressure"":0.198,""xRuns"":1.384,""xWicket"":0.025,""risk"":0.468,""control"":0.597}"
2233,19,11,6,36,31,22,0,0,,TRUE,FALSE,,,,pull,short_leg,"{""phase"":""middle"",""score"":""82/0"",""crr"":6.83,""rrr"":"""",""pressure"":0.201,""xRuns"":1.383,""xWicket"":0.025,""risk"":0.469,""control"":0.515}"
2234,19,12,1,31,36,24,4,0,,TRUE,FALSE,,,,ramp,long_on,"{""phase"":""middle"",""score"":""86/0"",""crr"":7.07,""rrr"":"""",""pressure"":0.204,""xRuns"":1.545,""xWicket"":0.033,""risk"":0.835,""control"":0.55}"
2235,19,12,2,31,36,24,4,0,,TRUE,FALSE,,,,upper_cut,cover_inside,"{""phase"":""middle"",""score"":""90/0"",""crr"":7.3,""rrr"":"""",""pressure"":0.207,""xRuns"":1.544,""xWicket"":0.033,""risk"":0.836,""control"":0.551}"
2236,19,12,3,31,36,24,2,0,,TRUE,FALSE,,,,square_cut,mid_on_inside,"{""phase"":""middle"",""score"":""92/0"",""crr"":7.36,""rrr"":"""",""pressure"":0.21,""xRuns"":1.543,""xWicket"":0.033,""risk"":0.687,""control"":0.541}"
2237,19,12,4,31,36,24,4,0,,TRUE,FALSE,,,,pull,straight_inside,"{""phase"":""middle"",""score"":""96/0"",""crr"":7.58,""rrr"":"""",""pressure"":0.213,""xRuns"":1.541,""xWicket"":0.034,""risk"":0.839,""control"":0.477}"
2238,19,12,5,31,36,24,1,0,,TRUE,FALSE,,,,ramp,silly_mid_on,"{""phase"":""middle"",""score"":""97/0"",""crr"":7.56,""rrr"":"""",""pressure"":0.215,""xRuns"":1.541,""xWicket"":0.034,""risk"":0.69,""control"":0.497}"
2239,19,12,6,36,31,24,0,0,,TRUE,FALSE,,,,straight_drive,fine_leg,"{""phase"":""middle"",""score"":""97/0"",""crr"":7.46,""rrr"":"""",""pressure"":0.218,""xRuns"":1.375,""xWicket"":0.026,""risk"":0.477,""control"":0.625}"
2240,19,13,1,31,36,23,1,0,,TRUE,FALSE,,,,glance,deep_extra_cover,"{""phase"":""middle"",""score"":""98/0"",""crr"":7.44,""rrr"":"""",""pressure"":0.221,""xRuns"":1.557,""xWicket"":0.032,""risk"":0.692,""control"":0.547}"
2241,19,13,2,36,31,23,0,0,,TRUE,FALSE,,,,pull,deep_extra_cover,"{""phase"":""middle"",""score"":""98/0"",""crr"":7.35,""rrr"":"""",""pressure"":0.224,""xRuns"":1.392,""xWicket"":0.024,""risk"":0.479,""control"":0.545}"
2242,19,13,3,36,31,23,0,1,bye,TRUE,FALSE,,,,cover_drive,deep_square_leg,"{""phase"":""middle"",""score"":""99/0"",""crr"":7.33,""rrr"":"""",""pressure"":0.227,""xRuns"":1.391,""xWicket"":0.024,""risk"":0.481,""control"":0.618}"
2243,19,13,4,31,36,23,4,0,,TRUE,FALSE,,,,paddle_sweep,short_leg,"{""phase"":""middle"",""score"":""103/0"",""crr"":7.54,""rrr"":"""",""pressure"":0.23,""xRuns"":1.553,""xWicket"":0.032,""risk"":0.846,""control"":0.589}"
2244,19,13,5,31,36,23,4,0,,TRUE,FALSE,,,,sweep,deep_extra_cover,"{""phase"":""middle"",""score"":""107/0"",""crr"":7.73,""rrr"":"""",""pressure"":0.232,""xRuns"":1.553,""xWicket"":0.033,""risk"":0.847,""control"":0.475}"
2245,19,13,6,31,36,23,0,0,,TRUE,FALSE,,,,cut,square_leg_inside,"{""phase"":""middle"",""score"":""107/0"",""crr"":7.64,""rrr"":"""",""pressure"":0.235,""xRuns"":1.551,""xWicket"":0.033,""risk"":0.699,""control"":0.534}"
2246,19,14,1,36,31,25,2,0,,TRUE,FALSE,,,,glance,mid_on_area,"{""phase"":""middle"",""score"":""109/0"",""crr"":7.69,""rrr"":"""",""pressure"":0.238,""xRuns"":1.396,""xWicket"":0.024,""risk"":0.486,""control"":0.506}"
2247,19,14,2,36,31,25,0,0,,TRUE,FALSE,,,,pull,silly_mid_on,"{""phase"":""middle"",""score"":""109/0"",""crr"":7.6,""rrr"":"""",""pressure"":0.241,""xRuns"":1.394,""xWicket"":0.024,""risk"":0.487,""control"":0.568}"
2248,19,14,3,36,31,25,1,0,,TRUE,FALSE,,,,late_cut,deep_extra_cover,"{""phase"":""middle"",""score"":""110/0"",""crr"":7.59,""rrr"":"""",""pressure"":0.244,""xRuns"":1.393,""xWicket"":0.024,""risk"":0.488,""control"":0.615}"
2249,19,14,4,31,36,25,1,0,,TRUE,FALSE,,,,lofted,mid_on_inside,"{""phase"":""middle"",""score"":""111/0"",""crr"":7.57,""rrr"":"""",""pressure"":0.246,""xRuns"":1.556,""xWicket"":0.032,""risk"":0.704,""control"":0.463}"
2250,19,14,5,36,31,25,1,0,,TRUE,FALSE,,,,reverse_sweep,mid_on_inside,"{""phase"":""middle"",""score"":""112/0"",""crr"":7.55,""rrr"":"""",""pressure"":0.249,""xRuns"":1.391,""xWicket"":0.024,""risk"":0.491,""control"":0.545}"
2251,19,14,6,31,36,25,4,0,,TRUE,FALSE,,,,square_cut,cover_point_inside,"{""phase"":""middle"",""score"":""116/0"",""crr"":7.73,""rrr"":"""",""pressure"":0.252,""xRuns"":1.554,""xWicket"":0.033,""risk"":0.856,""control"":0.555}"
2252,19,15,1,36,31,29,4,0,,TRUE,FALSE,,,,reverse_sweep,point_inside,"{""phase"":""death"",""score"":""120/0"",""crr"":7.91,""rrr"":"""",""pressure"":0.255,""xRuns"":1.284,""xWicket"":0.053,""risk"":0.643,""control"":0.531}"
2253,19,15,2,36,31,29,4,0,,TRUE,FALSE,,,,lofted,deep_square_leg,"{""phase"":""death"",""score"":""124/0"",""crr"":8.09,""rrr"":"""",""pressure"":0.258,""xRuns"":1.282,""xWicket"":0.053,""risk"":0.645,""control"":0.485}"
2254,19,15,3,36,31,29,3,0,,TRUE,FALSE,,,,defence,cover_point_inside,"{""phase"":""death"",""score"":""127/0"",""crr"":8.19,""rrr"":"""",""pressure"":0.261,""xRuns"":1.281,""xWicket"":0.053,""risk"":0.496,""control"":0.447}"
2255,19,15,4,31,36,29,0,1,wide,FALSE,FALSE,,,,cut,mid_on_inside,"{""phase"":""death"",""score"":""128/0"",""crr"":8.26,""rrr"":"""",""pressure"":0.264,""xRuns"":1.444,""xWicket"":0.006,""risk"":0.712,""control"":0.437}"
2256,19,15,4,31,36,29,1,0,,TRUE,FALSE,,,,reverse_sweep,fine_leg_inside,"{""phase"":""death"",""score"":""129/0"",""crr"":8.23,""rrr"":"""",""pressure"":0.264,""xRuns"":1.444,""xWicket"":0.061,""risk"":0.712,""control"":0.436}"
2257,19,15,5,36,31,29,1,0,,TRUE,FALSE,,,,cover_drive,point_inside,"{""phase"":""death"",""score"":""130/0"",""crr"":8.21,""rrr"":"""",""pressure"":0.266,""xRuns"":1.279,""xWicket"":0.053,""risk"":0.498,""control"":0.523}"
2258,19,15,6,31,36,29,0,0,,TRUE,FALSE,,,,cover_drive,square_leg_inside,"{""phase"":""death"",""score"":""130/0"",""crr"":8.12,""rrr"":"""",""pressure"":0.269,""xRuns"":1.442,""xWicket"":0.061,""risk"":0.714,""control"":0.438}"
2259,19,16,1,36,31,23,6,0,,TRUE,FALSE,,,,slog,short_leg,"{""phase"":""death"",""score"":""136/0"",""crr"":8.41,""rrr"":"""",""pressure"":0.272,""xRuns"":1.372,""xWicket"":0.044,""risk"":0.651,""control"":0.608}"
2260,19,16,2,36,31,23,6,0,,TRUE,FALSE,,,,glance,mid_off,"{""phase"":""death"",""score"":""142/0"",""crr"":8.69,""rrr"":"""",""pressure"":0.275,""xRuns"":1.371,""xWicket"":0.045,""risk"":0.652,""control"":0.606}"
2261,19,16,3,36,31,23,2,0,,TRUE,FALSE,,,,clip,square_leg_inside,"{""phase"":""death"",""score"":""144/0"",""crr"":8.73,""rrr"":"""",""pressure"":0.278,""xRuns"":1.369,""xWicket"":0.045,""risk"":0.504,""control"":0.503}"
2262,19,16,4,36,31,23,2,0,,TRUE,FALSE,,,,flick,mid_on_inside,"{""phase"":""death"",""score"":""146/0"",""crr"":8.76,""rrr"":"""",""pressure"":0.281,""xRuns"":1.368,""xWicket"":0.045,""risk"":0.505,""control"":0.594}"
2263,19,16,5,36,31,23,6,0,,TRUE,FALSE,,,,cut,silly_point,"{""phase"":""death"",""score"":""152/0"",""crr"":9.03,""rrr"":"""",""pressure"":0.283,""xRuns"":1.367,""xWicket"":0.045,""risk"":0.656,""control"":0.607}"
2264,19,16,6,36,31,23,4,0,,TRUE,FALSE,,,,late_cut,cover_inside,"{""phase"":""death"",""score"":""156/0"",""crr"":9.18,""rrr"":"""",""pressure"":0.286,""xRuns"":1.366,""xWicket"":0.045,""risk"":0.657,""control"":0.573}"
2265,19,17,1,31,36,22,1,0,,TRUE,FALSE,,,,square_cut,deep_square_leg,"{""phase"":""death"",""score"":""157/0"",""crr"":9.15,""rrr"":"""",""pressure"":0.289,""xRuns"":1.51,""xWicket"":0.055,""risk"":0.723,""control"":0.512}"
2266,19,17,2,36,31,22,4,0,,TRUE,FALSE,,,,scoop,silly_point,"{""phase"":""death"",""score"":""161/0"",""crr"":9.29,""rrr"":"""",""pressure"":0.292,""xRuns"":1.344,""xWicket"":0.047,""risk"":0.66,""control"":0.592}"
2267,19,17,3,36,31,22,0,0,,TRUE,FALSE,,,,ramp,point_inside,"{""phase"":""death"",""score"":""161/0"",""crr"":9.2,""rrr"":"""",""pressure"":0.295,""xRuns"":1.343,""xWicket"":0.047,""risk"":0.511,""control"":0.593}"
2268,19,17,4,36,31,22,2,0,,TRUE,TRUE,lbw,36,,reverse_sweep,deep_square_leg,"{""phase"":""death"",""score"":""163/0"",""crr"":9.23,""rrr"":"""",""pressure"":0.298,""xRuns"":1.342,""xWicket"":0.047,""risk"":0.513,""control"":0.593}"
2269,19,17,5,41,31,22,0,0,,TRUE,FALSE,,,,straight_drive,third_point,"{""phase"":""death"",""score"":""163/1"",""crr"":9.14,""rrr"":"""",""pressure"":0.326,""xRuns"":1.351,""xWicket"":0.055,""risk"":0.59,""control"":0.507}"
2270,19,17,6,41,31,22,1,0,,TRUE,TRUE,bowled,41,,clip,square_leg_inside,"{""phase"":""death"",""score"":""164/1"",""crr"":9.11,""rrr"":"""",""pressure"":0.329,""xRuns"":1.35,""xWicket"":0.055,""risk"":0.591,""control"":0.516}"
2271,19,18,1,32,31,25,2,0,,TRUE,FALSE,,,,sweep,deep_cover,"{""phase"":""death"",""score"":""166/2"",""crr"":9.14,""rrr"":"""",""pressure"":0.358,""xRuns"":1.505,""xWicket"":0.061,""risk"":0.79,""control"":0.466}"
2272,19,18,2,32,31,25,4,0,,TRUE,FALSE,,,,on_drive,long_on,"{""phase"":""death"",""score"":""170/2"",""crr"":9.27,""rrr"":"""",""pressure"":0.361,""xRuns"":1.504,""xWicket"":0.061,""risk"":0.941,""control"":0.509}"
2273,19,18,3,32,31,25,1,0,,TRUE,FALSE,,,,late_cut,short_leg,"{""phase"":""death"",""score"":""171/2"",""crr"":9.24,""rrr"":"""",""pressure"":0.364,""xRuns"":1.503,""xWicket"":0.061,""risk"":0.792,""control"":0.533}"
2274,19,18,4,31,32,25,3,0,,TRUE,TRUE,caught,31,Pranav Joshi,defence,third_point,"{""phase"":""death"",""score"":""174/2"",""crr"":9.32,""rrr"":"""",""pressure"":0.367,""xRuns"":1.505,""xWicket"":0.056,""risk"":0.758,""control"":0.594}"
2275,19,18,5,32,33,25,1,0,,TRUE,FALSE,,,,cover_drive,long_off,"{""phase"":""death"",""score"":""175/3"",""crr"":9.29,""rrr"":"""",""pressure"":0.395,""xRuns"":1.49,""xWicket"":0.063,""risk"":0.806,""control"":0.559}"
2276,19,18,6,33,32,25,1,0,,TRUE,FALSE,,,,square_cut,square_leg_inside,"{""phase"":""death"",""score"":""176/3"",""crr"":9.26,""rrr"":"""",""pressure"":0.398,""xRuns"":1.203,""xWicket"":0.056,""risk"":0.522,""control"":0.438}"
2277,19,19,1,33,32,24,1,0,,TRUE,FALSE,,,,lofted,long_on,"{""phase"":""death"",""score"":""177/3"",""crr"":9.23,""rrr"":"""",""pressure"":0.401,""xRuns"":1.173,""xWicket"":0.059,""risk"":0.523,""control"":0.497}"
2278,19,19,2,32,33,24,4,0,,TRUE,FALSE,,,,scoop,mid_off,"{""phase"":""death"",""score"":""181/3"",""crr"":9.36,""rrr"":"""",""pressure"":0.404,""xRuns"":1.457,""xWicket"":0.066,""risk"":0.96,""control"":0.501}"
2279,19,19,3,32,33,24,0,0,,TRUE,FALSE,,,,sweep,square_leg_inside,"{""phase"":""death"",""score"":""181/3"",""crr"":9.28,""rrr"":"""",""pressure"":0.407,""xRuns"":1.456,""xWicket"":0.066,""risk"":0.812,""control"":0.475}"
2280,19,19,4,32,33,24,0,0,,TRUE,TRUE,bowled,32,,lofted,silly_point,"{""phase"":""death"",""score"":""181/3"",""crr"":9.2,""rrr"":"""",""pressure"":0.41,""xRuns"":1.455,""xWicket"":0.066,""risk"":0.813,""control"":0.577}"
2281,19,19,5,42,33,24,0,0,,TRUE,FALSE,,,,sweep,cover_point_inside,"{""phase"":""death"",""score"":""181/4"",""crr"":9.13,""rrr"":"""",""pressure"":0.438,""xRuns"":1.314,""xWicket"":0.066,""risk"":0.719,""control"":0.447}"
2282,19,19,6,42,33,24,1,0,,TRUE,FALSE,,,,straight_drive,mid_on_area,"{""phase"":""death"",""score"":""182/4"",""crr"":9.1,""rrr"":"""",""pressure"":0.441,""xRuns"":1.313,""xWicket"":0.066,""risk"":0.72,""control"":0.468}"
2283,20,0,1,27,30,44,0,0,,TRUE,FALSE,,,,paddle_sweep,mid_on_inside,"{""phase"":""powerplay"",""score"":""0/0"",""crr"":0.0,""rrr"":9.23,""pressure"":0.261,""xRuns"":1.373,""xWicket"":0.048,""risk"":0.653,""control"":0.518}"
2284,20,0,2,27,30,44,1,0,,TRUE,FALSE,,,,sweep,fine_leg,"{""phase"":""powerplay"",""score"":""1/0"",""crr"":3.0,""rrr"":9.25,""pressure"":0.267,""xRuns"":1.371,""xWicket"":0.048,""risk"":0.656,""control"":0.477}"
2285,20,0,3,30,27,44,0,0,,TRUE,FALSE,,,,scoop,deep_extra_cover,"{""phase"":""powerplay"",""score"":""1/0"",""crr"":2.0,""rrr"":9.33,""pressure"":0.27,""xRuns"":1.438,""xWicket"":0.055,""risk"":0.736,""control"":0.457}"
2286,20,0,4,30,27,44,0,0,,TRUE,FALSE,,,,hook,straight_inside,"{""phase"":""powerplay"",""score"":""1/0"",""crr"":1.5,""rrr"":9.41,""pressure"":0.275,""xRuns"":1.436,""xWicket"":0.056,""risk"":0.738,""control"":0.529}"
2287,20,0,5,30,27,44,0,0,,TRUE,FALSE,,,,on_drive,cover_inside,"{""phase"":""powerplay"",""score"":""1/0"",""crr"":1.2,""rrr"":9.5,""pressure"":0.28,""xRuns"":1.434,""xWicket"":0.056,""risk"":0.74,""control"":0.529}"
2288,20,0,6,30,27,44,0,1,wide,FALSE,FALSE,,,,ramp,deep_extra_cover,"{""phase"":""powerplay"",""score"":""2/0"",""crr"":2.4,""rrr"":9.44,""pressure"":0.286,""xRuns"":1.432,""xWicket"":0.006,""risk"":0.743,""control"":0.579}"
2289,20,0,6,30,27,44,1,0,,TRUE,FALSE,,,,ramp,silly_mid_wicket,"{""phase"":""powerplay"",""score"":""3/0"",""crr"":3.0,""rrr"":9.47,""pressure"":0.284,""xRuns"":1.432,""xWicket"":0.056,""risk"":0.742,""control"":0.535}"
2290,20,1,1,30,27,38,0,0,,TRUE,FALSE,,,,clip,third_point,"{""phase"":""powerplay"",""score"":""3/0"",""crr"":2.57,""rrr"":9.56,""pressure"":0.288,""xRuns"":1.45,""xWicket"":0.054,""risk"":0.744,""control"":0.452}"
2291,20,1,2,30,27,38,1,0,,TRUE,FALSE,,,,square_cut,silly_mid_on,"{""phase"":""powerplay"",""score"":""4/0"",""crr"":3.0,""rrr"":9.59,""pressure"":0.293,""xRuns"":1.448,""xWicket"":0.055,""risk"":0.746,""control"":0.527}"
2292,20,1,3,27,30,38,2,0,,TRUE,FALSE,,,,ramp,fine_leg_inside,"{""phase"":""powerplay"",""score"":""6/0"",""crr"":4.0,""rrr"":9.57,""pressure"":0.297,""xRuns"":1.377,""xWicket"":0.048,""risk"":0.669,""control"":0.584}"
2293,20,1,4,27,30,38,0,1,bye,TRUE,FALSE,,,,paddle_sweep,silly_mid_on,"{""phase"":""powerplay"",""score"":""7/0"",""crr"":4.2,""rrr"":9.6,""pressure"":0.299,""xRuns"":1.376,""xWicket"":0.048,""risk"":0.67,""control"":0.463}"
2294,20,1,5,30,27,38,4,0,,TRUE,FALSE,,,,straight_drive,silly_mid_on,"{""phase"":""powerplay"",""score"":""11/0"",""crr"":6.0,""rrr"":9.47,""pressure"":0.303,""xRuns"":1.443,""xWicket"":0.055,""risk"":0.901,""control"":0.573}"
2295,20,1,6,30,27,38,2,0,,TRUE,FALSE,,,,flick,short_leg,"{""phase"":""powerplay"",""score"":""13/0"",""crr"":6.5,""rrr"":9.44,""pressure"":0.302,""xRuns"":1.444,""xWicket"":0.055,""risk"":0.75,""control"":0.442}"
2296,20,2,1,27,30,40,0,0,,TRUE,FALSE,,,,scoop,fine_leg_inside,"{""phase"":""powerplay"",""score"":""13/0"",""crr"":6.0,""rrr"":9.53,""pressure"":0.304,""xRuns"":1.498,""xWicket"":0.036,""risk"":0.673,""control"":0.635}"
2297,20,2,2,27,30,40,1,0,,TRUE,FALSE,,,,flick,straight_inside,"{""phase"":""powerplay"",""score"":""14/0"",""crr"":6.0,""rrr"":9.57,""pressure"":0.309,""xRuns"":1.496,""xWicket"":0.036,""risk"":0.675,""control"":0.484}"
2298,20,2,3,30,27,40,1,0,,TRUE,FALSE,,,,glance,deep_extra_cover,"{""phase"":""powerplay"",""score"":""15/0"",""crr"":6.0,""rrr"":9.6,""pressure"":0.313,""xRuns"":1.563,""xWicket"":0.044,""risk"":0.755,""control"":0.487}"
2299,20,2,4,27,30,40,1,0,,TRUE,FALSE,,,,sweep,silly_mid_on,"{""phase"":""powerplay"",""score"":""16/0"",""crr"":6.0,""rrr"":9.63,""pressure"":0.317,""xRuns"":1.493,""xWicket"":0.037,""risk"":0.678,""control"":0.623}"
2300,20,2,5,30,27,40,0,0,,TRUE,FALSE,,,,on_drive,mid_off,"{""phase"":""powerplay"",""score"":""16/0"",""crr"":5.65,""rrr"":9.73,""pressure"":0.32,""xRuns"":1.56,""xWicket"":0.044,""risk"":0.758,""control"":0.529}"
2301,20,2,6,30,27,40,3,0,,TRUE,FALSE,,,,upper_cut,deep_cover,"{""phase"":""powerplay"",""score"":""19/0"",""crr"":6.33,""rrr"":9.65,""pressure"":0.326,""xRuns"":1.558,""xWicket"":0.044,""risk"":0.761,""control"":0.538}"
2302,20,3,1,30,27,37,1,0,,TRUE,TRUE,caught,30,Parth Dubey,late_cut,mid_off,"{""phase"":""powerplay"",""score"":""20/0"",""crr"":6.32,""rrr"":9.68,""pressure"":0.327,""xRuns"":1.605,""xWicket"":0.04,""risk"":0.761,""control"":0.56}"
2303,20,3,2,27,26,37,2,0,,TRUE,FALSE,,,,glance,silly_point,"{""phase"":""powerplay"",""score"":""22/1"",""crr"":6.6,""rrr"":9.66,""pressure"":0.356,""xRuns"":1.524,""xWicket"":0.034,""risk"":0.696,""control"":0.506}"
2304,20,3,3,27,26,37,0,1,leg_bye,TRUE,FALSE,,,,upper_cut,long_off,"{""phase"":""powerplay"",""score"":""23/1"",""crr"":6.57,""rrr"":9.7,""pressure"":0.359,""xRuns"":1.523,""xWicket"":0.034,""risk"":0.697,""control"":0.574}"
2305,20,3,4,26,27,37,0,0,,TRUE,FALSE,,,,sweep,square_leg_inside,"{""phase"":""powerplay"",""score"":""23/1"",""crr"":6.27,""rrr"":9.8,""pressure"":0.363,""xRuns"":1.384,""xWicket"":0.027,""risk"":0.556,""control"":0.504}"
2306,20,3,5,26,27,37,0,0,,TRUE,FALSE,,,,straight_drive,fine_leg,"{""phase"":""powerplay"",""score"":""23/1"",""crr"":6.0,""rrr"":9.9,""pressure"":0.368,""xRuns"":1.382,""xWicket"":0.027,""risk"":0.558,""control"":0.528}"
2307,20,3,6,26,27,37,1,0,,TRUE,FALSE,,,,flick,mid_on_inside,"{""phase"":""powerplay"",""score"":""24/1"",""crr"":6.0,""rrr"":9.94,""pressure"":0.374,""xRuns"":1.38,""xWicket"":0.027,""risk"":0.561,""control"":0.542}"
2308,20,4,1,26,27,39,2,0,,TRUE,FALSE,,,,lofted,cover_point_inside,"{""phase"":""powerplay"",""score"":""26/1"",""crr"":6.24,""rrr"":9.92,""pressure"":0.378,""xRuns"":1.397,""xWicket"":0.026,""risk"":0.563,""control"":0.548}"
2309,20,4,2,26,27,39,0,1,wide,FALSE,FALSE,,,,pull,mid_on_inside,"{""phase"":""powerplay"",""score"":""27/1"",""crr"":6.48,""rrr"":9.85,""pressure"":0.38,""xRuns"":1.396,""xWicket"":0.006,""risk"":0.564,""control"":0.649}"
2310,20,4,2,26,27,39,0,0,,TRUE,FALSE,,,,cover_drive,short_leg,"{""phase"":""powerplay"",""score"":""27/1"",""crr"":6.23,""rrr"":9.96,""pressure"":0.378,""xRuns"":1.397,""xWicket"":0.026,""risk"":0.563,""control"":0.572}"
2311,20,4,3,26,27,39,1,0,,TRUE,FALSE,,,,hook,mid_off,"{""phase"":""powerplay"",""score"":""28/1"",""crr"":6.22,""rrr"":10.0,""pressure"":0.384,""xRuns"":1.394,""xWicket"":0.026,""risk"":0.566,""control"":0.612}"
2312,20,4,4,27,26,39,6,0,,TRUE,FALSE,,,,upper_cut,fine_leg_inside,"{""phase"":""powerplay"",""score"":""34/1"",""crr"":7.29,""rrr"":9.72,""pressure"":0.388,""xRuns"":1.529,""xWicket"":0.033,""risk"":0.86,""control"":0.536}"
2313,20,4,5,27,26,39,0,0,,TRUE,FALSE,,,,flick,square_leg_inside,"{""phase"":""powerplay"",""score"":""34/1"",""crr"":7.03,""rrr"":9.82,""pressure"":0.383,""xRuns"":1.532,""xWicket"":0.033,""risk"":0.708,""control"":0.532}"
2314,20,4,6,27,26,39,1,0,,TRUE,FALSE,,,,ramp,fine_leg,"{""phase"":""powerplay"",""score"":""35/1"",""crr"":7.0,""rrr"":9.87,""pressure"":0.389,""xRuns"":1.529,""xWicket"":0.033,""risk"":0.711,""control"":0.665}"
2315,20,5,1,27,26,42,0,2,leg_bye,TRUE,FALSE,,,,pull,fine_leg_inside,"{""phase"":""powerplay"",""score"":""37/1"",""crr"":7.16,""rrr"":9.84,""pressure"":0.393,""xRuns"":1.575,""xWicket"":0.029,""risk"":0.713,""control"":0.612}"
2316,20,5,2,27,26,42,0,0,,TRUE,FALSE,,,,flick,deep_extra_cover,"{""phase"":""powerplay"",""score"":""37/1"",""crr"":6.94,""rrr"":9.95,""pressure"":0.395,""xRuns"":1.574,""xWicket"":0.029,""risk"":0.713,""control"":0.667}"
2317,20,5,3,27,26,42,2,0,,TRUE,FALSE,,,,clip,long_off,"{""phase"":""powerplay"",""score"":""39/1"",""crr"":7.09,""rrr"":9.93,""pressure"":0.401,""xRuns"":1.572,""xWicket"":0.029,""risk"":0.716,""control"":0.656}"
2318,20,5,4,27,26,42,0,0,,TRUE,FALSE,,,,lofted_drive,silly_mid_wicket,"{""phase"":""powerplay"",""score"":""39/1"",""crr"":6.88,""rrr"":10.05,""pressure"":0.403,""xRuns"":1.571,""xWicket"":0.03,""risk"":0.717,""control"":0.649}"
2319,20,5,5,27,26,42,4,0,,TRUE,FALSE,,,,paddle_sweep,cover_inside,"{""phase"":""powerplay"",""score"":""43/1"",""crr"":7.37,""rrr"":9.88,""pressure"":0.409,""xRuns"":1.568,""xWicket"":0.03,""risk"":0.87,""control"":0.572}"
2320,20,5,6,27,26,42,1,0,,TRUE,FALSE,,,,sweep,third_point,"{""phase"":""powerplay"",""score"":""44/1"",""crr"":7.33,""rrr"":9.93,""pressure"":0.407,""xRuns"":1.569,""xWicket"":0.03,""risk"":0.719,""control"":0.595}"
2321,20,6,1,27,26,44,1,0,,TRUE,FALSE,,,,lofted,silly_mid_on,"{""phase"":""middle"",""score"":""45/1"",""crr"":7.3,""rrr"":9.98,""pressure"":0.412,""xRuns"":1.31,""xWicket"":0.055,""risk"":0.721,""control"":0.5}"
2322,20,6,2,26,27,44,1,0,,TRUE,FALSE,,,,lofted,silly_mid_wicket,"{""phase"":""middle"",""score"":""46/1"",""crr"":7.26,""rrr"":10.02,""pressure"":0.416,""xRuns"":1.171,""xWicket"":0.047,""risk"":0.58,""control"":0.565}"
2323,20,6,3,27,26,44,2,0,,TRUE,FALSE,,,,paddle_sweep,fine_leg,"{""phase"":""middle"",""score"":""48/1"",""crr"":7.38,""rrr"":10.0,""pressure"":0.42,""xRuns"":1.306,""xWicket"":0.055,""risk"":0.725,""control"":0.507}"
2324,20,6,4,27,26,44,3,0,,TRUE,FALSE,,,,cut,fine_leg,"{""phase"":""middle"",""score"":""51/1"",""crr"":7.65,""rrr"":9.9,""pressure"":0.422,""xRuns"":1.306,""xWicket"":0.055,""risk"":0.726,""control"":0.475}"
2325,20,6,5,26,27,44,0,0,,TRUE,FALSE,,,,straight_drive,cover_point_inside,"{""phase"":""middle"",""score"":""51/1"",""crr"":7.46,""rrr"":10.03,""pressure"":0.422,""xRuns"":1.169,""xWicket"":0.048,""risk"":0.583,""control"":0.432}"
2326,20,6,6,26,27,44,1,0,,TRUE,FALSE,,,,upper_cut,point_inside,"{""phase"":""middle"",""score"":""52/1"",""crr"":7.43,""rrr"":10.08,""pressure"":0.429,""xRuns"":1.166,""xWicket"":0.048,""risk"":0.586,""control"":0.439}"
2327,20,7,1,26,27,38,0,0,,TRUE,FALSE,,,,sweep,third_point,"{""phase"":""middle"",""score"":""52/1"",""crr"":7.26,""rrr"":10.21,""pressure"":0.433,""xRuns"":1.183,""xWicket"":0.046,""risk"":0.588,""control"":0.516}"
2328,20,7,2,26,27,38,1,0,,TRUE,FALSE,,,,lofted,silly_mid_on,"{""phase"":""middle"",""score"":""53/1"",""crr"":7.23,""rrr"":10.26,""pressure"":0.44,""xRuns"":1.18,""xWicket"":0.047,""risk"":0.591,""control"":0.49}"
2329,20,7,3,27,26,38,0,0,,TRUE,TRUE,bowled,27,,reverse_sweep,mid_off,"{""phase"":""middle"",""score"":""53/1"",""crr"":7.07,""rrr"":10.4,""pressure"":0.444,""xRuns"":1.315,""xWicket"":0.054,""risk"":0.736,""control"":0.47}"
2330,20,7,4,17,26,38,4,0,,TRUE,FALSE,,,,upper_cut,silly_mid_on,"{""phase"":""middle"",""score"":""57/2"",""crr"":7.43,""rrr"":10.22,""pressure"":0.477,""xRuns"":1.341,""xWicket"":0.064,""risk"":0.972,""control"":0.472}"
2331,20,7,5,17,26,38,2,0,,TRUE,FALSE,,,,straight_drive,mid_off,"{""phase"":""middle"",""score"":""59/2"",""crr"":7.53,""rrr"":10.19,""pressure"":0.474,""xRuns"":1.342,""xWicket"":0.064,""risk"":0.82,""control"":0.537}"
2332,20,7,6,17,26,38,0,0,,TRUE,FALSE,,,,late_cut,point_inside,"{""phase"":""middle"",""score"":""59/2"",""crr"":7.38,""rrr"":10.33,""pressure"":0.476,""xRuns"":1.341,""xWicket"":0.064,""risk"":0.821,""control"":0.455}"
2333,20,8,1,26,17,40,2,0,,TRUE,FALSE,,,,sweep,straight_inside,"{""phase"":""middle"",""score"":""61/2"",""crr"":7.47,""rrr"":10.31,""pressure"":0.483,""xRuns"":1.286,""xWicket"":0.037,""risk"":0.61,""control"":0.511}"
2334,20,8,2,26,17,40,0,2,leg_bye,TRUE,FALSE,,,,defence,cover_point_inside,"{""phase"":""middle"",""score"":""63/2"",""crr"":7.56,""rrr"":10.29,""pressure"":0.485,""xRuns"":1.285,""xWicket"":0.037,""risk"":0.611,""control"":0.485}"
2335,20,8,3,26,17,40,0,0,,TRUE,TRUE,caught,26,Parth Dubey,upper_cut,silly_point,"{""phase"":""middle"",""score"":""63/2"",""crr"":7.41,""rrr"":10.43,""pressure"":0.488,""xRuns"":1.284,""xWicket"":0.037,""risk"":0.612,""control"":0.519}"
2336,20,8,4,19,17,40,0,0,,TRUE,FALSE,,,,pull,square_leg_inside,"{""phase"":""middle"",""score"":""63/3"",""crr"":7.27,""rrr"":10.59,""pressure"":0.52,""xRuns"":1.284,""xWicket"":0.042,""risk"":0.655,""control"":0.571}"
2337,20,8,5,19,17,40,0,0,,TRUE,FALSE,,,,on_drive,fine_leg_inside,"{""phase"":""middle"",""score"":""63/3"",""crr"":7.13,""rrr"":10.75,""pressure"":0.528,""xRuns"":1.28,""xWicket"":0.043,""risk"":0.659,""control"":0.549}"
2338,20,8,6,19,17,40,0,0,,TRUE,FALSE,,,,glance,silly_mid_on,"{""phase"":""middle"",""score"":""63/3"",""crr"":7.0,""rrr"":10.91,""pressure"":0.535,""xRuns"":1.278,""xWicket"":0.043,""risk"":0.662,""control"":0.469}"
2339,20,9,1,17,19,37,6,0,,TRUE,FALSE,,,,flick,mid_off,"{""phase"":""middle"",""score"":""69/3"",""crr"":7.53,""rrr"":10.52,""pressure"":0.543,""xRuns"":1.484,""xWicket"":0.051,""risk"":1,""control"":0.499}"
2340,20,9,2,17,19,37,4,0,,TRUE,FALSE,,,,ramp,mid_on_area,"{""phase"":""middle"",""score"":""73/3"",""crr"":7.82,""rrr"":10.31,""pressure"":0.534,""xRuns"":1.488,""xWicket"":0.051,""risk"":0.997,""control"":0.578}"
2341,20,9,3,17,19,37,6,0,,TRUE,FALSE,,,,defence,fine_leg,"{""phase"":""middle"",""score"":""79/3"",""crr"":8.32,""rrr"":9.9,""pressure"":0.531,""xRuns"":1.489,""xWicket"":0.05,""risk"":0.996,""control"":0.559}"
2342,20,9,4,17,19,37,1,0,,TRUE,FALSE,,,,lofted,silly_point,"{""phase"":""middle"",""score"":""80/3"",""crr"":8.28,""rrr"":9.97,""pressure"":0.522,""xRuns"":1.493,""xWicket"":0.05,""risk"":0.842,""control"":0.592}"
2343,20,9,5,19,17,37,0,0,,TRUE,FALSE,,,,on_drive,fine_leg,"{""phase"":""middle"",""score"":""80/3"",""crr"":8.14,""rrr"":10.13,""pressure"":0.527,""xRuns"":1.329,""xWicket"":0.038,""risk"":0.659,""control"":0.59}"
2344,20,9,6,19,17,37,2,0,,TRUE,FALSE,,,,paddle_sweep,point_inside,"{""phase"":""middle"",""score"":""82/3"",""crr"":8.2,""rrr"":10.1,""pressure"":0.535,""xRuns"":1.325,""xWicket"":0.039,""risk"":0.662,""control"":0.527}"
2345,20,10,1,17,19,39,0,0,,TRUE,FALSE,,,,lofted,deep_square_leg,"{""phase"":""middle"",""score"":""82/3"",""crr"":8.07,""rrr"":10.27,""pressure"":0.537,""xRuns"":1.506,""xWicket"":0.049,""risk"":0.849,""control"":0.546}"
2346,20,10,2,17,19,39,0,0,,TRUE,FALSE,,,,scoop,fine_leg,"{""phase"":""middle"",""score"":""82/3"",""crr"":7.94,""rrr"":10.45,""pressure"":0.544,""xRuns"":1.503,""xWicket"":0.049,""risk"":0.852,""control"":0.577}"
2347,20,10,3,17,19,39,2,0,,TRUE,FALSE,,,,lofted,deep_cover,"{""phase"":""middle"",""score"":""84/3"",""crr"":8.0,""rrr"":10.42,""pressure"":0.552,""xRuns"":1.5,""xWicket"":0.05,""risk"":0.856,""control"":0.622}"
2348,20,10,4,17,19,39,0,0,,TRUE,TRUE,caught,17,Parth Dubey,straight_drive,long_off,"{""phase"":""middle"",""score"":""84/3"",""crr"":7.88,""rrr"":10.61,""pressure"":0.554,""xRuns"":1.499,""xWicket"":0.05,""risk"":0.856,""control"":0.643}"
2349,20,10,5,21,19,39,0,0,,TRUE,FALSE,,,,slog,silly_point,"{""phase"":""middle"",""score"":""84/4"",""crr"":7.75,""rrr"":10.8,""pressure"":0.588,""xRuns"":1.207,""xWicket"":0.044,""risk"":0.622,""control"":0.472}"
2350,20,10,6,21,19,39,0,0,,TRUE,FALSE,,,,lofted_drive,deep_extra_cover,"{""phase"":""middle"",""score"":""84/4"",""crr"":7.64,""rrr"":11.0,""pressure"":0.597,""xRuns"":1.203,""xWicket"":0.044,""risk"":0.626,""control"":0.501}"
2351,20,11,1,19,21,42,1,0,,TRUE,FALSE,,,,square_cut,mid_on_inside,"{""phase"":""middle"",""score"":""85/4"",""crr"":7.61,""rrr"":11.09,""pressure"":0.605,""xRuns"":1.362,""xWicket"":0.035,""risk"":0.694,""control"":0.552}"
2352,20,11,2,21,19,42,0,0,,TRUE,FALSE,,,,straight_drive,fine_leg_inside,"{""phase"":""middle"",""score"":""85/4"",""crr"":7.5,""rrr"":11.31,""pressure"":0.611,""xRuns"":1.245,""xWicket"":0.04,""risk"":0.632,""control"":0.505}"
2353,20,11,3,21,19,42,1,0,,TRUE,FALSE,,,,upper_cut,deep_extra_cover,"{""phase"":""middle"",""score"":""86/4"",""crr"":7.48,""rrr"":11.41,""pressure"":0.62,""xRuns"":1.241,""xWicket"":0.041,""risk"":0.636,""control"":0.478}"
2354,20,11,4,19,21,42,0,0,,TRUE,FALSE,,,,ramp,mid_on_inside,"{""phase"":""middle"",""score"":""86/4"",""crr"":7.37,""rrr"":11.64,""pressure"":0.626,""xRuns"":1.354,""xWicket"":0.036,""risk"":0.703,""control"":0.549}"
2355,20,11,5,19,21,42,0,0,,TRUE,FALSE,,,,slog,short_leg,"{""phase"":""middle"",""score"":""86/4"",""crr"":7.27,""rrr"":11.88,""pressure"":0.635,""xRuns"":1.35,""xWicket"":0.037,""risk"":0.707,""control"":0.583}"
2356,20,11,6,19,21,42,0,0,,TRUE,FALSE,,,,lofted,third_point,"{""phase"":""middle"",""score"":""86/4"",""crr"":7.17,""rrr"":12.12,""pressure"":0.645,""xRuns"":1.346,""xWicket"":0.037,""risk"":0.712,""control"":0.623}"
2357,20,12,1,21,19,44,0,0,,TRUE,FALSE,,,,defence,mid_on_inside,"{""phase"":""middle"",""score"":""86/4"",""crr"":7.07,""rrr"":12.38,""pressure"":0.654,""xRuns"":0.97,""xWicket"":0.067,""risk"":0.651,""control"":0.436}"
2358,20,12,2,21,19,44,1,0,,TRUE,FALSE,,,,cut,mid_on_inside,"{""phase"":""middle"",""score"":""87/4"",""crr"":7.05,""rrr"":12.52,""pressure"":0.665,""xRuns"":0.965,""xWicket"":0.067,""risk"":0.656,""control"":0.514}"
2359,20,12,3,19,21,44,0,0,,TRUE,FALSE,,,,upper_cut,cover_inside,"{""phase"":""middle"",""score"":""87/4"",""crr"":6.96,""rrr"":12.8,""pressure"":0.671,""xRuns"":1.078,""xWicket"":0.063,""risk"":0.723,""control"":0.537}"
2360,20,12,4,19,21,44,2,0,,TRUE,FALSE,,,,straight_drive,cover_inside,"{""phase"":""middle"",""score"":""89/4"",""crr"":7.03,""rrr"":12.82,""pressure"":0.682,""xRuns"":1.073,""xWicket"":0.063,""risk"":0.728,""control"":0.561}"
2361,20,12,5,19,21,44,0,0,,TRUE,FALSE,,,,cover_drive,deep_extra_cover,"{""phase"":""middle"",""score"":""89/4"",""crr"":6.94,""rrr"":13.12,""pressure"":0.686,""xRuns"":1.071,""xWicket"":0.064,""risk"":0.73,""control"":0.413}"
2362,20,12,6,19,21,44,2,0,,TRUE,FALSE,,,,straight_drive,third_point,"{""phase"":""middle"",""score"":""91/4"",""crr"":7.0,""rrr"":13.14,""pressure"":0.697,""xRuns"":1.067,""xWicket"":0.064,""risk"":0.735,""control"":0.464}"
2363,20,13,1,21,19,38,0,0,,TRUE,FALSE,,,,pull,mid_on_inside,"{""phase"":""middle"",""score"":""91/4"",""crr"":6.91,""rrr"":13.46,""pressure"":0.7,""xRuns"":0.969,""xWicket"":0.067,""risk"":0.672,""control"":0.427}"
2364,20,13,2,21,19,38,0,0,,TRUE,FALSE,,,,cover_drive,silly_mid_on,"{""phase"":""middle"",""score"":""91/4"",""crr"":6.82,""rrr"":13.8,""pressure"":0.712,""xRuns"":0.964,""xWicket"":0.068,""risk"":0.678,""control"":0.518}"
2365,20,13,3,21,19,38,0,0,,TRUE,FALSE,,,,paddle_sweep,deep_extra_cover,"{""phase"":""middle"",""score"":""91/4"",""crr"":6.74,""rrr"":14.15,""pressure"":0.725,""xRuns"":0.959,""xWicket"":0.068,""risk"":0.683,""control"":0.5}"
2366,20,13,4,21,19,38,1,0,,TRUE,TRUE,bowled,21,,scoop,silly_point,"{""phase"":""middle"",""score"":""92/4"",""crr"":6.73,""rrr"":14.37,""pressure"":0.734,""xRuns"":0.955,""xWicket"":0.069,""risk"":0.687,""control"":0.469}"
2367,20,13,5,19,29,38,1,0,,TRUE,TRUE,stumped,19,Dhruv Patel,late_cut,point_inside,"{""phase"":""middle"",""score"":""93/5"",""crr"":6.72,""rrr"":14.59,""pressure"":0.762,""xRuns"":1.058,""xWicket"":0.065,""risk"":0.764,""control"":0.559}"
2368,20,13,6,29,22,38,2,0,,TRUE,FALSE,,,,pull,deep_cover,"{""phase"":""middle"",""score"":""95/6"",""crr"":6.79,""rrr"":14.67,""pressure"":0.791,""xRuns"":0.481,""xWicket"":0.109,""risk"":0.777,""control"":0.042}"
2369,20,14,1,22,29,40,0,0,,TRUE,FALSE,,,,flick,mid_on_inside,"{""phase"":""middle"",""score"":""95/6"",""crr"":6.71,""rrr"":15.09,""pressure"":0.794,""xRuns"":0.326,""xWicket"":0.116,""risk"":0.757,""control"":0}"
2370,20,14,2,22,29,40,0,0,,TRUE,FALSE,,,,paddle_sweep,short_leg,"{""phase"":""middle"",""score"":""95/6"",""crr"":6.63,""rrr"":15.53,""pressure"":0.797,""xRuns"":0.325,""xWicket"":0.116,""risk"":0.759,""control"":0}"
2371,20,14,3,22,29,40,1,0,,TRUE,FALSE,,,,cut,long_off,"{""phase"":""middle"",""score"":""96/6"",""crr"":6.62,""rrr"":15.82,""pressure"":0.8,""xRuns"":0.324,""xWicket"":0.116,""risk"":0.76,""control"":0}"
2372,20,14,4,29,22,40,1,0,,TRUE,FALSE,,,,cut,third_point,"{""phase"":""middle"",""score"":""97/6"",""crr"":6.61,""rrr"":16.12,""pressure"":0.802,""xRuns"":0.601,""xWicket"":0.097,""risk"":0.782,""control"":0.055}"
2373,20,14,5,22,29,40,2,0,,TRUE,TRUE,caught,22,Dhruv Patel,slog,straight_inside,"{""phase"":""middle"",""score"":""99/6"",""crr"":6.67,""rrr"":16.26,""pressure"":0.805,""xRuns"":0.322,""xWicket"":0.116,""risk"":0.762,""control"":0}"
2374,20,14,6,24,29,40,0,0,,TRUE,FALSE,,,,cut,silly_mid_wicket,"{""phase"":""middle"",""score"":""99/7"",""crr"":6.6,""rrr"":16.8,""pressure"":0.834,""xRuns"":0.476,""xWicket"":0.125,""risk"":0.925,""control"":0}"
2375,20,15,1,29,24,37,0,0,,TRUE,FALSE,,,,on_drive,mid_on_area,"{""phase"":""death"",""score"":""99/7"",""crr"":6.53,""rrr"":17.38,""pressure"":0.837,""xRuns"":0.634,""xWicket"":0.112,""risk"":0.798,""control"":0.132}"
2376,20,15,2,29,24,37,0,0,,TRUE,TRUE,bowled,29,,on_drive,silly_point,"{""phase"":""death"",""score"":""99/7"",""crr"":6.46,""rrr"":18.0,""pressure"":0.84,""xRuns"":0.632,""xWicket"":0.113,""risk"":0.799,""control"":0.103}"
2377,20,15,3,23,24,37,0,1,wide,FALSE,FALSE,,,,defence,point_inside,"{""phase"":""death"",""score"":""100/8"",""crr"":6.52,""rrr"":17.79,""pressure"":0.869,""xRuns"":0.411,""xWicket"":0.014,""risk"":0.855,""control"":0}"
2378,20,15,3,23,24,37,1,0,,TRUE,FALSE,,,,slog,mid_on_area,"{""phase"":""death"",""score"":""101/8"",""crr"":6.52,""rrr"":18.22,""pressure"":0.869,""xRuns"":0.411,""xWicket"":0.141,""risk"":0.855,""control"":0}"
2379,20,15,4,24,23,37,1,0,,TRUE,TRUE,caught,24,Viraj Thakur,square_cut,deep_extra_cover,"{""phase"":""death"",""score"":""102/8"",""crr"":6.51,""rrr"":18.69,""pressure"":0.872,""xRuns"":0.508,""xWicket"":0.14,""risk"":0.942,""control"":0}"
2380,20,15,5,23,25,37,0,0,,TRUE,TRUE,caught,23,Ayaan Qureshi,flick,straight_inside,"{""phase"":""death"",""score"":""102/9"",""crr"":6.44,""rrr"":19.44,""pressure"":0.9,""xRuns"":0.398,""xWicket"":0.142,""risk"":0.869,""control"":0}"
2381,21,0,1,27,30,55,1,0,,TRUE,FALSE,,,,upper_cut,long_on,"{""phase"":""powerplay"",""score"":""1/0"",""crr"":6.0,""rrr"":"""",""pressure"":0.0,""xRuns"":1.502,""xWicket"":0.034,""risk"":0.536,""control"":0.584}"
2382,21,0,2,30,27,55,1,0,,TRUE,FALSE,,,,late_cut,deep_extra_cover,"{""phase"":""powerplay"",""score"":""2/0"",""crr"":6.0,""rrr"":"""",""pressure"":0.003,""xRuns"":1.569,""xWicket"":0.041,""risk"":0.616,""control"":0.461}"
2383,21,0,3,27,30,55,1,0,,TRUE,FALSE,,,,pull,long_off,"{""phase"":""powerplay"",""score"":""3/0"",""crr"":6.0,""rrr"":"""",""pressure"":0.006,""xRuns"":1.499,""xWicket"":0.034,""risk"":0.538,""control"":0.499}"
2384,21,0,4,30,27,55,2,0,,TRUE,FALSE,,,,sweep,short_leg,"{""phase"":""powerplay"",""score"":""5/0"",""crr"":7.5,""rrr"":"""",""pressure"":0.009,""xRuns"":1.567,""xWicket"":0.042,""risk"":0.618,""control"":0.552}"
2385,21,0,5,30,27,55,0,1,leg_bye,TRUE,FALSE,,,,reverse_sweep,third_point,"{""phase"":""powerplay"",""score"":""6/0"",""crr"":7.2,""rrr"":"""",""pressure"":0.011,""xRuns"":1.566,""xWicket"":0.042,""risk"":0.619,""control"":0.47}"
2386,21,0,6,27,30,55,2,0,,TRUE,FALSE,,,,clip,mid_on_area,"{""phase"":""powerplay"",""score"":""8/0"",""crr"":8.0,""rrr"":"""",""pressure"":0.014,""xRuns"":1.496,""xWicket"":0.035,""risk"":0.542,""control"":0.537}"
2387,21,1,1,30,27,59,1,0,,TRUE,FALSE,,,,pull,fine_leg_inside,"{""phase"":""powerplay"",""score"":""9/0"",""crr"":7.71,""rrr"":"""",""pressure"":0.017,""xRuns"":1.583,""xWicket"":0.04,""risk"":0.622,""control"":0.548}"
2388,21,1,2,27,30,59,2,0,,TRUE,FALSE,,,,cut,point_inside,"{""phase"":""powerplay"",""score"":""11/0"",""crr"":8.25,""rrr"":"""",""pressure"":0.02,""xRuns"":1.513,""xWicket"":0.033,""risk"":0.545,""control"":0.479}"
2389,21,1,3,27,30,59,1,0,,TRUE,FALSE,,,,cut,short_leg,"{""phase"":""powerplay"",""score"":""12/0"",""crr"":8.0,""rrr"":"""",""pressure"":0.023,""xRuns"":1.511,""xWicket"":0.033,""risk"":0.546,""control"":0.54}"
2390,21,1,4,30,27,59,0,0,,TRUE,FALSE,,,,clip,mid_on_area,"{""phase"":""powerplay"",""score"":""12/0"",""crr"":7.2,""rrr"":"""",""pressure"":0.026,""xRuns"":1.579,""xWicket"":0.041,""risk"":0.626,""control"":0.442}"
2391,21,1,5,30,27,59,0,0,,TRUE,FALSE,,,,lofted,square_leg_inside,"{""phase"":""powerplay"",""score"":""12/0"",""crr"":6.55,""rrr"":"""",""pressure"":0.028,""xRuns"":1.578,""xWicket"":0.041,""risk"":0.627,""control"":0.565}"
2392,21,1,6,30,27,59,0,0,,TRUE,FALSE,,,,sweep,deep_square_leg,"{""phase"":""powerplay"",""score"":""12/0"",""crr"":6.0,""rrr"":"""",""pressure"":0.031,""xRuns"":1.577,""xWicket"":0.041,""risk"":0.628,""control"":0.598}"
2393,21,2,1,27,30,54,1,0,,TRUE,FALSE,,,,flick,point_inside,"{""phase"":""powerplay"",""score"":""13/0"",""crr"":6.0,""rrr"":"""",""pressure"":0.034,""xRuns"":1.516,""xWicket"":0.033,""risk"":0.551,""control"":0.558}"
2394,21,2,2,30,27,54,6,0,,TRUE,FALSE,,,,lofted_drive,straight_inside,"{""phase"":""powerplay"",""score"":""19/0"",""crr"":8.14,""rrr"":"""",""pressure"":0.037,""xRuns"":1.584,""xWicket"":0.04,""risk"":0.781,""control"":0.564}"
2395,21,2,3,30,27,54,0,0,,TRUE,FALSE,,,,straight_drive,deep_extra_cover,"{""phase"":""powerplay"",""score"":""19/0"",""crr"":7.6,""rrr"":"""",""pressure"":0.04,""xRuns"":1.582,""xWicket"":0.04,""risk"":0.632,""control"":0.448}"
2396,21,2,4,30,27,54,1,0,,TRUE,FALSE,,,,flick,cover_inside,"{""phase"":""powerplay"",""score"":""20/0"",""crr"":7.5,""rrr"":"""",""pressure"":0.043,""xRuns"":1.581,""xWicket"":0.041,""risk"":0.634,""control"":0.488}"
2397,21,2,5,27,30,54,0,2,bye,TRUE,FALSE,,,,defence,mid_on_inside,"{""phase"":""powerplay"",""score"":""22/0"",""crr"":7.76,""rrr"":"""",""pressure"":0.045,""xRuns"":1.512,""xWicket"":0.033,""risk"":0.556,""control"":0.596}"
2398,21,2,6,27,30,54,1,0,,TRUE,FALSE,,,,late_cut,deep_square_leg,"{""phase"":""powerplay"",""score"":""23/0"",""crr"":7.67,""rrr"":"""",""pressure"":0.048,""xRuns"":1.51,""xWicket"":0.034,""risk"":0.557,""control"":0.594}"
2399,21,3,1,27,30,53,2,0,,TRUE,FALSE,,,,straight_drive,silly_mid_wicket,"{""phase"":""powerplay"",""score"":""25/0"",""crr"":7.89,""rrr"":"""",""pressure"":0.051,""xRuns"":1.509,""xWicket"":0.034,""risk"":0.559,""control"":0.482}"
2400,21,3,2,27,30,53,4,0,,TRUE,FALSE,,,,straight_drive,third_point,"{""phase"":""powerplay"",""score"":""29/0"",""crr"":8.7,""rrr"":"""",""pressure"":0.054,""xRuns"":1.508,""xWicket"":0.034,""risk"":0.71,""control"":0.599}"
2401,21,3,3,27,30,53,1,0,,TRUE,FALSE,,,,clip,deep_extra_cover,"{""phase"":""powerplay"",""score"":""30/0"",""crr"":8.57,""rrr"":"""",""pressure"":0.057,""xRuns"":1.507,""xWicket"":0.034,""risk"":0.561,""control"":0.521}"
2402,21,3,4,30,27,53,2,0,,TRUE,FALSE,,,,defence,straight_inside,"{""phase"":""powerplay"",""score"":""32/0"",""crr"":8.73,""rrr"":"""",""pressure"":0.059,""xRuns"":1.574,""xWicket"":0.041,""risk"":0.641,""control"":0.578}"
2403,21,3,5,30,27,53,0,1,bye,TRUE,FALSE,,,,late_cut,straight_inside,"{""phase"":""powerplay"",""score"":""33/0"",""crr"":8.61,""rrr"":"""",""pressure"":0.062,""xRuns"":1.573,""xWicket"":0.041,""risk"":0.642,""control"":0.502}"
2404,21,3,6,27,30,53,4,0,,TRUE,FALSE,,,,paddle_sweep,straight_inside,"{""phase"":""powerplay"",""score"":""37/0"",""crr"":9.25,""rrr"":"""",""pressure"":0.065,""xRuns"":1.503,""xWicket"":0.034,""risk"":0.715,""control"":0.57}"
2405,21,4,1,30,27,52,0,0,,TRUE,FALSE,,,,upper_cut,fine_leg,"{""phase"":""powerplay"",""score"":""37/0"",""crr"":8.88,""rrr"":"""",""pressure"":0.068,""xRuns"":1.58,""xWicket"":0.041,""risk"":0.645,""control"":0.533}"
2406,21,4,2,30,27,52,0,1,no_ball,FALSE,FALSE,,,,lofted,third_point,"{""phase"":""powerplay"",""score"":""38/0"",""crr"":9.12,""rrr"":"""",""pressure"":0.071,""xRuns"":1.579,""xWicket"":0.006,""risk"":0.646,""control"":0.482}"
2407,21,4,2,30,27,52,4,0,,TRUE,FALSE,,,,lofted,square_leg_inside,"{""phase"":""powerplay"",""score"":""42/0"",""crr"":9.69,""rrr"":"""",""pressure"":0.071,""xRuns"":1.579,""xWicket"":0.041,""risk"":0.796,""control"":0.485}"
2408,21,4,3,30,27,52,1,0,,TRUE,FALSE,,,,lofted,short_leg,"{""phase"":""powerplay"",""score"":""43/0"",""crr"":9.56,""rrr"":"""",""pressure"":0.074,""xRuns"":1.578,""xWicket"":0.041,""risk"":0.648,""control"":0.457}"
2409,21,4,4,27,30,52,0,0,,TRUE,FALSE,,,,defence,deep_square_leg,"{""phase"":""powerplay"",""score"":""43/0"",""crr"":9.21,""rrr"":"""",""pressure"":0.077,""xRuns"":1.508,""xWicket"":0.034,""risk"":0.57,""control"":0.472}"
2410,21,4,5,27,30,52,0,0,,TRUE,FALSE,,,,cut,deep_cover,"{""phase"":""powerplay"",""score"":""43/0"",""crr"":8.9,""rrr"":"""",""pressure"":0.079,""xRuns"":1.507,""xWicket"":0.034,""risk"":0.571,""control"":0.542}"
2411,21,4,6,27,30,52,0,0,,TRUE,FALSE,,,,drive,point_inside,"{""phase"":""powerplay"",""score"":""43/0"",""crr"":8.6,""rrr"":"""",""pressure"":0.082,""xRuns"":1.506,""xWicket"":0.034,""risk"":0.573,""control"":0.606}"
2412,21,5,1,30,27,57,0,0,,TRUE,FALSE,,,,on_drive,cover_point_inside,"{""phase"":""powerplay"",""score"":""43/0"",""crr"":8.32,""rrr"":"""",""pressure"":0.085,""xRuns"":1.745,""xWicket"":0.025,""risk"":0.653,""control"":0.537}"
2413,21,5,2,30,27,57,0,0,,TRUE,FALSE,,,,straight_drive,long_off,"{""phase"":""powerplay"",""score"":""43/0"",""crr"":8.06,""rrr"":"""",""pressure"":0.088,""xRuns"":1.743,""xWicket"":0.025,""risk"":0.654,""control"":0.605}"
2414,21,5,3,30,27,57,0,1,bye,TRUE,FALSE,,,,hook,point_inside,"{""phase"":""powerplay"",""score"":""44/0"",""crr"":8.0,""rrr"":"""",""pressure"":0.091,""xRuns"":1.742,""xWicket"":0.025,""risk"":0.655,""control"":0.59}"
2415,21,5,4,27,30,57,0,0,,TRUE,FALSE,,,,sweep,third_point,"{""phase"":""powerplay"",""score"":""44/0"",""crr"":7.76,""rrr"":"""",""pressure"":0.094,""xRuns"":1.672,""xWicket"":0.018,""risk"":0.578,""control"":0.636}"
2416,21,5,5,27,30,57,0,1,wide,FALSE,FALSE,,,,square_cut,silly_mid_on,"{""phase"":""powerplay"",""score"":""45/0"",""crr"":7.94,""rrr"":"""",""pressure"":0.096,""xRuns"":1.671,""xWicket"":0.006,""risk"":0.579,""control"":0.552}"
2417,21,5,5,27,30,57,2,0,,TRUE,FALSE,,,,clip,cover_inside,"{""phase"":""powerplay"",""score"":""47/0"",""crr"":8.06,""rrr"":"""",""pressure"":0.096,""xRuns"":1.671,""xWicket"":0.018,""risk"":0.579,""control"":0.641}"
2418,21,5,6,27,30,57,0,0,,TRUE,FALSE,,,,scoop,long_off,"{""phase"":""powerplay"",""score"":""47/0"",""crr"":7.83,""rrr"":"""",""pressure"":0.099,""xRuns"":1.67,""xWicket"":0.019,""risk"":0.58,""control"":0.618}"
2419,21,6,1,30,27,55,4,0,,TRUE,FALSE,,,,slog,silly_point,"{""phase"":""middle"",""score"":""51/0"",""crr"":8.27,""rrr"":"""",""pressure"":0.102,""xRuns"":1.528,""xWicket"":0.046,""risk"":0.81,""control"":0.528}"
2420,21,6,2,30,27,55,0,0,,TRUE,FALSE,,,,lofted,silly_mid_wicket,"{""phase"":""middle"",""score"":""51/0"",""crr"":8.05,""rrr"":"""",""pressure"":0.105,""xRuns"":1.527,""xWicket"":0.046,""risk"":0.662,""control"":0.495}"
2421,21,6,3,30,27,55,1,0,,TRUE,FALSE,,,,ramp,long_off,"{""phase"":""middle"",""score"":""52/0"",""crr"":8.0,""rrr"":"""",""pressure"":0.108,""xRuns"":1.525,""xWicket"":0.046,""risk"":0.663,""control"":0.447}"
2422,21,6,4,27,30,55,0,0,,TRUE,FALSE,,,,cover_drive,mid_on_inside,"{""phase"":""middle"",""score"":""52/0"",""crr"":7.8,""rrr"":"""",""pressure"":0.111,""xRuns"":1.455,""xWicket"":0.039,""risk"":0.586,""control"":0.475}"
2423,21,6,5,27,30,55,4,0,,TRUE,FALSE,,,,upper_cut,short_leg,"{""phase"":""middle"",""score"":""56/0"",""crr"":8.2,""rrr"":"""",""pressure"":0.113,""xRuns"":1.454,""xWicket"":0.039,""risk"":0.737,""control"":0.589}"
2424,21,6,6,27,30,55,0,0,,TRUE,FALSE,,,,cover_drive,long_off,"{""phase"":""middle"",""score"":""56/0"",""crr"":8.0,""rrr"":"""",""pressure"":0.116,""xRuns"":1.453,""xWicket"":0.039,""risk"":0.588,""control"":0.566}"
2425,21,7,1,30,27,59,0,0,,TRUE,FALSE,,,,cover_drive,cover_inside,"{""phase"":""middle"",""score"":""56/0"",""crr"":7.81,""rrr"":"""",""pressure"":0.119,""xRuns"":1.54,""xWicket"":0.045,""risk"":0.668,""control"":0.452}"
2426,21,7,2,30,27,59,0,0,,TRUE,FALSE,,,,glance,mid_on_inside,"{""phase"":""middle"",""score"":""56/0"",""crr"":7.64,""rrr"":"""",""pressure"":0.122,""xRuns"":1.539,""xWicket"":0.045,""risk"":0.669,""control"":0.494}"
2427,21,7,3,30,27,59,0,0,,TRUE,FALSE,,,,glance,cover_inside,"{""phase"":""middle"",""score"":""56/0"",""crr"":7.47,""rrr"":"""",""pressure"":0.125,""xRuns"":1.537,""xWicket"":0.045,""risk"":0.671,""control"":0.552}"
2428,21,7,4,30,27,59,4,0,,TRUE,FALSE,,,,cover_drive,cover_point_inside,"{""phase"":""middle"",""score"":""60/0"",""crr"":7.83,""rrr"":"""",""pressure"":0.128,""xRuns"":1.536,""xWicket"":0.045,""risk"":0.822,""control"":0.571}"
2429,21,7,5,30,27,59,0,0,,TRUE,FALSE,,,,on_drive,short_leg,"{""phase"":""middle"",""score"":""60/0"",""crr"":7.66,""rrr"":"""",""pressure"":0.13,""xRuns"":1.535,""xWicket"":0.045,""risk"":0.673,""control"":0.48}"
2430,21,7,6,30,27,59,1,0,,TRUE,FALSE,,,,flick,mid_off,"{""phase"":""middle"",""score"":""61/0"",""crr"":7.62,""rrr"":"""",""pressure"":0.133,""xRuns"":1.534,""xWicket"":0.046,""risk"":0.674,""control"":0.472}"
2431,21,8,1,30,27,54,0,0,,TRUE,FALSE,,,,paddle_sweep,mid_on_inside,"{""phase"":""middle"",""score"":""61/0"",""crr"":7.47,""rrr"":"""",""pressure"":0.136,""xRuns"":1.542,""xWicket"":0.045,""risk"":0.675,""control"":0.597}"
2432,21,8,2,30,27,54,1,0,,TRUE,FALSE,,,,ramp,deep_square_leg,"{""phase"":""middle"",""score"":""62/0"",""crr"":7.44,""rrr"":"""",""pressure"":0.139,""xRuns"":1.541,""xWicket"":0.045,""risk"":0.677,""control"":0.447}"
2433,21,8,3,27,30,54,4,0,,TRUE,FALSE,,,,lofted,third_point,"{""phase"":""middle"",""score"":""66/0"",""crr"":7.76,""rrr"":"""",""pressure"":0.142,""xRuns"":1.471,""xWicket"":0.038,""risk"":0.75,""control"":0.521}"
2434,21,8,4,27,30,54,0,0,,TRUE,FALSE,,,,lofted,square_leg_inside,"{""phase"":""middle"",""score"":""66/0"",""crr"":7.62,""rrr"":"""",""pressure"":0.145,""xRuns"":1.47,""xWicket"":0.038,""risk"":0.601,""control"":0.49}"
2435,21,8,5,27,30,54,2,0,,TRUE,FALSE,,,,on_drive,cover_point_inside,"{""phase"":""middle"",""score"":""68/0"",""crr"":7.7,""rrr"":"""",""pressure"":0.147,""xRuns"":1.469,""xWicket"":0.038,""risk"":0.602,""control"":0.453}"
2436,21,8,6,27,30,54,0,0,,TRUE,FALSE,,,,late_cut,fine_leg,"{""phase"":""middle"",""score"":""68/0"",""crr"":7.56,""rrr"":"""",""pressure"":0.15,""xRuns"":1.468,""xWicket"":0.038,""risk"":0.603,""control"":0.504}"
2437,21,9,1,30,27,53,1,0,,TRUE,FALSE,,,,hook,third_point,"{""phase"":""middle"",""score"":""69/0"",""crr"":7.53,""rrr"":"""",""pressure"":0.153,""xRuns"":1.535,""xWicket"":0.045,""risk"":0.683,""control"":0.596}"
2438,21,9,2,27,30,53,2,0,,TRUE,FALSE,,,,paddle_sweep,third_point,"{""phase"":""middle"",""score"":""71/0"",""crr"":7.61,""rrr"":"""",""pressure"":0.156,""xRuns"":1.465,""xWicket"":0.038,""risk"":0.606,""control"":0.46}"
2439,21,9,3,27,30,53,2,0,,TRUE,FALSE,,,,hook,silly_point,"{""phase"":""middle"",""score"":""73/0"",""crr"":7.68,""rrr"":"""",""pressure"":0.159,""xRuns"":1.464,""xWicket"":0.039,""risk"":0.607,""control"":0.447}"
2440,21,9,4,27,30,53,0,0,,TRUE,FALSE,,,,on_drive,square_leg_inside,"{""phase"":""middle"",""score"":""73/0"",""crr"":7.55,""rrr"":"""",""pressure"":0.162,""xRuns"":1.462,""xWicket"":0.039,""risk"":0.609,""control"":0.46}"
2441,21,9,5,27,30,53,1,0,,TRUE,FALSE,,,,ramp,long_on,"{""phase"":""middle"",""score"":""74/0"",""crr"":7.53,""rrr"":"""",""pressure"":0.164,""xRuns"":1.462,""xWicket"":0.039,""risk"":0.61,""control"":0.555}"
2442,21,9,6,30,27,53,4,0,,TRUE,FALSE,,,,cut,fine_leg_inside,"{""phase"":""middle"",""score"":""78/0"",""crr"":7.8,""rrr"":"""",""pressure"":0.167,""xRuns"":1.529,""xWicket"":0.046,""risk"":0.839,""control"":0.589}"
2443,21,10,1,27,30,52,2,0,,TRUE,FALSE,,,,paddle_sweep,fine_leg,"{""phase"":""middle"",""score"":""80/0"",""crr"":7.87,""rrr"":"""",""pressure"":0.17,""xRuns"":1.469,""xWicket"":0.038,""risk"":0.612,""control"":0.574}"
2444,21,10,2,27,30,52,1,0,,TRUE,FALSE,,,,cover_drive,short_leg,"{""phase"":""middle"",""score"":""81/0"",""crr"":7.84,""rrr"":"""",""pressure"":0.173,""xRuns"":1.467,""xWicket"":0.038,""risk"":0.614,""control"":0.494}"
2445,21,10,3,30,27,52,1,0,,TRUE,FALSE,,,,pull,long_on,"{""phase"":""middle"",""score"":""82/0"",""crr"":7.81,""rrr"":"""",""pressure"":0.176,""xRuns"":1.535,""xWicket"":0.046,""risk"":0.693,""control"":0.596}"
2446,21,10,4,27,30,52,0,0,,TRUE,FALSE,,,,ramp,mid_off,"{""phase"":""middle"",""score"":""82/0"",""crr"":7.69,""rrr"":"""",""pressure"":0.179,""xRuns"":1.465,""xWicket"":0.039,""risk"":0.616,""control"":0.456}"
2447,21,10,5,27,30,52,0,0,,TRUE,FALSE,,,,hook,cover_inside,"{""phase"":""middle"",""score"":""82/0"",""crr"":7.57,""rrr"":"""",""pressure"":0.181,""xRuns"":1.464,""xWicket"":0.039,""risk"":0.617,""control"":0.463}"
2448,21,10,6,27,30,52,0,0,,TRUE,FALSE,,,,lofted_drive,long_on,"{""phase"":""middle"",""score"":""82/0"",""crr"":7.45,""rrr"":"""",""pressure"":0.184,""xRuns"":1.463,""xWicket"":0.039,""risk"":0.619,""control"":0.553}"
2449,21,11,1,30,27,57,4,0,,TRUE,FALSE,,,,straight_drive,point_inside,"{""phase"":""middle"",""score"":""86/0"",""crr"":7.7,""rrr"":"""",""pressure"":0.187,""xRuns"":1.702,""xWicket"":0.03,""risk"":0.848,""control"":0.678}"
2450,21,11,2,30,27,57,4,0,,TRUE,FALSE,,,,cut,mid_off,"{""phase"":""middle"",""score"":""90/0"",""crr"":7.94,""rrr"":"""",""pressure"":0.19,""xRuns"":1.7,""xWicket"":0.03,""risk"":0.85,""control"":0.621}"
2451,21,11,3,30,27,57,1,0,,TRUE,FALSE,,,,cut,long_on,"{""phase"":""middle"",""score"":""91/0"",""crr"":7.91,""rrr"":"""",""pressure"":0.193,""xRuns"":1.699,""xWicket"":0.03,""risk"":0.701,""control"":0.564}"
2452,21,11,4,27,30,57,1,0,,TRUE,TRUE,hit_wicket,27,,sweep,third_point,"{""phase"":""middle"",""score"":""92/0"",""crr"":7.89,""rrr"":"""",""pressure"":0.196,""xRuns"":1.629,""xWicket"":0.023,""risk"":0.624,""control"":0.643}"
2453,21,11,5,30,26,57,0,1,wide,FALSE,FALSE,,,,upper_cut,fine_leg,"{""phase"":""middle"",""score"":""93/1"",""crr"":7.97,""rrr"":"""",""pressure"":0.224,""xRuns"":1.686,""xWicket"":0.006,""risk"":0.715,""control"":0.634}"
2454,21,11,5,30,26,57,0,0,,TRUE,FALSE,,,,cover_drive,deep_extra_cover,"{""phase"":""middle"",""score"":""93/1"",""crr"":7.86,""rrr"":"""",""pressure"":0.224,""xRuns"":1.686,""xWicket"":0.031,""risk"":0.715,""control"":0.639}"
2455,21,11,6,30,26,57,1,0,,TRUE,FALSE,,,,ramp,square_leg_inside,"{""phase"":""middle"",""score"":""94/1"",""crr"":7.83,""rrr"":"""",""pressure"":0.227,""xRuns"":1.685,""xWicket"":0.032,""risk"":0.716,""control"":0.613}"
2456,21,12,1,30,26,55,0,0,,TRUE,FALSE,,,,ramp,deep_cover,"{""phase"":""middle"",""score"":""94/1"",""crr"":7.73,""rrr"":"""",""pressure"":0.23,""xRuns"":1.474,""xWicket"":0.052,""risk"":0.718,""control"":0.492}"
2457,21,12,2,30,26,55,1,0,,TRUE,FALSE,,,,slog,fine_leg_inside,"{""phase"":""middle"",""score"":""95/1"",""crr"":7.7,""rrr"":"""",""pressure"":0.233,""xRuns"":1.473,""xWicket"":0.052,""risk"":0.719,""control"":0.572}"
2458,21,12,3,26,30,55,0,0,,TRUE,FALSE,,,,clip,third_point,"{""phase"":""middle"",""score"":""95/1"",""crr"":7.6,""rrr"":"""",""pressure"":0.236,""xRuns"":1.266,""xWicket"":0.038,""risk"":0.499,""control"":0.492}"
2459,21,12,4,26,30,55,0,0,,TRUE,FALSE,,,,upper_cut,silly_mid_wicket,"{""phase"":""middle"",""score"":""95/1"",""crr"":7.5,""rrr"":"""",""pressure"":0.239,""xRuns"":1.265,""xWicket"":0.038,""risk"":0.5,""control"":0.485}"
2460,21,12,5,26,30,55,1,0,,TRUE,TRUE,caught,26,Anay Gupta,lofted_drive,third_point,"{""phase"":""middle"",""score"":""96/1"",""crr"":7.48,""rrr"":"""",""pressure"":0.241,""xRuns"":1.264,""xWicket"":0.038,""risk"":0.501,""control"":0.448}"
2461,21,12,6,30,17,55,2,0,,TRUE,FALSE,,,,flick,silly_mid_wicket,"{""phase"":""middle"",""score"":""98/2"",""crr"":7.54,""rrr"":"""",""pressure"":0.27,""xRuns"":1.457,""xWicket"":0.053,""risk"":0.736,""control"":0.568}"
2462,21,13,1,17,30,59,4,0,,TRUE,FALSE,,,,late_cut,third_point,"{""phase"":""middle"",""score"":""102/2"",""crr"":7.75,""rrr"":"""",""pressure"":0.273,""xRuns"":1.445,""xWicket"":0.053,""risk"":0.88,""control"":0.519}"
2463,21,13,2,17,30,59,0,0,,TRUE,FALSE,,,,cover_drive,square_leg_inside,"{""phase"":""middle"",""score"":""102/2"",""crr"":7.65,""rrr"":"""",""pressure"":0.276,""xRuns"":1.444,""xWicket"":0.053,""risk"":0.731,""control"":0.431}"
2464,21,13,3,17,30,59,0,0,,TRUE,TRUE,caught,17,Arnav Suri,cover_drive,square_leg_inside,"{""phase"":""middle"",""score"":""102/2"",""crr"":7.56,""rrr"":"""",""pressure"":0.279,""xRuns"":1.443,""xWicket"":0.054,""risk"":0.733,""control"":0.522}"
2465,21,13,4,19,30,59,0,0,,TRUE,FALSE,,,,clip,silly_mid_wicket,"{""phase"":""middle"",""score"":""102/3"",""crr"":7.46,""rrr"":"""",""pressure"":0.308,""xRuns"":1.268,""xWicket"":0.043,""risk"":0.56,""control"":0.452}"
2466,21,13,5,19,30,59,0,0,,TRUE,TRUE,caught,19,Arnav Suri,ramp,fine_leg,"{""phase"":""middle"",""score"":""102/3"",""crr"":7.37,""rrr"":"""",""pressure"":0.31,""xRuns"":1.267,""xWicket"":0.043,""risk"":0.561,""control"":0.448}"
2467,21,13,6,21,30,59,1,0,,TRUE,FALSE,,,,late_cut,third_point,"{""phase"":""middle"",""score"":""103/4"",""crr"":7.36,""rrr"":"""",""pressure"":0.339,""xRuns"":1.14,""xWicket"":0.049,""risk"":0.51,""control"":0.452}"
2468,21,14,1,21,30,54,0,0,,TRUE,FALSE,,,,drive,cover_inside,"{""phase"":""middle"",""score"":""103/4"",""crr"":7.27,""rrr"":"""",""pressure"":0.342,""xRuns"":1.148,""xWicket"":0.048,""risk"":0.511,""control"":0.436}"
2469,21,14,2,21,30,54,0,0,,TRUE,FALSE,,,,lofted,point_inside,"{""phase"":""middle"",""score"":""103/4"",""crr"":7.19,""rrr"":"""",""pressure"":0.345,""xRuns"":1.147,""xWicket"":0.048,""risk"":0.512,""control"":0.512}"
2470,21,14,3,21,30,54,0,1,wide,FALSE,FALSE,,,,sweep,point_inside,"{""phase"":""middle"",""score"":""104/4"",""crr"":7.26,""rrr"":"""",""pressure"":0.348,""xRuns"":1.146,""xWicket"":0.006,""risk"":0.514,""control"":0.455}"
2471,21,14,3,21,30,54,0,0,,TRUE,FALSE,,,,lofted_drive,cover_inside,"{""phase"":""middle"",""score"":""104/4"",""crr"":7.17,""rrr"":"""",""pressure"":0.348,""xRuns"":1.146,""xWicket"":0.048,""risk"":0.514,""control"":0.503}"
2472,21,14,4,21,30,54,0,0,,TRUE,FALSE,,,,ramp,third_point,"{""phase"":""middle"",""score"":""104/4"",""crr"":7.09,""rrr"":"""",""pressure"":0.351,""xRuns"":1.144,""xWicket"":0.049,""risk"":0.515,""control"":0.518}"
2473,21,14,5,21,30,54,0,0,,TRUE,TRUE,hit_wicket,21,,glance,deep_square_leg,"{""phase"":""middle"",""score"":""104/4"",""crr"":7.01,""rrr"":"""",""pressure"":0.353,""xRuns"":1.144,""xWicket"":0.049,""risk"":0.516,""control"":0.44}"
2474,21,14,6,29,30,54,3,0,,TRUE,FALSE,,,,pull,deep_square_leg,"{""phase"":""middle"",""score"":""107/5"",""crr"":7.13,""rrr"":"""",""pressure"":0.382,""xRuns"":0.682,""xWicket"":0.088,""risk"":0.593,""control"":0.01}"
2475,21,15,1,29,30,53,0,0,,TRUE,FALSE,,,,pull,cover_point_inside,"{""phase"":""death"",""score"":""107/5"",""crr"":7.05,""rrr"":"""",""pressure"":0.385,""xRuns"":0.681,""xWicket"":0.106,""risk"":0.595,""control"":0.048}"
2476,21,15,2,29,30,53,1,0,,TRUE,FALSE,,,,defence,point_inside,"{""phase"":""death"",""score"":""108/5"",""crr"":7.04,""rrr"":"""",""pressure"":0.388,""xRuns"":0.679,""xWicket"":0.106,""risk"":0.596,""control"":0.093}"
2477,21,15,3,30,29,53,4,0,,TRUE,FALSE,,,,cover_drive,cover_point_inside,"{""phase"":""death"",""score"":""112/5"",""crr"":7.23,""rrr"":"""",""pressure"":0.391,""xRuns"":1.435,""xWicket"":0.074,""risk"":0.94,""control"":0.527}"
2478,21,15,4,30,29,53,0,0,,TRUE,FALSE,,,,scoop,fine_leg_inside,"{""phase"":""death"",""score"":""112/5"",""crr"":7.15,""rrr"":"""",""pressure"":0.394,""xRuns"":1.434,""xWicket"":0.074,""risk"":0.792,""control"":0.521}"
2479,21,15,5,30,29,53,2,0,,TRUE,FALSE,,,,sweep,deep_extra_cover,"{""phase"":""death"",""score"":""114/5"",""crr"":7.2,""rrr"":"""",""pressure"":0.396,""xRuns"":1.433,""xWicket"":0.074,""risk"":0.792,""control"":0.588}"
2480,21,15,6,30,29,53,4,0,,TRUE,FALSE,,,,clip,cover_point_inside,"{""phase"":""death"",""score"":""118/5"",""crr"":7.38,""rrr"":"""",""pressure"":0.399,""xRuns"":1.432,""xWicket"":0.075,""risk"":0.944,""control"":0.472}"
2481,21,16,1,29,30,59,3,0,,TRUE,FALSE,,,,clip,third_point,"{""phase"":""death"",""score"":""121/5"",""crr"":7.48,""rrr"":"""",""pressure"":0.402,""xRuns"":0.664,""xWicket"":0.107,""risk"":0.602,""control"":0.002}"
2482,21,16,2,30,29,59,4,0,,TRUE,FALSE,,,,late_cut,long_on,"{""phase"":""death"",""score"":""125/5"",""crr"":7.65,""rrr"":"""",""pressure"":0.405,""xRuns"":1.42,""xWicket"":0.076,""risk"":0.947,""control"":0.48}"
2483,21,16,3,30,29,59,4,0,,TRUE,FALSE,,,,ramp,silly_mid_on,"{""phase"":""death"",""score"":""129/5"",""crr"":7.82,""rrr"":"""",""pressure"":0.408,""xRuns"":1.418,""xWicket"":0.076,""risk"":0.948,""control"":0.593}"
2484,21,16,4,30,29,59,6,0,,TRUE,FALSE,,,,lofted,deep_square_leg,"{""phase"":""death"",""score"":""135/5"",""crr"":8.1,""rrr"":"""",""pressure"":0.411,""xRuns"":1.417,""xWicket"":0.076,""risk"":0.949,""control"":0.444}"
2485,21,16,5,30,29,59,0,1,bye,TRUE,FALSE,,,,reverse_sweep,cover_point_inside,"{""phase"":""death"",""score"":""136/5"",""crr"":8.08,""rrr"":"""",""pressure"":0.413,""xRuns"":1.416,""xWicket"":0.076,""risk"":0.8,""control"":0.578}"
2486,21,16,6,29,30,59,4,0,,TRUE,FALSE,,,,straight_drive,long_on,"{""phase"":""death"",""score"":""140/5"",""crr"":8.24,""rrr"":"""",""pressure"":0.416,""xRuns"":0.658,""xWicket"":0.108,""risk"":0.759,""control"":0.026}"
2487,21,17,1,30,29,57,0,0,,TRUE,FALSE,,,,late_cut,third_point,"{""phase"":""death"",""score"":""140/5"",""crr"":8.16,""rrr"":"""",""pressure"":0.419,""xRuns"":1.604,""xWicket"":0.058,""risk"":0.803,""control"":0.582}"
2488,21,17,2,30,29,57,4,0,,TRUE,FALSE,,,,flick,square_leg_inside,"{""phase"":""death"",""score"":""144/5"",""crr"":8.31,""rrr"":"""",""pressure"":0.422,""xRuns"":1.603,""xWicket"":0.058,""risk"":0.954,""control"":0.566}"
2489,21,17,3,30,29,57,4,0,,TRUE,FALSE,,,,paddle_sweep,silly_mid_wicket,"{""phase"":""death"",""score"":""148/5"",""crr"":8.46,""rrr"":"""",""pressure"":0.425,""xRuns"":1.602,""xWicket"":0.058,""risk"":0.956,""control"":0.605}"
2490,21,17,4,30,29,57,1,0,,TRUE,FALSE,,,,ramp,silly_mid_wicket,"{""phase"":""death"",""score"":""149/5"",""crr"":8.43,""rrr"":"""",""pressure"":0.428,""xRuns"":1.6,""xWicket"":0.059,""risk"":0.807,""control"":0.521}"
2491,21,17,5,29,30,57,4,0,,TRUE,FALSE,,,,cover_drive,silly_mid_on,"{""phase"":""death"",""score"":""153/5"",""crr"":8.58,""rrr"":"""",""pressure"":0.43,""xRuns"":0.843,""xWicket"":0.09,""risk"":0.765,""control"":0.02}"
2492,21,17,6,29,30,57,1,0,,TRUE,FALSE,,,,clip,silly_mid_wicket,"{""phase"":""death"",""score"":""154/5"",""crr"":8.56,""rrr"":"""",""pressure"":0.433,""xRuns"":0.841,""xWicket"":0.091,""risk"":0.616,""control"":0.126}"
2493,21,18,1,29,30,57,4,0,,TRUE,FALSE,,,,reverse_sweep,straight_inside,"{""phase"":""death"",""score"":""158/5"",""crr"":8.7,""rrr"":"""",""pressure"":0.436,""xRuns"":0.84,""xWicket"":0.091,""risk"":0.768,""control"":0.113}"
2494,21,18,2,29,30,57,0,2,bye,TRUE,FALSE,,,,paddle_sweep,mid_on_area,"{""phase"":""death"",""score"":""160/5"",""crr"":8.73,""rrr"":"""",""pressure"":0.439,""xRuns"":0.839,""xWicket"":0.091,""risk"":0.619,""control"":0.086}"
2495,21,18,3,29,30,57,2,0,,TRUE,TRUE,caught,29,Madhav Iyer,cover_drive,deep_cover,"{""phase"":""death"",""score"":""162/5"",""crr"":8.76,""rrr"":"""",""pressure"":0.442,""xRuns"":0.838,""xWicket"":0.091,""risk"":0.62,""control"":0.087}"
2496,21,18,4,22,30,57,4,0,,TRUE,FALSE,,,,cut,fine_leg_inside,"{""phase"":""death"",""score"":""166/6"",""crr"":8.89,""rrr"":"""",""pressure"":0.471,""xRuns"":0.548,""xWicket"":0.111,""risk"":0.762,""control"":0}"
2497,21,18,5,22,30,57,6,0,,TRUE,FALSE,,,,defence,silly_mid_wicket,"{""phase"":""death"",""score"":""172/6"",""crr"":9.13,""rrr"":"""",""pressure"":0.473,""xRuns"":0.547,""xWicket"":0.111,""risk"":0.763,""control"":0}"
2498,21,18,6,22,30,57,0,0,,TRUE,FALSE,,,,square_cut,deep_extra_cover,"{""phase"":""death"",""score"":""172/6"",""crr"":9.05,""rrr"":"""",""pressure"":0.476,""xRuns"":0.546,""xWicket"":0.111,""risk"":0.614,""control"":0}"
2499,21,19,1,30,22,52,6,0,,TRUE,FALSE,,,,cut,cover_point_inside,"{""phase"":""death"",""score"":""178/6"",""crr"":9.29,""rrr"":"""",""pressure"":0.479,""xRuns"":1.408,""xWicket"":0.077,""risk"":0.98,""control"":0.491}"
2500,21,19,2,30,22,52,1,0,,TRUE,FALSE,,,,sweep,deep_extra_cover,"{""phase"":""death"",""score"":""179/6"",""crr"":9.26,""rrr"":"""",""pressure"":0.482,""xRuns"":1.406,""xWicket"":0.077,""risk"":0.831,""control"":0.58}"
2501,21,19,3,22,30,52,1,0,,TRUE,TRUE,caught,22,Shaan Oberoi,flick,silly_point,"{""phase"":""death"",""score"":""180/6"",""crr"":9.23,""rrr"":"""",""pressure"":0.485,""xRuns"":0.371,""xWicket"":0.128,""risk"":0.618,""control"":0}"
2502,21,19,4,30,24,52,1,0,,TRUE,FALSE,,,,clip,straight_inside,"{""phase"":""death"",""score"":""181/7"",""crr"":9.2,""rrr"":"""",""pressure"":0.514,""xRuns"":1.393,""xWicket"":0.079,""risk"":0.846,""control"":0.517}"
2503,21,19,5,24,30,52,4,0,,TRUE,FALSE,,,,reverse_sweep,silly_point,"{""phase"":""death"",""score"":""185/7"",""crr"":9.33,""rrr"":"""",""pressure"":0.516,""xRuns"":0.524,""xWicket"":0.137,""risk"":0.932,""control"":0}"
2504,21,19,6,24,30,52,4,0,,TRUE,FALSE,,,,lofted,silly_mid_on,"{""phase"":""death"",""score"":""189/7"",""crr"":9.45,""rrr"":"""",""pressure"":0.519,""xRuns"":0.523,""xWicket"":0.137,""risk"":0.934,""control"":0}"
2505,22,0,1,60,46,29,4,0,,TRUE,FALSE,,,,defence,long_on,"{""phase"":""powerplay"",""score"":""4/0"",""crr"":24.0,""rrr"":9.38,""pressure"":0.271,""xRuns"":1.303,""xWicket"":0.041,""risk"":0.693,""control"":0.564}"
2506,22,0,2,60,46,29,0,0,,TRUE,FALSE,,,,hook,fine_leg_inside,"{""phase"":""powerplay"",""score"":""4/0"",""crr"":12.0,""rrr"":9.46,""pressure"":0.271,""xRuns"":1.303,""xWicket"":0.041,""risk"":0.543,""control"":0.565}"
2507,22,0,3,60,46,29,0,0,,TRUE,FALSE,,,,late_cut,long_on,"{""phase"":""powerplay"",""score"":""4/0"",""crr"":8.0,""rrr"":9.54,""pressure"":0.276,""xRuns"":1.301,""xWicket"":0.041,""risk"":0.546,""control"":0.466}"
2508,22,0,4,60,46,29,1,0,,TRUE,FALSE,,,,lofted,silly_mid_wicket,"{""phase"":""powerplay"",""score"":""5/0"",""crr"":7.5,""rrr"":9.57,""pressure"":0.281,""xRuns"":1.298,""xWicket"":0.041,""risk"":0.548,""control"":0.439}"
2509,22,0,5,46,60,29,1,0,,TRUE,FALSE,,,,upper_cut,cover_inside,"{""phase"":""powerplay"",""score"":""6/0"",""crr"":7.2,""rrr"":9.6,""pressure"":0.285,""xRuns"":1.299,""xWicket"":0.042,""risk"":0.593,""control"":0.463}"
2510,22,0,6,60,46,29,0,0,,TRUE,FALSE,,,,late_cut,mid_on_inside,"{""phase"":""powerplay"",""score"":""6/0"",""crr"":6.0,""rrr"":9.68,""pressure"":0.288,""xRuns"":1.296,""xWicket"":0.041,""risk"":0.551,""control"":0.433}"
2511,22,1,1,46,60,22,0,0,,TRUE,FALSE,,,,drive,silly_point,"{""phase"":""powerplay"",""score"":""6/0"",""crr"":5.14,""rrr"":9.77,""pressure"":0.294,""xRuns"":1.371,""xWicket"":0.035,""risk"":0.597,""control"":0.556}"
2512,22,1,2,46,60,22,1,0,,TRUE,FALSE,,,,glance,silly_mid_wicket,"{""phase"":""powerplay"",""score"":""7/0"",""crr"":5.25,""rrr"":9.8,""pressure"":0.299,""xRuns"":1.369,""xWicket"":0.035,""risk"":0.599,""control"":0.524}"
2513,22,1,3,60,46,22,1,0,,TRUE,FALSE,,,,lofted,deep_square_leg,"{""phase"":""powerplay"",""score"":""8/0"",""crr"":5.33,""rrr"":9.84,""pressure"":0.303,""xRuns"":1.365,""xWicket"":0.035,""risk"":0.558,""control"":0.505}"
2514,22,1,4,46,60,22,1,0,,TRUE,FALSE,,,,late_cut,long_off,"{""phase"":""powerplay"",""score"":""9/0"",""crr"":5.4,""rrr"":9.87,""pressure"":0.307,""xRuns"":1.366,""xWicket"":0.035,""risk"":0.602,""control"":0.528}"
2515,22,1,5,60,46,22,0,0,,TRUE,TRUE,bowled,60,,drive,square_leg_inside,"{""phase"":""powerplay"",""score"":""9/0"",""crr"":4.91,""rrr"":9.96,""pressure"":0.31,""xRuns"":1.362,""xWicket"":0.035,""risk"":0.561,""control"":0.462}"
2516,22,1,6,56,46,22,4,0,,TRUE,TRUE,caught,56,Lakshya Goyal,hook,deep_cover,"{""phase"":""powerplay"",""score"":""13/1"",""crr"":6.5,""rrr"":9.83,""pressure"":0.342,""xRuns"":1.458,""xWicket"":0.048,""risk"":0.89,""control"":0.452}"
2517,22,2,1,46,58,24,0,0,,TRUE,FALSE,,,,pull,mid_on_area,"{""phase"":""powerplay"",""score"":""13/2"",""crr"":6.0,""rrr"":9.93,""pressure"":0.367,""xRuns"":1.341,""xWicket"":0.038,""risk"":0.629,""control"":0.546}"
2518,22,2,2,46,58,24,4,0,,TRUE,FALSE,,,,scoop,deep_square_leg,"{""phase"":""powerplay"",""score"":""17/2"",""crr"":7.29,""rrr"":9.79,""pressure"":0.373,""xRuns"":1.338,""xWicket"":0.038,""risk"":0.782,""control"":0.545}"
2519,22,2,3,46,58,24,0,0,,TRUE,FALSE,,,,late_cut,long_off,"{""phase"":""powerplay"",""score"":""17/2"",""crr"":6.8,""rrr"":9.89,""pressure"":0.371,""xRuns"":1.339,""xWicket"":0.038,""risk"":0.631,""control"":0.437}"
2520,22,2,4,46,58,24,0,0,,TRUE,FALSE,,,,slog,deep_cover,"{""phase"":""powerplay"",""score"":""17/2"",""crr"":6.38,""rrr"":9.98,""pressure"":0.377,""xRuns"":1.337,""xWicket"":0.039,""risk"":0.634,""control"":0.543}"
2521,22,2,5,46,58,24,2,0,,TRUE,FALSE,,,,paddle_sweep,third_point,"{""phase"":""powerplay"",""score"":""19/2"",""crr"":6.71,""rrr"":9.96,""pressure"":0.382,""xRuns"":1.334,""xWicket"":0.039,""risk"":0.636,""control"":0.557}"
2522,22,2,6,46,58,24,0,0,,TRUE,FALSE,,,,flick,fine_leg,"{""phase"":""powerplay"",""score"":""19/2"",""crr"":6.33,""rrr"":10.06,""pressure"":0.385,""xRuns"":1.333,""xWicket"":0.039,""risk"":0.638,""control"":0.5}"
2523,22,3,1,58,46,23,1,0,,TRUE,FALSE,,,,on_drive,cover_inside,"{""phase"":""powerplay"",""score"":""20/2"",""crr"":6.32,""rrr"":10.1,""pressure"":0.39,""xRuns"":1.271,""xWicket"":0.045,""risk"":0.59,""control"":0.416}"
2524,22,3,2,46,58,23,0,1,wide,FALSE,FALSE,,,,clip,silly_point,"{""phase"":""powerplay"",""score"":""21/2"",""crr"":6.63,""rrr"":10.04,""pressure"":0.394,""xRuns"":1.348,""xWicket"":0.006,""risk"":0.642,""control"":0.591}"
2525,22,3,2,46,58,23,1,0,,TRUE,FALSE,,,,paddle_sweep,mid_on_inside,"{""phase"":""powerplay"",""score"":""22/2"",""crr"":6.6,""rrr"":10.08,""pressure"":0.393,""xRuns"":1.349,""xWicket"":0.037,""risk"":0.641,""control"":0.597}"
2526,22,3,3,58,46,23,0,0,,TRUE,FALSE,,,,drive,straight_inside,"{""phase"":""powerplay"",""score"":""22/2"",""crr"":6.29,""rrr"":10.18,""pressure"":0.397,""xRuns"":1.268,""xWicket"":0.046,""risk"":0.593,""control"":0.518}"
2527,22,3,4,58,46,23,1,0,,TRUE,FALSE,,,,on_drive,third_point,"{""phase"":""powerplay"",""score"":""23/2"",""crr"":6.27,""rrr"":10.22,""pressure"":0.402,""xRuns"":1.266,""xWicket"":0.046,""risk"":0.595,""control"":0.561}"
2528,22,3,5,46,58,23,6,0,,TRUE,FALSE,,,,on_drive,deep_cover,"{""phase"":""powerplay"",""score"":""29/2"",""crr"":7.57,""rrr"":9.96,""pressure"":0.406,""xRuns"":1.343,""xWicket"":0.038,""risk"":0.797,""control"":0.549}"
2529,22,3,6,46,58,23,2,0,,TRUE,FALSE,,,,late_cut,mid_off,"{""phase"":""powerplay"",""score"":""31/2"",""crr"":7.75,""rrr"":9.94,""pressure"":0.402,""xRuns"":1.345,""xWicket"":0.038,""risk"":0.645,""control"":0.582}"
2530,22,4,1,58,46,25,0,0,,TRUE,FALSE,,,,reverse_sweep,cover_inside,"{""phase"":""powerplay"",""score"":""31/2"",""crr"":7.44,""rrr"":10.04,""pressure"":0.404,""xRuns"":1.275,""xWicket"":0.045,""risk"":0.596,""control"":0.443}"
2531,22,4,2,58,46,25,1,0,,TRUE,FALSE,,,,drive,mid_off,"{""phase"":""powerplay"",""score"":""32/2"",""crr"":7.38,""rrr"":10.09,""pressure"":0.41,""xRuns"":1.272,""xWicket"":0.045,""risk"":0.599,""control"":0.537}"
2532,22,4,3,46,58,25,2,0,,TRUE,FALSE,,,,cover_drive,silly_mid_on,"{""phase"":""powerplay"",""score"":""34/2"",""crr"":7.56,""rrr"":10.06,""pressure"":0.414,""xRuns"":1.35,""xWicket"":0.037,""risk"":0.651,""control"":0.471}"
2533,22,4,4,46,58,25,2,0,,TRUE,FALSE,,,,square_cut,cover_inside,"{""phase"":""powerplay"",""score"":""36/2"",""crr"":7.71,""rrr"":10.04,""pressure"":0.416,""xRuns"":1.349,""xWicket"":0.038,""risk"":0.651,""control"":0.525}"
2534,22,4,5,46,58,25,0,0,,TRUE,FALSE,,,,scoop,mid_on_area,"{""phase"":""powerplay"",""score"":""36/2"",""crr"":7.45,""rrr"":10.15,""pressure"":0.418,""xRuns"":1.348,""xWicket"":0.038,""risk"":0.652,""control"":0.464}"
2535,22,4,6,46,58,25,4,0,,TRUE,FALSE,,,,late_cut,long_on,"{""phase"":""powerplay"",""score"":""40/2"",""crr"":8.0,""rrr"":10.0,""pressure"":0.424,""xRuns"":1.345,""xWicket"":0.038,""risk"":0.805,""control"":0.524}"
2536,22,5,1,58,46,29,4,0,,TRUE,FALSE,,,,flick,silly_mid_on,"{""phase"":""powerplay"",""score"":""44/2"",""crr"":8.52,""rrr"":9.84,""pressure"":0.423,""xRuns"":1.162,""xWicket"":0.056,""risk"":0.755,""control"":0.387}"
2537,22,5,2,58,46,29,0,0,,TRUE,FALSE,,,,lofted_drive,straight_inside,"{""phase"":""powerplay"",""score"":""44/2"",""crr"":8.25,""rrr"":9.95,""pressure"":0.421,""xRuns"":1.163,""xWicket"":0.056,""risk"":0.604,""control"":0.525}"
2538,22,5,3,58,46,29,1,0,,TRUE,FALSE,,,,cut,silly_point,"{""phase"":""powerplay"",""score"":""45/2"",""crr"":8.18,""rrr"":10.0,""pressure"":0.427,""xRuns"":1.16,""xWicket"":0.056,""risk"":0.606,""control"":0.4}"
2539,22,5,4,46,58,29,1,0,,TRUE,TRUE,hit_wicket,46,,hook,straight_inside,"{""phase"":""powerplay"",""score"":""46/2"",""crr"":8.12,""rrr"":10.05,""pressure"":0.431,""xRuns"":1.238,""xWicket"":0.048,""risk"":0.658,""control"":0.555}"
2540,22,5,5,58,57,29,0,1,no_ball,FALSE,FALSE,,,,reverse_sweep,silly_mid_wicket,"{""phase"":""powerplay"",""score"":""47/3"",""crr"":8.29,""rrr"":9.98,""pressure"":0.461,""xRuns"":1.146,""xWicket"":0.009,""risk"":0.622,""control"":0.511}"
2541,22,5,5,58,57,29,0,0,,TRUE,TRUE,lbw,58,,cut,silly_mid_on,"{""phase"":""powerplay"",""score"":""47/3"",""crr"":8.06,""rrr"":10.09,""pressure"":0.459,""xRuns"":1.147,""xWicket"":0.057,""risk"":0.621,""control"":0.445}"
2542,22,5,6,47,57,29,4,0,,TRUE,FALSE,,,,square_cut,mid_on_area,"{""phase"":""powerplay"",""score"":""51/4"",""crr"":8.5,""rrr"":9.93,""pressure"":0.491,""xRuns"":1.193,""xWicket"":0.068,""risk"":0.921,""control"":0.396}"
2543,22,6,1,57,47,22,4,0,,TRUE,FALSE,,,,reverse_sweep,mid_on_area,"{""phase"":""middle"",""score"":""55/4"",""crr"":8.92,""rrr"":9.76,""pressure"":0.49,""xRuns"":1.374,""xWicket"":0.053,""risk"":0.999,""control"":0.412}"
2544,22,6,2,57,47,22,1,0,,TRUE,FALSE,,,,late_cut,cover_inside,"{""phase"":""middle"",""score"":""56/4"",""crr"":8.84,""rrr"":9.8,""pressure"":0.488,""xRuns"":1.375,""xWicket"":0.053,""risk"":0.848,""control"":0.476}"
2545,22,6,3,47,57,22,0,0,,TRUE,FALSE,,,,drive,straight_inside,"{""phase"":""middle"",""score"":""56/4"",""crr"":8.62,""rrr"":9.93,""pressure"":0.492,""xRuns"":1.269,""xWicket"":0.061,""risk"":0.771,""control"":0.398}"
2546,22,6,4,47,57,22,1,0,,TRUE,FALSE,,,,sweep,mid_off,"{""phase"":""middle"",""score"":""57/4"",""crr"":8.55,""rrr"":9.97,""pressure"":0.498,""xRuns"":1.267,""xWicket"":0.061,""risk"":0.774,""control"":0.436}"
2547,22,6,5,57,47,22,0,0,,TRUE,FALSE,,,,paddle_sweep,mid_on_inside,"{""phase"":""middle"",""score"":""57/4"",""crr"":8.34,""rrr"":10.1,""pressure"":0.502,""xRuns"":1.369,""xWicket"":0.053,""risk"":0.854,""control"":0.503}"
2548,22,6,6,57,47,22,0,1,wide,FALSE,FALSE,,,,flick,deep_square_leg,"{""phase"":""middle"",""score"":""58/4"",""crr"":8.49,""rrr"":10.03,""pressure"":0.509,""xRuns"":1.366,""xWicket"":0.006,""risk"":0.858,""control"":0.409}"
2549,22,6,6,57,47,22,1,0,,TRUE,FALSE,,,,cover_drive,third_point,"{""phase"":""middle"",""score"":""59/4"",""crr"":8.43,""rrr"":10.08,""pressure"":0.507,""xRuns"":1.367,""xWicket"":0.053,""risk"":0.857,""control"":0.385}"
2550,22,7,1,57,47,24,1,0,,TRUE,FALSE,,,,on_drive,long_off,"{""phase"":""middle"",""score"":""60/4"",""crr"":8.37,""rrr"":10.13,""pressure"":0.511,""xRuns"":1.365,""xWicket"":0.054,""risk"":0.859,""control"":0.392}"
2551,22,7,2,47,57,24,1,0,,TRUE,FALSE,,,,on_drive,long_off,"{""phase"":""middle"",""score"":""61/4"",""crr"":8.32,""rrr"":10.18,""pressure"":0.515,""xRuns"":1.259,""xWicket"":0.062,""risk"":0.782,""control"":0.365}"
2552,22,7,3,57,47,24,6,0,,TRUE,FALSE,,,,sweep,cover_inside,"{""phase"":""middle"",""score"":""67/4"",""crr"":8.93,""rrr"":9.84,""pressure"":0.52,""xRuns"":1.361,""xWicket"":0.054,""risk"":1,""control"":0.393}"
2553,22,7,4,57,47,24,0,0,,TRUE,FALSE,,,,lofted_drive,short_leg,"{""phase"":""middle"",""score"":""67/4"",""crr"":8.74,""rrr"":9.97,""pressure"":0.513,""xRuns"":1.364,""xWicket"":0.054,""risk"":0.859,""control"":0.486}"
2554,22,7,5,57,47,24,0,0,,TRUE,FALSE,,,,ramp,long_on,"{""phase"":""middle"",""score"":""67/4"",""crr"":8.55,""rrr"":10.11,""pressure"":0.519,""xRuns"":1.362,""xWicket"":0.054,""risk"":0.862,""control"":0.508}"
2555,22,7,6,57,47,24,1,0,,TRUE,FALSE,,,,defence,long_off,"{""phase"":""middle"",""score"":""68/4"",""crr"":8.5,""rrr"":10.17,""pressure"":0.526,""xRuns"":1.359,""xWicket"":0.054,""risk"":0.865,""control"":0.501}"
2556,22,8,1,57,47,23,0,0,,TRUE,FALSE,,,,pull,mid_on_inside,"{""phase"":""middle"",""score"":""68/4"",""crr"":8.33,""rrr"":10.31,""pressure"":0.531,""xRuns"":1.376,""xWicket"":0.053,""risk"":0.868,""control"":0.492}"
2557,22,8,2,57,47,23,1,0,,TRUE,FALSE,,,,slog,square_leg_inside,"{""phase"":""middle"",""score"":""69/4"",""crr"":8.28,""rrr"":10.37,""pressure"":0.537,""xRuns"":1.373,""xWicket"":0.053,""risk"":0.87,""control"":0.504}"
2558,22,8,3,47,57,23,0,0,,TRUE,FALSE,,,,cover_drive,deep_extra_cover,"{""phase"":""middle"",""score"":""69/4"",""crr"":8.12,""rrr"":10.52,""pressure"":0.542,""xRuns"":1.267,""xWicket"":0.061,""risk"":0.794,""control"":0.495}"
2559,22,8,4,47,57,23,0,0,,TRUE,FALSE,,,,flick,third_point,"{""phase"":""middle"",""score"":""69/4"",""crr"":7.96,""rrr"":10.68,""pressure"":0.549,""xRuns"":1.264,""xWicket"":0.062,""risk"":0.797,""control"":0.514}"
2560,22,8,5,47,57,23,0,0,,TRUE,FALSE,,,,flick,deep_extra_cover,"{""phase"":""middle"",""score"":""69/4"",""crr"":7.81,""rrr"":10.84,""pressure"":0.556,""xRuns"":1.261,""xWicket"":0.062,""risk"":0.8,""control"":0.411}"
2561,22,8,6,47,57,23,1,0,,TRUE,FALSE,,,,pull,mid_on_inside,"{""phase"":""middle"",""score"":""70/4"",""crr"":7.78,""rrr"":10.91,""pressure"":0.564,""xRuns"":1.258,""xWicket"":0.062,""risk"":0.804,""control"":0.365}"
2562,22,9,1,47,57,25,1,0,,TRUE,FALSE,,,,lofted,mid_on_area,"{""phase"":""middle"",""score"":""71/4"",""crr"":7.75,""rrr"":10.98,""pressure"":0.569,""xRuns"":1.265,""xWicket"":0.062,""risk"":0.806,""control"":0.429}"
2563,22,9,2,57,47,25,0,0,,TRUE,FALSE,,,,upper_cut,point_inside,"{""phase"":""middle"",""score"":""71/4"",""crr"":7.61,""rrr"":11.16,""pressure"":0.574,""xRuns"":1.367,""xWicket"":0.054,""risk"":0.887,""control"":0.444}"
2564,22,9,3,57,47,25,0,0,,TRUE,TRUE,bowled,57,,drive,silly_mid_wicket,"{""phase"":""middle"",""score"":""71/4"",""crr"":7.47,""rrr"":11.33,""pressure"":0.582,""xRuns"":1.364,""xWicket"":0.054,""risk"":0.89,""control"":0.458}"
2565,22,9,4,55,47,25,0,0,,TRUE,TRUE,caught,55,Abeer Khan,upper_cut,silly_mid_on,"{""phase"":""middle"",""score"":""71/5"",""crr"":7.34,""rrr"":11.52,""pressure"":0.615,""xRuns"":0.849,""xWicket"":0.097,""risk"":0.884,""control"":0.131}"
2566,22,9,5,59,47,25,0,1,wide,FALSE,FALSE,,,,sweep,deep_square_leg,"{""phase"":""middle"",""score"":""72/6"",""crr"":7.45,""rrr"":11.42,""pressure"":0.649,""xRuns"":0.749,""xWicket"":0.009,""risk"":0.721,""control"":0.065}"
2567,22,9,5,59,47,25,1,0,,TRUE,TRUE,stumped,59,Kiaan Bansal,defence,long_off,"{""phase"":""middle"",""score"":""73/6"",""crr"":7.42,""rrr"":11.51,""pressure"":0.647,""xRuns"":0.75,""xWicket"":0.089,""risk"":0.72,""control"":0.124}"
2568,22,9,6,47,54,25,0,0,,TRUE,FALSE,,,,glance,point_inside,"{""phase"":""middle"",""score"":""73/7"",""crr"":7.3,""rrr"":11.7,""pressure"":0.678,""xRuns"":1.22,""xWicket"":0.067,""risk"":0.855,""control"":0.363}"
2569,22,10,1,54,47,29,1,0,,TRUE,FALSE,,,,lofted,deep_square_leg,"{""phase"":""middle"",""score"":""74/7"",""crr"":7.28,""rrr"":11.8,""pressure"":0.686,""xRuns"":0.52,""xWicket"":0.111,""risk"":0.802,""control"":0}"
2570,22,10,2,47,54,29,0,0,,TRUE,FALSE,,,,glance,point_inside,"{""phase"":""middle"",""score"":""74/7"",""crr"":7.16,""rrr"":12.0,""pressure"":0.692,""xRuns"":1.109,""xWicket"":0.077,""risk"":0.861,""control"":0.409}"
2571,22,10,3,47,54,29,0,0,,TRUE,FALSE,,,,ramp,deep_square_leg,"{""phase"":""middle"",""score"":""74/7"",""crr"":7.05,""rrr"":12.21,""pressure"":0.701,""xRuns"":1.105,""xWicket"":0.078,""risk"":0.865,""control"":0.378}"
2572,22,10,4,47,54,29,0,0,,TRUE,FALSE,,,,square_cut,fine_leg,"{""phase"":""middle"",""score"":""74/7"",""crr"":6.94,""rrr"":12.43,""pressure"":0.709,""xRuns"":1.102,""xWicket"":0.078,""risk"":0.869,""control"":0.463}"
2573,22,10,5,47,54,29,0,0,,TRUE,FALSE,,,,glance,cover_inside,"{""phase"":""middle"",""score"":""74/7"",""crr"":6.83,""rrr"":12.65,""pressure"":0.718,""xRuns"":1.098,""xWicket"":0.078,""risk"":0.873,""control"":0.324}"
2574,22,10,6,47,54,29,0,0,,TRUE,FALSE,,,,reverse_sweep,fine_leg_inside,"{""phase"":""middle"",""score"":""74/7"",""crr"":6.73,""rrr"":12.89,""pressure"":0.728,""xRuns"":1.094,""xWicket"":0.079,""risk"":0.878,""control"":0.35}"
2575,22,11,1,54,47,22,1,0,,TRUE,FALSE,,,,late_cut,cover_inside,"{""phase"":""middle"",""score"":""75/7"",""crr"":6.72,""rrr"":13.02,""pressure"":0.737,""xRuns"":0.575,""xWicket"":0.106,""risk"":0.825,""control"":0}"
2576,22,11,2,47,54,22,1,0,,TRUE,FALSE,,,,sweep,short_leg,"{""phase"":""middle"",""score"":""76/7"",""crr"":6.71,""rrr"":13.15,""pressure"":0.744,""xRuns"":1.163,""xWicket"":0.072,""risk"":0.885,""control"":0.373}"
2577,22,11,3,54,47,22,2,0,,TRUE,FALSE,,,,sweep,mid_on_area,"{""phase"":""middle"",""score"":""78/7"",""crr"":6.78,""rrr"":13.18,""pressure"":0.75,""xRuns"":0.57,""xWicket"":0.107,""risk"":0.83,""control"":0.018}"
2578,22,11,4,54,47,22,1,0,,TRUE,FALSE,,,,lofted,long_on,"{""phase"":""middle"",""score"":""79/7"",""crr"":6.77,""rrr"":13.32,""pressure"":0.754,""xRuns"":0.568,""xWicket"":0.107,""risk"":0.832,""control"":0}"
2579,22,11,5,47,54,22,1,0,,TRUE,FALSE,,,,slog,silly_point,"{""phase"":""middle"",""score"":""80/7"",""crr"":6.76,""rrr"":13.47,""pressure"":0.761,""xRuns"":1.156,""xWicket"":0.073,""risk"":0.892,""control"":0.376}"
2580,22,11,6,54,47,22,2,0,,TRUE,TRUE,caught,54,Ritvik Sen,defence,mid_off,"{""phase"":""middle"",""score"":""82/7"",""crr"":6.83,""rrr"":13.5,""pressure"":0.768,""xRuns"":0.562,""xWicket"":0.108,""risk"":0.838,""control"":0.023}"
2581,22,12,1,47,53,24,4,0,,TRUE,TRUE,caught,47,Naman Bhargava,sweep,long_on,"{""phase"":""middle"",""score"":""86/8"",""crr"":7.07,""rrr"":13.28,""pressure"":0.798,""xRuns"":1.141,""xWicket"":0.075,""risk"":1,""control"":0.438}"
2582,22,12,2,52,53,24,1,0,,TRUE,FALSE,,,,straight_drive,deep_extra_cover,"{""phase"":""middle"",""score"":""87/9"",""crr"":7.05,""rrr"":13.43,""pressure"":0.82,""xRuns"":0.607,""xWicket"":0.104,""risk"":0.79,""control"":0.138}"
2583,22,12,3,53,52,24,3,0,,TRUE,FALSE,,,,cover_drive,straight_inside,"{""phase"":""middle"",""score"":""90/9"",""crr"":7.2,""rrr"":13.33,""pressure"":0.827,""xRuns"":0.55,""xWicket"":0.107,""risk"":0.879,""control"":0}"
2584,22,12,4,52,53,24,0,0,,TRUE,FALSE,,,,late_cut,straight_inside,"{""phase"":""middle"",""score"":""90/9"",""crr"":7.11,""rrr"":13.64,""pressure"":0.827,""xRuns"":0.604,""xWicket"":0.104,""risk"":0.794,""control"":0.103}"
2585,22,12,5,52,53,24,0,0,,TRUE,FALSE,,,,square_cut,long_off,"{""phase"":""middle"",""score"":""90/9"",""crr"":7.01,""rrr"":13.95,""pressure"":0.839,""xRuns"":0.599,""xWicket"":0.105,""risk"":0.799,""control"":0.045}"
2586,22,12,6,52,53,24,2,0,,TRUE,FALSE,,,,lofted,point_inside,"{""phase"":""middle"",""score"":""92/9"",""crr"":7.08,""rrr"":14.0,""pressure"":0.851,""xRuns"":0.594,""xWicket"":0.105,""risk"":0.804,""control"":0.036}"
2587,22,13,1,53,52,23,1,0,,TRUE,FALSE,,,,ramp,long_on,"{""phase"":""middle"",""score"":""93/9"",""crr"":7.06,""rrr"":14.2,""pressure"":0.855,""xRuns"":0.557,""xWicket"":0.107,""risk"":0.892,""control"":0}"
2588,22,13,2,52,53,23,1,0,,TRUE,FALSE,,,,slog,deep_extra_cover,"{""phase"":""middle"",""score"":""94/9"",""crr"":7.05,""rrr"":14.4,""pressure"":0.858,""xRuns"":0.61,""xWicket"":0.104,""risk"":0.808,""control"":0.027}"
2589,22,13,3,53,52,23,0,0,,TRUE,FALSE,,,,sweep,straight_inside,"{""phase"":""middle"",""score"":""94/9"",""crr"":6.96,""rrr"":14.77,""pressure"":0.861,""xRuns"":0.555,""xWicket"":0.107,""risk"":0.895,""control"":0.012}"
2590,22,13,4,53,52,23,1,0,,TRUE,FALSE,,,,glance,mid_on_area,"{""phase"":""middle"",""score"":""95/9"",""crr"":6.95,""rrr"":15.0,""pressure"":0.864,""xRuns"":0.553,""xWicket"":0.107,""risk"":0.896,""control"":0.02}"
2591,22,13,5,52,53,23,1,0,,TRUE,FALSE,,,,hook,silly_mid_wicket,"{""phase"":""middle"",""score"":""96/9"",""crr"":6.94,""rrr"":15.24,""pressure"":0.866,""xRuns"":0.607,""xWicket"":0.104,""risk"":0.811,""control"":0.143}"
2592,22,13,6,53,52,23,6,0,,TRUE,FALSE,,,,lofted_drive,mid_on_inside,"{""phase"":""middle"",""score"":""102/9"",""crr"":7.29,""rrr"":14.67,""pressure"":0.869,""xRuns"":0.551,""xWicket"":0.107,""risk"":1,""control"":0.032}"
2593,22,14,1,52,53,25,1,0,,TRUE,FALSE,,,,glance,silly_mid_wicket,"{""phase"":""middle"",""score"":""103/9"",""crr"":7.27,""rrr"":14.91,""pressure"":0.872,""xRuns"":0.614,""xWicket"":0.103,""risk"":0.814,""control"":0.026}"
2594,22,14,2,53,52,25,2,0,,TRUE,FALSE,,,,straight_drive,long_on,"{""phase"":""middle"",""score"":""105/9"",""crr"":7.33,""rrr"":15.0,""pressure"":0.875,""xRuns"":0.558,""xWicket"":0.107,""risk"":0.901,""control"":0}"
2595,22,14,3,53,52,25,2,0,,TRUE,FALSE,,,,defence,square_leg_inside,"{""phase"":""middle"",""score"":""107/9"",""crr"":7.38,""rrr"":15.09,""pressure"":0.878,""xRuns"":0.557,""xWicket"":0.107,""risk"":0.902,""control"":0}"
2596,22,14,4,53,52,25,0,0,,TRUE,FALSE,,,,square_cut,silly_mid_wicket,"{""phase"":""middle"",""score"":""107/9"",""crr"":7.3,""rrr"":15.56,""pressure"":0.881,""xRuns"":0.556,""xWicket"":0.107,""risk"":0.904,""control"":0.022}"
2597,22,14,5,53,52,25,0,1,leg_bye,TRUE,TRUE,caught,53,Vedant Soni,reverse_sweep,point_inside,"{""phase"":""middle"",""score"":""108/9"",""crr"":7.28,""rrr"":15.87,""pressure"":0.883,""xRuns"":0.555,""xWicket"":0.107,""risk"":0.904,""control"":0}"
2598,23,0,1,36,31,55,2,0,,TRUE,TRUE,caught,36,Yuvraj Panwar,glance,silly_mid_on,"{""phase"":""powerplay"",""score"":""2/0"",""crr"":12.0,""rrr"":"""",""pressure"":0.0,""xRuns"":1.353,""xWicket"":0.027,""risk"":0.379,""control"":0.521}"
2599,23,0,2,41,31,55,0,0,,TRUE,FALSE,,,,reverse_sweep,third_point,"{""phase"":""powerplay"",""score"":""2/1"",""crr"":6.0,""rrr"":"""",""pressure"":0.029,""xRuns"":1.361,""xWicket"":0.035,""risk"":0.456,""control"":0.42}"
2600,23,0,3,41,31,55,0,0,,TRUE,FALSE,,,,clip,silly_mid_on,"{""phase"":""powerplay"",""score"":""2/1"",""crr"":4.0,""rrr"":"""",""pressure"":0.032,""xRuns"":1.36,""xWicket"":0.035,""risk"":0.457,""control"":0.534}"
2601,23,0,4,41,31,55,1,0,,TRUE,FALSE,,,,glance,fine_leg,"{""phase"":""powerplay"",""score"":""3/1"",""crr"":4.5,""rrr"":"""",""pressure"":0.035,""xRuns"":1.359,""xWicket"":0.035,""risk"":0.459,""control"":0.502}"
2602,23,0,5,31,41,55,0,0,,TRUE,TRUE,stumped,31,Yuvraj Panwar,straight_drive,square_leg_inside,"{""phase"":""powerplay"",""score"":""3/1"",""crr"":3.6,""rrr"":"""",""pressure"":0.037,""xRuns"":1.501,""xWicket"":0.037,""risk"":0.61,""control"":0.52}"
2603,23,0,6,32,41,55,0,0,,TRUE,FALSE,,,,pull,deep_square_leg,"{""phase"":""powerplay"",""score"":""3/2"",""crr"":3.0,""rrr"":"""",""pressure"":0.066,""xRuns"":1.485,""xWicket"":0.043,""risk"":0.658,""control"":0.454}"
2604,23,1,1,41,32,59,0,0,,TRUE,FALSE,,,,square_cut,third_point,"{""phase"":""powerplay"",""score"":""3/2"",""crr"":2.57,""rrr"":"""",""pressure"":0.069,""xRuns"":1.364,""xWicket"":0.035,""risk"":0.474,""control"":0.445}"
2605,23,1,2,41,32,59,4,0,,TRUE,FALSE,,,,on_drive,silly_point,"{""phase"":""powerplay"",""score"":""7/2"",""crr"":5.25,""rrr"":"""",""pressure"":0.072,""xRuns"":1.362,""xWicket"":0.035,""risk"":0.625,""control"":0.404}"
2606,23,1,3,41,32,59,1,0,,TRUE,FALSE,,,,square_cut,fine_leg_inside,"{""phase"":""powerplay"",""score"":""8/2"",""crr"":5.33,""rrr"":"""",""pressure"":0.075,""xRuns"":1.361,""xWicket"":0.035,""risk"":0.477,""control"":0.528}"
2607,23,1,4,32,41,59,0,0,,TRUE,FALSE,,,,ramp,long_off,"{""phase"":""powerplay"",""score"":""8/2"",""crr"":4.8,""rrr"":"""",""pressure"":0.078,""xRuns"":1.499,""xWicket"":0.042,""risk"":0.664,""control"":0.44}"
2608,23,1,5,32,41,59,1,0,,TRUE,FALSE,,,,on_drive,cover_point_inside,"{""phase"":""powerplay"",""score"":""9/2"",""crr"":4.91,""rrr"":"""",""pressure"":0.08,""xRuns"":1.498,""xWicket"":0.042,""risk"":0.665,""control"":0.428}"
2609,23,1,6,41,32,59,0,0,,TRUE,FALSE,,,,straight_drive,long_on,"{""phase"":""powerplay"",""score"":""9/2"",""crr"":4.5,""rrr"":"""",""pressure"":0.083,""xRuns"":1.358,""xWicket"":0.036,""risk"":0.48,""control"":0.522}"
2610,23,2,1,32,41,54,1,0,,TRUE,FALSE,,,,square_cut,deep_square_leg,"{""phase"":""powerplay"",""score"":""10/2"",""crr"":4.62,""rrr"":"""",""pressure"":0.086,""xRuns"":1.505,""xWicket"":0.042,""risk"":0.667,""control"":0.47}"
2611,23,2,2,41,32,54,4,0,,TRUE,FALSE,,,,straight_drive,mid_on_inside,"{""phase"":""powerplay"",""score"":""14/2"",""crr"":6.0,""rrr"":"""",""pressure"":0.089,""xRuns"":1.365,""xWicket"":0.035,""risk"":0.633,""control"":0.504}"
2612,23,2,3,41,32,54,0,0,,TRUE,FALSE,,,,lofted,silly_mid_wicket,"{""phase"":""powerplay"",""score"":""14/2"",""crr"":5.6,""rrr"":"""",""pressure"":0.092,""xRuns"":1.364,""xWicket"":0.035,""risk"":0.484,""control"":0.476}"
2613,23,2,4,41,32,54,0,0,,TRUE,FALSE,,,,reverse_sweep,deep_extra_cover,"{""phase"":""powerplay"",""score"":""14/2"",""crr"":5.25,""rrr"":"""",""pressure"":0.095,""xRuns"":1.362,""xWicket"":0.035,""risk"":0.486,""control"":0.537}"
2614,23,2,5,41,32,54,1,0,,TRUE,FALSE,,,,cover_drive,straight_inside,"{""phase"":""powerplay"",""score"":""15/2"",""crr"":5.29,""rrr"":"""",""pressure"":0.097,""xRuns"":1.361,""xWicket"":0.035,""risk"":0.487,""control"":0.519}"
2615,23,2,6,32,41,54,1,0,,TRUE,FALSE,,,,sweep,square_leg_inside,"{""phase"":""powerplay"",""score"":""16/2"",""crr"":5.33,""rrr"":"""",""pressure"":0.1,""xRuns"":1.499,""xWicket"":0.042,""risk"":0.674,""control"":0.473}"
2616,23,3,1,32,41,53,3,0,,TRUE,FALSE,,,,upper_cut,silly_mid_on,"{""phase"":""powerplay"",""score"":""19/2"",""crr"":6.0,""rrr"":"""",""pressure"":0.103,""xRuns"":1.498,""xWicket"":0.042,""risk"":0.675,""control"":0.526}"
2617,23,3,2,41,32,53,0,0,,TRUE,FALSE,,,,scoop,deep_cover,"{""phase"":""powerplay"",""score"":""19/2"",""crr"":5.7,""rrr"":"""",""pressure"":0.106,""xRuns"":1.358,""xWicket"":0.036,""risk"":0.491,""control"":0.45}"
2618,23,3,3,41,32,53,0,0,,TRUE,FALSE,,,,defence,straight_inside,"{""phase"":""powerplay"",""score"":""19/2"",""crr"":5.43,""rrr"":"""",""pressure"":0.109,""xRuns"":1.356,""xWicket"":0.036,""risk"":0.492,""control"":0.421}"
2619,23,3,4,41,32,53,1,0,,TRUE,FALSE,,,,ramp,mid_off,"{""phase"":""powerplay"",""score"":""20/2"",""crr"":5.45,""rrr"":"""",""pressure"":0.112,""xRuns"":1.355,""xWicket"":0.036,""risk"":0.493,""control"":0.554}"
2620,23,3,5,32,41,53,0,2,leg_bye,TRUE,FALSE,,,,reverse_sweep,fine_leg_inside,"{""phase"":""powerplay"",""score"":""22/2"",""crr"":5.74,""rrr"":"""",""pressure"":0.114,""xRuns"":1.493,""xWicket"":0.043,""risk"":0.68,""control"":0.413}"
2621,23,3,6,32,41,53,0,0,,TRUE,FALSE,,,,straight_drive,cover_inside,"{""phase"":""powerplay"",""score"":""22/2"",""crr"":5.5,""rrr"":"""",""pressure"":0.117,""xRuns"":1.492,""xWicket"":0.043,""risk"":0.681,""control"":0.513}"
2622,23,4,1,41,32,52,1,0,,TRUE,FALSE,,,,hook,straight_inside,"{""phase"":""powerplay"",""score"":""23/2"",""crr"":5.52,""rrr"":"""",""pressure"":0.12,""xRuns"":1.361,""xWicket"":0.035,""risk"":0.497,""control"":0.41}"
2623,23,4,2,32,41,52,1,0,,TRUE,FALSE,,,,lofted_drive,silly_point,"{""phase"":""powerplay"",""score"":""24/2"",""crr"":5.54,""rrr"":"""",""pressure"":0.123,""xRuns"":1.499,""xWicket"":0.042,""risk"":0.684,""control"":0.43}"
2624,23,4,3,41,32,52,1,0,,TRUE,FALSE,,,,upper_cut,long_off,"{""phase"":""powerplay"",""score"":""25/2"",""crr"":5.56,""rrr"":"""",""pressure"":0.126,""xRuns"":1.359,""xWicket"":0.036,""risk"":0.5,""control"":0.446}"
2625,23,4,4,32,41,52,1,0,,TRUE,FALSE,,,,square_cut,silly_mid_wicket,"{""phase"":""powerplay"",""score"":""26/2"",""crr"":5.57,""rrr"":"""",""pressure"":0.129,""xRuns"":1.497,""xWicket"":0.043,""risk"":0.687,""control"":0.426}"
2626,23,4,5,41,32,52,0,0,,TRUE,FALSE,,,,pull,straight_inside,"{""phase"":""powerplay"",""score"":""26/2"",""crr"":5.38,""rrr"":"""",""pressure"":0.131,""xRuns"":1.357,""xWicket"":0.036,""risk"":0.502,""control"":0.518}"
2627,23,4,6,41,32,52,2,0,,TRUE,FALSE,,,,straight_drive,mid_off,"{""phase"":""powerplay"",""score"":""28/2"",""crr"":5.6,""rrr"":"""",""pressure"":0.134,""xRuns"":1.355,""xWicket"":0.036,""risk"":0.503,""control"":0.555}"
2628,23,5,1,32,41,57,0,0,,TRUE,FALSE,,,,scoop,deep_cover,"{""phase"":""powerplay"",""score"":""28/2"",""crr"":5.42,""rrr"":"""",""pressure"":0.137,""xRuns"":1.665,""xWicket"":0.027,""risk"":0.69,""control"":0.554}"
2629,23,5,2,32,41,57,1,0,,TRUE,FALSE,,,,hook,fine_leg_inside,"{""phase"":""powerplay"",""score"":""29/2"",""crr"":5.44,""rrr"":"""",""pressure"":0.14,""xRuns"":1.663,""xWicket"":0.027,""risk"":0.692,""control"":0.573}"
2630,23,5,3,41,32,57,0,0,,TRUE,FALSE,,,,reverse_sweep,silly_mid_wicket,"{""phase"":""powerplay"",""score"":""29/2"",""crr"":5.27,""rrr"":"""",""pressure"":0.143,""xRuns"":1.523,""xWicket"":0.02,""risk"":0.507,""control"":0.546}"
2631,23,5,4,41,32,57,0,0,,TRUE,FALSE,,,,scoop,silly_mid_on,"{""phase"":""powerplay"",""score"":""29/2"",""crr"":5.12,""rrr"":"""",""pressure"":0.146,""xRuns"":1.522,""xWicket"":0.02,""risk"":0.509,""control"":0.607}"
2632,23,5,5,41,32,57,0,1,wide,FALSE,FALSE,,,,reverse_sweep,silly_point,"{""phase"":""powerplay"",""score"":""30/2"",""crr"":5.29,""rrr"":"""",""pressure"":0.148,""xRuns"":1.521,""xWicket"":0.006,""risk"":0.509,""control"":0.58}"
2633,23,5,5,41,32,57,4,0,,TRUE,FALSE,,,,lofted_drive,square_leg_inside,"{""phase"":""powerplay"",""score"":""34/2"",""crr"":5.83,""rrr"":"""",""pressure"":0.148,""xRuns"":1.521,""xWicket"":0.02,""risk"":0.659,""control"":0.613}"
2634,23,5,6,41,32,57,1,0,,TRUE,FALSE,,,,flick,mid_on_inside,"{""phase"":""powerplay"",""score"":""35/2"",""crr"":5.83,""rrr"":"""",""pressure"":0.151,""xRuns"":1.52,""xWicket"":0.02,""risk"":0.511,""control"":0.617}"
2635,23,6,1,41,32,55,2,0,,TRUE,FALSE,,,,lofted_drive,deep_cover,"{""phase"":""middle"",""score"":""37/2"",""crr"":6.0,""rrr"":"""",""pressure"":0.154,""xRuns"":1.309,""xWicket"":0.041,""risk"":0.512,""control"":0.527}"
2636,23,6,2,41,32,55,1,0,,TRUE,FALSE,,,,pull,cover_inside,"{""phase"":""middle"",""score"":""38/2"",""crr"":6.0,""rrr"":"""",""pressure"":0.157,""xRuns"":1.308,""xWicket"":0.041,""risk"":0.514,""control"":0.481}"
2637,23,6,3,32,41,55,1,0,,TRUE,FALSE,,,,cut,cover_point_inside,"{""phase"":""middle"",""score"":""39/2"",""crr"":6.0,""rrr"":"""",""pressure"":0.16,""xRuns"":1.445,""xWicket"":0.048,""risk"":0.701,""control"":0.38}"
2638,23,6,4,41,32,55,1,0,,TRUE,FALSE,,,,defence,silly_mid_wicket,"{""phase"":""middle"",""score"":""40/2"",""crr"":6.0,""rrr"":"""",""pressure"":0.163,""xRuns"":1.305,""xWicket"":0.041,""risk"":0.516,""control"":0.54}"
2639,23,6,5,32,41,55,0,0,,TRUE,FALSE,,,,square_cut,short_leg,"{""phase"":""middle"",""score"":""40/2"",""crr"":5.85,""rrr"":"""",""pressure"":0.165,""xRuns"":1.443,""xWicket"":0.048,""risk"":0.703,""control"":0.418}"
2640,23,6,6,32,41,55,1,0,,TRUE,FALSE,,,,defence,long_off,"{""phase"":""middle"",""score"":""41/2"",""crr"":5.86,""rrr"":"""",""pressure"":0.168,""xRuns"":1.442,""xWicket"":0.048,""risk"":0.704,""control"":0.514}"
2641,23,7,1,32,41,59,1,0,,TRUE,FALSE,,,,straight_drive,long_on,"{""phase"":""middle"",""score"":""42/2"",""crr"":5.86,""rrr"":"""",""pressure"":0.171,""xRuns"":1.46,""xWicket"":0.046,""risk"":0.706,""control"":0.399}"
2642,23,7,2,41,32,59,1,1,no_ball,FALSE,FALSE,,,,scoop,straight_inside,"{""phase"":""middle"",""score"":""44/2"",""crr"":6.14,""rrr"":"""",""pressure"":0.174,""xRuns"":1.32,""xWicket"":0.006,""risk"":0.521,""control"":0.424}"
2643,23,7,2,32,41,59,1,0,,TRUE,FALSE,,,,straight_drive,point_inside,"{""phase"":""middle"",""score"":""45/2"",""crr"":6.14,""rrr"":"""",""pressure"":0.174,""xRuns"":1.459,""xWicket"":0.046,""risk"":0.707,""control"":0.417}"
2644,23,7,3,41,32,59,1,0,,TRUE,FALSE,,,,slog,third_point,"{""phase"":""middle"",""score"":""46/2"",""crr"":6.13,""rrr"":"""",""pressure"":0.177,""xRuns"":1.318,""xWicket"":0.04,""risk"":0.523,""control"":0.462}"
2645,23,7,4,32,41,59,2,0,,TRUE,FALSE,,,,straight_drive,deep_extra_cover,"{""phase"":""middle"",""score"":""48/2"",""crr"":6.26,""rrr"":"""",""pressure"":0.179,""xRuns"":1.456,""xWicket"":0.047,""risk"":0.709,""control"":0.529}"
2646,23,7,5,32,41,59,0,0,,TRUE,FALSE,,,,ramp,fine_leg,"{""phase"":""middle"",""score"":""48/2"",""crr"":6.13,""rrr"":"""",""pressure"":0.182,""xRuns"":1.455,""xWicket"":0.047,""risk"":0.71,""control"":0.41}"
2647,23,7,6,32,41,59,0,0,,TRUE,FALSE,,,,ramp,point_inside,"{""phase"":""middle"",""score"":""48/2"",""crr"":6.0,""rrr"":"""",""pressure"":0.185,""xRuns"":1.454,""xWicket"":0.047,""risk"":0.712,""control"":0.459}"
2648,23,8,1,41,32,54,1,0,,TRUE,FALSE,,,,late_cut,mid_on_inside,"{""phase"":""middle"",""score"":""49/2"",""crr"":6.0,""rrr"":"""",""pressure"":0.188,""xRuns"":1.323,""xWicket"":0.039,""risk"":0.527,""control"":0.419}"
2649,23,8,2,32,41,54,2,0,,TRUE,FALSE,,,,ramp,deep_extra_cover,"{""phase"":""middle"",""score"":""51/2"",""crr"":6.12,""rrr"":"""",""pressure"":0.191,""xRuns"":1.461,""xWicket"":0.046,""risk"":0.715,""control"":0.458}"
2650,23,8,3,32,41,54,4,0,,TRUE,FALSE,,,,drive,deep_square_leg,"{""phase"":""middle"",""score"":""55/2"",""crr"":6.47,""rrr"":"""",""pressure"":0.194,""xRuns"":1.46,""xWicket"":0.046,""risk"":0.866,""control"":0.432}"
2651,23,8,4,32,41,54,2,0,,TRUE,FALSE,,,,clip,deep_square_leg,"{""phase"":""middle"",""score"":""57/2"",""crr"":6.58,""rrr"":"""",""pressure"":0.197,""xRuns"":1.458,""xWicket"":0.047,""risk"":0.717,""control"":0.395}"
2652,23,8,5,32,41,54,1,0,,TRUE,FALSE,,,,hook,long_on,"{""phase"":""middle"",""score"":""58/2"",""crr"":6.57,""rrr"":"""",""pressure"":0.199,""xRuns"":1.458,""xWicket"":0.047,""risk"":0.718,""control"":0.474}"
2653,23,8,6,41,32,54,0,0,,TRUE,FALSE,,,,scoop,straight_inside,"{""phase"":""middle"",""score"":""58/2"",""crr"":6.44,""rrr"":"""",""pressure"":0.202,""xRuns"":1.317,""xWicket"":0.04,""risk"":0.534,""control"":0.444}"
2654,23,9,1,32,41,53,2,0,,TRUE,FALSE,,,,sweep,long_on,"{""phase"":""middle"",""score"":""60/2"",""crr"":6.55,""rrr"":"""",""pressure"":0.205,""xRuns"":1.455,""xWicket"":0.047,""risk"":0.721,""control"":0.392}"
2655,23,9,2,32,41,53,0,0,,TRUE,FALSE,,,,cut,short_leg,"{""phase"":""middle"",""score"":""60/2"",""crr"":6.43,""rrr"":"""",""pressure"":0.208,""xRuns"":1.454,""xWicket"":0.047,""risk"":0.722,""control"":0.458}"
2656,23,9,3,32,41,53,1,1,no_ball,FALSE,FALSE,,,,square_cut,mid_off,"{""phase"":""middle"",""score"":""62/2"",""crr"":6.64,""rrr"":"""",""pressure"":0.211,""xRuns"":1.453,""xWicket"":0.007,""risk"":0.724,""control"":0.424}"
2657,23,9,3,41,32,53,1,0,,TRUE,FALSE,,,,ramp,straight_inside,"{""phase"":""middle"",""score"":""63/2"",""crr"":6.63,""rrr"":"""",""pressure"":0.211,""xRuns"":1.314,""xWicket"":0.04,""risk"":0.538,""control"":0.415}"
2658,23,9,4,32,41,53,6,0,,TRUE,FALSE,,,,straight_drive,short_leg,"{""phase"":""middle"",""score"":""69/2"",""crr"":7.14,""rrr"":"""",""pressure"":0.214,""xRuns"":1.451,""xWicket"":0.047,""risk"":0.875,""control"":0.448}"
2659,23,9,5,32,41,53,1,1,no_ball,FALSE,FALSE,,,,glance,cover_inside,"{""phase"":""middle"",""score"":""71/2"",""crr"":7.34,""rrr"":"""",""pressure"":0.216,""xRuns"":1.45,""xWicket"":0.007,""risk"":0.726,""control"":0.409}"
2660,23,9,5,41,32,53,3,0,,TRUE,FALSE,,,,lofted,fine_leg,"{""phase"":""middle"",""score"":""74/2"",""crr"":7.53,""rrr"":"""",""pressure"":0.216,""xRuns"":1.311,""xWicket"":0.041,""risk"":0.54,""control"":0.467}"
2661,23,9,6,32,41,53,1,0,,TRUE,FALSE,,,,scoop,third_point,"{""phase"":""middle"",""score"":""75/2"",""crr"":7.5,""rrr"":"""",""pressure"":0.219,""xRuns"":1.449,""xWicket"":0.048,""risk"":0.727,""control"":0.508}"
2662,23,10,1,32,41,52,0,1,no_ball,FALSE,FALSE,,,,defence,mid_on_inside,"{""phase"":""middle"",""score"":""76/2"",""crr"":7.6,""rrr"":"""",""pressure"":0.222,""xRuns"":1.457,""xWicket"":0.007,""risk"":0.728,""control"":0.431}"
2663,23,10,1,32,41,52,6,0,,TRUE,FALSE,,,,square_cut,deep_cover,"{""phase"":""middle"",""score"":""82/2"",""crr"":8.07,""rrr"":"""",""pressure"":0.222,""xRuns"":1.457,""xWicket"":0.047,""risk"":0.878,""control"":0.531}"
2664,23,10,2,32,41,52,0,0,,TRUE,FALSE,,,,straight_drive,third_point,"{""phase"":""middle"",""score"":""82/2"",""crr"":7.94,""rrr"":"""",""pressure"":0.225,""xRuns"":1.456,""xWicket"":0.047,""risk"":0.73,""control"":0.441}"
2665,23,10,3,32,41,52,2,0,,TRUE,FALSE,,,,ramp,short_leg,"{""phase"":""middle"",""score"":""84/2"",""crr"":8.0,""rrr"":"""",""pressure"":0.228,""xRuns"":1.455,""xWicket"":0.047,""risk"":0.731,""control"":0.437}"
2666,23,10,4,32,41,52,4,0,,TRUE,FALSE,,,,flick,point_inside,"{""phase"":""middle"",""score"":""88/2"",""crr"":8.25,""rrr"":"""",""pressure"":0.231,""xRuns"":1.454,""xWicket"":0.047,""risk"":0.883,""control"":0.448}"
2667,23,10,5,32,41,52,0,0,,TRUE,FALSE,,,,ramp,point_inside,"{""phase"":""middle"",""score"":""88/2"",""crr"":8.12,""rrr"":"""",""pressure"":0.233,""xRuns"":1.453,""xWicket"":0.047,""risk"":0.733,""control"":0.404}"
2668,23,10,6,32,41,52,1,0,,TRUE,TRUE,run_out,32,Madhav Iyer,on_drive,cover_point_inside,"{""phase"":""middle"",""score"":""89/2"",""crr"":8.09,""rrr"":"""",""pressure"":0.236,""xRuns"":1.452,""xWicket"":0.047,""risk"":0.735,""control"":0.491}"
2669,23,11,1,33,41,57,0,0,,TRUE,FALSE,,,,drive,long_on,"{""phase"":""middle"",""score"":""89/3"",""crr"":7.97,""rrr"":"""",""pressure"":0.265,""xRuns"":1.326,""xWicket"":0.026,""risk"":0.462,""control"":0.561}"
2670,23,11,2,33,41,57,0,1,wide,FALSE,FALSE,,,,on_drive,straight_inside,"{""phase"":""middle"",""score"":""90/3"",""crr"":8.06,""rrr"":"""",""pressure"":0.268,""xRuns"":1.324,""xWicket"":0.006,""risk"":0.463,""control"":0.562}"
2671,23,11,2,33,41,57,0,0,,TRUE,FALSE,,,,sweep,long_on,"{""phase"":""middle"",""score"":""90/3"",""crr"":7.94,""rrr"":"""",""pressure"":0.268,""xRuns"":1.324,""xWicket"":0.026,""risk"":0.463,""control"":0.454}"
2672,23,11,3,33,41,57,0,1,leg_bye,TRUE,FALSE,,,,flick,deep_square_leg,"{""phase"":""middle"",""score"":""91/3"",""crr"":7.91,""rrr"":"""",""pressure"":0.271,""xRuns"":1.323,""xWicket"":0.026,""risk"":0.465,""control"":0.535}"
2673,23,11,4,41,33,57,1,0,,TRUE,FALSE,,,,pull,mid_off,"{""phase"":""middle"",""score"":""92/3"",""crr"":7.89,""rrr"":"""",""pressure"":0.274,""xRuns"":1.468,""xWicket"":0.026,""risk"":0.566,""control"":0.551}"
2674,23,11,5,33,41,57,0,0,,TRUE,FALSE,,,,reverse_sweep,fine_leg_inside,"{""phase"":""middle"",""score"":""92/3"",""crr"":7.77,""rrr"":"""",""pressure"":0.276,""xRuns"":1.321,""xWicket"":0.027,""risk"":0.467,""control"":0.577}"
2675,23,11,6,33,41,57,0,0,,TRUE,FALSE,,,,on_drive,mid_off,"{""phase"":""middle"",""score"":""92/3"",""crr"":7.67,""rrr"":"""",""pressure"":0.279,""xRuns"":1.32,""xWicket"":0.027,""risk"":0.468,""control"":0.531}"
2676,23,12,1,41,33,55,0,0,,TRUE,FALSE,,,,on_drive,deep_square_leg,"{""phase"":""middle"",""score"":""92/3"",""crr"":7.56,""rrr"":"""",""pressure"":0.282,""xRuns"":1.255,""xWicket"":0.046,""risk"":0.57,""control"":0.432}"
2677,23,12,2,41,33,55,0,0,,TRUE,FALSE,,,,lofted_drive,short_leg,"{""phase"":""middle"",""score"":""92/3"",""crr"":7.46,""rrr"":"""",""pressure"":0.285,""xRuns"":1.254,""xWicket"":0.046,""risk"":0.571,""control"":0.482}"
2678,23,12,3,41,33,55,1,0,,TRUE,FALSE,,,,square_cut,silly_mid_wicket,"{""phase"":""middle"",""score"":""93/3"",""crr"":7.44,""rrr"":"""",""pressure"":0.288,""xRuns"":1.253,""xWicket"":0.047,""risk"":0.572,""control"":0.405}"
2679,23,12,4,33,41,55,0,0,,TRUE,FALSE,,,,lofted_drive,deep_cover,"{""phase"":""middle"",""score"":""93/3"",""crr"":7.34,""rrr"":"""",""pressure"":0.291,""xRuns"":1.105,""xWicket"":0.047,""risk"":0.474,""control"":0.377}"
2680,23,12,5,33,41,55,1,0,,TRUE,FALSE,,,,drive,fine_leg_inside,"{""phase"":""middle"",""score"":""94/3"",""crr"":7.32,""rrr"":"""",""pressure"":0.293,""xRuns"":1.104,""xWicket"":0.047,""risk"":0.475,""control"":0.352}"
2681,23,12,6,41,33,55,1,0,,TRUE,FALSE,,,,drive,point_inside,"{""phase"":""middle"",""score"":""95/3"",""crr"":7.31,""rrr"":"""",""pressure"":0.296,""xRuns"":1.249,""xWicket"":0.047,""risk"":0.576,""control"":0.452}"
2682,23,13,1,41,33,59,3,0,,TRUE,FALSE,,,,drive,long_on,"{""phase"":""middle"",""score"":""98/3"",""crr"":7.44,""rrr"":"""",""pressure"":0.299,""xRuns"":1.267,""xWicket"":0.045,""risk"":0.577,""control"":0.515}"
2683,23,13,2,33,41,59,1,0,,TRUE,FALSE,,,,cut,mid_on_inside,"{""phase"":""middle"",""score"":""99/3"",""crr"":7.42,""rrr"":"""",""pressure"":0.302,""xRuns"":1.12,""xWicket"":0.046,""risk"":0.479,""control"":0.496}"
2684,23,13,3,41,33,59,0,0,,TRUE,FALSE,,,,paddle_sweep,cover_inside,"{""phase"":""middle"",""score"":""99/3"",""crr"":7.33,""rrr"":"""",""pressure"":0.305,""xRuns"":1.265,""xWicket"":0.045,""risk"":0.58,""control"":0.544}"
2685,23,13,4,41,33,59,0,0,,TRUE,FALSE,,,,upper_cut,deep_cover,"{""phase"":""middle"",""score"":""99/3"",""crr"":7.24,""rrr"":"""",""pressure"":0.308,""xRuns"":1.263,""xWicket"":0.046,""risk"":0.581,""control"":0.525}"
2686,23,13,5,41,33,59,2,0,,TRUE,FALSE,,,,lofted,short_leg,"{""phase"":""middle"",""score"":""101/3"",""crr"":7.3,""rrr"":"""",""pressure"":0.31,""xRuns"":1.262,""xWicket"":0.046,""risk"":0.582,""control"":0.552}"
2687,23,13,6,41,33,59,0,2,leg_bye,TRUE,FALSE,,,,late_cut,mid_off,"{""phase"":""middle"",""score"":""103/3"",""crr"":7.36,""rrr"":"""",""pressure"":0.313,""xRuns"":1.261,""xWicket"":0.046,""risk"":0.584,""control"":0.537}"
2688,23,14,1,33,41,54,1,0,,TRUE,FALSE,,,,on_drive,short_leg,"{""phase"":""middle"",""score"":""104/3"",""crr"":7.34,""rrr"":"""",""pressure"":0.316,""xRuns"":1.123,""xWicket"":0.046,""risk"":0.485,""control"":0.463}"
2689,23,14,2,41,33,54,0,0,,TRUE,FALSE,,,,drive,cover_inside,"{""phase"":""middle"",""score"":""104/3"",""crr"":7.26,""rrr"":"""",""pressure"":0.319,""xRuns"":1.268,""xWicket"":0.045,""risk"":0.586,""control"":0.463}"
2690,23,14,3,41,33,54,1,0,,TRUE,FALSE,,,,paddle_sweep,mid_on_area,"{""phase"":""middle"",""score"":""105/3"",""crr"":7.24,""rrr"":"""",""pressure"":0.322,""xRuns"":1.267,""xWicket"":0.045,""risk"":0.588,""control"":0.418}"
2691,23,14,4,33,41,54,0,0,,TRUE,TRUE,caught,33,Mihir Chhabra,ramp,fine_leg_inside,"{""phase"":""middle"",""score"":""105/3"",""crr"":7.16,""rrr"":"""",""pressure"":0.325,""xRuns"":1.119,""xWicket"":0.046,""risk"":0.489,""control"":0.432}"
2692,23,14,5,42,41,54,1,0,,TRUE,FALSE,,,,lofted,silly_point,"{""phase"":""middle"",""score"":""106/4"",""crr"":7.15,""rrr"":"""",""pressure"":0.353,""xRuns"":1.264,""xWicket"":0.052,""risk"":0.68,""control"":0.434}"
2693,23,14,6,41,42,54,1,0,,TRUE,FALSE,,,,glance,silly_point,"{""phase"":""middle"",""score"":""107/4"",""crr"":7.13,""rrr"":"""",""pressure"":0.356,""xRuns"":1.253,""xWicket"":0.047,""risk"":0.603,""control"":0.441}"
2694,23,15,1,41,42,53,1,0,,TRUE,FALSE,,,,cover_drive,silly_mid_wicket,"{""phase"":""death"",""score"":""108/4"",""crr"":7.12,""rrr"":"""",""pressure"":0.359,""xRuns"":1.251,""xWicket"":0.065,""risk"":0.604,""control"":0.44}"
2695,23,15,2,42,41,53,4,0,,TRUE,FALSE,,,,defence,straight_inside,"{""phase"":""death"",""score"":""112/4"",""crr"":7.3,""rrr"":"""",""pressure"":0.362,""xRuns"":1.26,""xWicket"":0.071,""risk"":0.834,""control"":0.428}"
2696,23,15,3,42,41,53,1,0,,TRUE,FALSE,,,,square_cut,cover_point_inside,"{""phase"":""death"",""score"":""113/4"",""crr"":7.29,""rrr"":"""",""pressure"":0.365,""xRuns"":1.259,""xWicket"":0.071,""risk"":0.686,""control"":0.429}"
2697,23,15,4,41,42,53,0,1,wide,FALSE,FALSE,,,,glance,short_leg,"{""phase"":""death"",""score"":""114/4"",""crr"":7.35,""rrr"":"""",""pressure"":0.368,""xRuns"":1.248,""xWicket"":0.007,""risk"":0.608,""control"":0.448}"
2698,23,15,4,41,42,53,0,0,,TRUE,FALSE,,,,hook,mid_off,"{""phase"":""death"",""score"":""114/4"",""crr"":7.28,""rrr"":"""",""pressure"":0.368,""xRuns"":1.248,""xWicket"":0.065,""risk"":0.608,""control"":0.516}"
2699,23,15,5,41,42,53,4,0,,TRUE,FALSE,,,,drive,mid_on_area,"{""phase"":""death"",""score"":""118/4"",""crr"":7.45,""rrr"":"""",""pressure"":0.37,""xRuns"":1.247,""xWicket"":0.066,""risk"":0.759,""control"":0.438}"
2700,23,15,6,41,42,53,2,0,,TRUE,FALSE,,,,flick,deep_square_leg,"{""phase"":""death"",""score"":""120/4"",""crr"":7.5,""rrr"":"""",""pressure"":0.373,""xRuns"":1.246,""xWicket"":0.066,""risk"":0.611,""control"":0.479}"
2701,23,16,1,42,41,59,0,0,,TRUE,FALSE,,,,ramp,third_point,"{""phase"":""death"",""score"":""120/4"",""crr"":7.42,""rrr"":"""",""pressure"":0.376,""xRuns"":1.245,""xWicket"":0.072,""risk"":0.691,""control"":0.506}"
2702,23,16,2,42,41,59,6,0,,TRUE,TRUE,lbw,42,,cover_drive,mid_off,"{""phase"":""death"",""score"":""126/4"",""crr"":7.71,""rrr"":"""",""pressure"":0.379,""xRuns"":1.243,""xWicket"":0.072,""risk"":0.842,""control"":0.447}"
2703,23,16,3,44,41,59,2,0,,TRUE,FALSE,,,,straight_drive,third_point,"{""phase"":""death"",""score"":""128/5"",""crr"":7.76,""rrr"":"""",""pressure"":0.408,""xRuns"":0.497,""xWicket"":0.137,""risk"":0.726,""control"":0}"
2704,23,16,4,44,41,59,6,0,,TRUE,FALSE,,,,paddle_sweep,fine_leg,"{""phase"":""death"",""score"":""134/5"",""crr"":8.04,""rrr"":"""",""pressure"":0.411,""xRuns"":0.496,""xWicket"":0.137,""risk"":0.878,""control"":0}"
2705,23,16,5,44,41,59,6,0,,TRUE,FALSE,,,,lofted,deep_cover,"{""phase"":""death"",""score"":""140/5"",""crr"":8.32,""rrr"":"""",""pressure"":0.413,""xRuns"":0.495,""xWicket"":0.137,""risk"":0.879,""control"":0}"
2706,23,16,6,44,41,59,4,0,,TRUE,FALSE,,,,pull,silly_mid_on,"{""phase"":""death"",""score"":""144/5"",""crr"":8.47,""rrr"":"""",""pressure"":0.416,""xRuns"":0.494,""xWicket"":0.137,""risk"":0.88,""control"":0}"
2707,23,17,1,41,44,57,1,0,,TRUE,FALSE,,,,clip,short_leg,"{""phase"":""death"",""score"":""145/5"",""crr"":8.45,""rrr"":"""",""pressure"":0.419,""xRuns"":1.407,""xWicket"":0.05,""risk"":0.631,""control"":0.559}"
2708,23,17,2,44,41,57,0,0,,TRUE,FALSE,,,,upper_cut,deep_cover,"{""phase"":""death"",""score"":""145/5"",""crr"":8.37,""rrr"":"""",""pressure"":0.422,""xRuns"":0.682,""xWicket"":0.119,""risk"":0.733,""control"":0}"
2709,23,17,3,44,41,57,4,0,,TRUE,FALSE,,,,ramp,mid_off,"{""phase"":""death"",""score"":""149/5"",""crr"":8.51,""rrr"":"""",""pressure"":0.425,""xRuns"":0.68,""xWicket"":0.119,""risk"":0.884,""control"":0}"
2710,23,17,4,44,41,57,4,0,,TRUE,FALSE,,,,late_cut,deep_square_leg,"{""phase"":""death"",""score"":""153/5"",""crr"":8.66,""rrr"":"""",""pressure"":0.428,""xRuns"":0.679,""xWicket"":0.119,""risk"":0.885,""control"":0}"
2711,23,17,5,44,41,57,0,0,,TRUE,FALSE,,,,slog,deep_square_leg,"{""phase"":""death"",""score"":""153/5"",""crr"":8.58,""rrr"":"""",""pressure"":0.43,""xRuns"":0.678,""xWicket"":0.119,""risk"":0.736,""control"":0}"
2712,23,17,6,44,41,57,1,0,,TRUE,FALSE,,,,clip,cover_inside,"{""phase"":""death"",""score"":""154/5"",""crr"":8.56,""rrr"":"""",""pressure"":0.433,""xRuns"":0.677,""xWicket"":0.119,""risk"":0.738,""control"":0}"
2713,23,18,1,44,41,57,0,1,wide,FALSE,FALSE,,,,hook,deep_extra_cover,"{""phase"":""death"",""score"":""155/5"",""crr"":8.61,""rrr"":"""",""pressure"":0.436,""xRuns"":0.676,""xWicket"":0.012,""risk"":0.739,""control"":0}"
2714,23,18,1,44,41,57,0,0,,TRUE,FALSE,,,,straight_drive,fine_leg,"{""phase"":""death"",""score"":""155/5"",""crr"":8.53,""rrr"":"""",""pressure"":0.436,""xRuns"":0.676,""xWicket"":0.12,""risk"":0.739,""control"":0}"
2715,23,18,2,44,41,57,0,0,,TRUE,FALSE,,,,glance,fine_leg,"{""phase"":""death"",""score"":""155/5"",""crr"":8.45,""rrr"":"""",""pressure"":0.439,""xRuns"":0.675,""xWicket"":0.12,""risk"":0.74,""control"":0}"
2716,23,18,3,44,41,57,4,0,,TRUE,FALSE,,,,drive,silly_mid_on,"{""phase"":""death"",""score"":""159/5"",""crr"":8.59,""rrr"":"""",""pressure"":0.442,""xRuns"":0.673,""xWicket"":0.12,""risk"":0.892,""control"":0}"
2717,23,18,4,44,41,57,0,0,,TRUE,FALSE,,,,sweep,silly_mid_on,"{""phase"":""death"",""score"":""159/5"",""crr"":8.52,""rrr"":"""",""pressure"":0.445,""xRuns"":0.672,""xWicket"":0.12,""risk"":0.743,""control"":0}"
2718,23,18,5,44,41,57,1,0,,TRUE,FALSE,,,,straight_drive,cover_point_inside,"{""phase"":""death"",""score"":""160/5"",""crr"":8.5,""rrr"":"""",""pressure"":0.447,""xRuns"":0.671,""xWicket"":0.12,""risk"":0.744,""control"":0}"
2719,23,18,6,41,44,57,3,0,,TRUE,FALSE,,,,glance,long_off,"{""phase"":""death"",""score"":""163/5"",""crr"":8.58,""rrr"":"""",""pressure"":0.45,""xRuns"":1.394,""xWicket"":0.052,""risk"":0.645,""control"":0.615}"
2720,23,19,1,41,44,52,3,0,,TRUE,FALSE,,,,glance,silly_mid_on,"{""phase"":""death"",""score"":""166/5"",""crr"":8.66,""rrr"":"""",""pressure"":0.453,""xRuns"":1.221,""xWicket"":0.068,""risk"":0.647,""control"":0.466}"
2721,23,19,2,44,41,52,1,0,,TRUE,FALSE,,,,glance,fine_leg,"{""phase"":""death"",""score"":""167/5"",""crr"":8.64,""rrr"":"""",""pressure"":0.456,""xRuns"":0.496,""xWicket"":0.137,""risk"":0.748,""control"":0}"
2722,23,19,3,41,44,52,6,0,,TRUE,FALSE,,,,lofted_drive,deep_square_leg,"{""phase"":""death"",""score"":""173/5"",""crr"":8.87,""rrr"":"""",""pressure"":0.459,""xRuns"":1.219,""xWicket"":0.069,""risk"":0.799,""control"":0.416}"
2723,23,19,4,41,44,52,4,0,,TRUE,TRUE,caught,41,Mihir Chhabra,square_cut,long_on,"{""phase"":""death"",""score"":""177/5"",""crr"":9.0,""rrr"":"""",""pressure"":0.462,""xRuns"":1.218,""xWicket"":0.069,""risk"":0.801,""control"":0.417}"
2724,23,19,5,38,44,52,0,0,,TRUE,FALSE,,,,slog,silly_point,"{""phase"":""death"",""score"":""177/6"",""crr"":8.92,""rrr"":"""",""pressure"":0.49,""xRuns"":0.625,""xWicket"":0.13,""risk"":0.806,""control"":0}"
2725,23,19,6,38,44,52,2,0,,TRUE,TRUE,caught,38,Arnav Suri,paddle_sweep,fine_leg,"{""phase"":""death"",""score"":""179/6"",""crr"":8.95,""rrr"":"""",""pressure"":0.493,""xRuns"":0.624,""xWicket"":0.13,""risk"":0.808,""control"":0}"
2726,24,0,1,60,46,44,2,0,,TRUE,FALSE,,,,lofted,long_on,"{""phase"":""powerplay"",""score"":""2/0"",""crr"":12.0,""rrr"":8.97,""pressure"":0.257,""xRuns"":1.251,""xWicket"":0.045,""risk"":0.537,""control"":0.479}"
2727,24,0,2,60,46,44,2,0,,TRUE,FALSE,,,,sweep,mid_on_inside,"{""phase"":""powerplay"",""score"":""4/0"",""crr"":12.0,""rrr"":8.95,""pressure"":0.259,""xRuns"":1.251,""xWicket"":0.046,""risk"":0.538,""control"":0.485}"
2728,24,0,3,60,46,44,1,0,,TRUE,FALSE,,,,sweep,fine_leg,"{""phase"":""powerplay"",""score"":""5/0"",""crr"":10.0,""rrr"":8.97,""pressure"":0.261,""xRuns"":1.25,""xWicket"":0.046,""risk"":0.539,""control"":0.514}"
2729,24,0,4,46,60,44,2,0,,TRUE,FALSE,,,,defence,mid_off,"{""phase"":""powerplay"",""score"":""7/0"",""crr"":10.5,""rrr"":8.95,""pressure"":0.265,""xRuns"":1.25,""xWicket"":0.046,""risk"":0.584,""control"":0.381}"
2730,24,0,5,46,60,44,0,0,,TRUE,FALSE,,,,clip,deep_square_leg,"{""phase"":""powerplay"",""score"":""7/0"",""crr"":8.4,""rrr"":9.03,""pressure"":0.267,""xRuns"":1.249,""xWicket"":0.046,""risk"":0.584,""control"":0.485}"
2731,24,0,6,46,60,44,0,0,,TRUE,FALSE,,,,lofted_drive,silly_point,"{""phase"":""powerplay"",""score"":""7/0"",""crr"":7.0,""rrr"":9.11,""pressure"":0.272,""xRuns"":1.247,""xWicket"":0.047,""risk"":0.587,""control"":0.481}"
2732,24,1,1,60,46,38,0,0,,TRUE,FALSE,,,,straight_drive,mid_off,"{""phase"":""powerplay"",""score"":""7/0"",""crr"":6.0,""rrr"":9.19,""pressure"":0.277,""xRuns"":1.262,""xWicket"":0.045,""risk"":0.546,""control"":0.415}"
2733,24,1,2,60,46,38,1,0,,TRUE,FALSE,,,,on_drive,square_leg_inside,"{""phase"":""powerplay"",""score"":""8/0"",""crr"":6.0,""rrr"":9.21,""pressure"":0.282,""xRuns"":1.26,""xWicket"":0.045,""risk"":0.548,""control"":0.482}"
2734,24,1,3,46,60,38,1,0,,TRUE,FALSE,,,,cover_drive,cover_point_inside,"{""phase"":""powerplay"",""score"":""9/0"",""crr"":6.0,""rrr"":9.24,""pressure"":0.286,""xRuns"":1.26,""xWicket"":0.045,""risk"":0.593,""control"":0.416}"
2735,24,1,4,60,46,38,0,1,bye,TRUE,FALSE,,,,hook,deep_cover,"{""phase"":""powerplay"",""score"":""10/0"",""crr"":6.0,""rrr"":9.27,""pressure"":0.29,""xRuns"":1.257,""xWicket"":0.045,""risk"":0.552,""control"":0.534}"
2736,24,1,5,46,60,38,1,0,,TRUE,FALSE,,,,defence,long_on,"{""phase"":""powerplay"",""score"":""11/0"",""crr"":6.0,""rrr"":9.3,""pressure"":0.293,""xRuns"":1.258,""xWicket"":0.046,""risk"":0.596,""control"":0.513}"
2737,24,1,6,60,46,38,2,0,,TRUE,FALSE,,,,clip,silly_point,"{""phase"":""powerplay"",""score"":""13/0"",""crr"":6.5,""rrr"":9.28,""pressure"":0.297,""xRuns"":1.254,""xWicket"":0.045,""risk"":0.555,""control"":0.548}"
2738,24,2,1,46,60,40,1,0,,TRUE,FALSE,,,,scoop,long_off,"{""phase"":""powerplay"",""score"":""14/0"",""crr"":6.46,""rrr"":9.31,""pressure"":0.299,""xRuns"":1.379,""xWicket"":0.034,""risk"":0.599,""control"":0.477}"
2739,24,2,2,60,46,40,0,0,,TRUE,FALSE,,,,cut,square_leg_inside,"{""phase"":""powerplay"",""score"":""14/0"",""crr"":6.0,""rrr"":9.4,""pressure"":0.303,""xRuns"":1.375,""xWicket"":0.034,""risk"":0.558,""control"":0.551}"
2740,24,2,3,60,46,40,4,0,,TRUE,FALSE,,,,reverse_sweep,short_leg,"{""phase"":""powerplay"",""score"":""18/0"",""crr"":7.2,""rrr"":9.26,""pressure"":0.308,""xRuns"":1.373,""xWicket"":0.034,""risk"":0.71,""control"":0.546}"
2741,24,2,4,60,46,40,1,0,,TRUE,FALSE,,,,cover_drive,short_leg,"{""phase"":""powerplay"",""score"":""19/0"",""crr"":7.12,""rrr"":9.29,""pressure"":0.307,""xRuns"":1.373,""xWicket"":0.034,""risk"":0.56,""control"":0.481}"
2742,24,2,5,46,60,40,0,0,,TRUE,FALSE,,,,pull,point_inside,"{""phase"":""powerplay"",""score"":""19/0"",""crr"":6.71,""rrr"":9.38,""pressure"":0.311,""xRuns"":1.374,""xWicket"":0.035,""risk"":0.604,""control"":0.455}"
2743,24,2,6,46,60,40,1,0,,TRUE,FALSE,,,,straight_drive,straight_inside,"{""phase"":""powerplay"",""score"":""20/0"",""crr"":6.67,""rrr"":9.41,""pressure"":0.316,""xRuns"":1.372,""xWicket"":0.035,""risk"":0.606,""control"":0.543}"
2744,24,3,1,46,60,37,0,0,,TRUE,FALSE,,,,late_cut,long_on,"{""phase"":""powerplay"",""score"":""20/0"",""crr"":6.32,""rrr"":9.5,""pressure"":0.32,""xRuns"":1.418,""xWicket"":0.031,""risk"":0.608,""control"":0.609}"
2745,24,3,2,46,60,37,0,0,,TRUE,FALSE,,,,upper_cut,point_inside,"{""phase"":""powerplay"",""score"":""20/0"",""crr"":6.0,""rrr"":9.6,""pressure"":0.325,""xRuns"":1.416,""xWicket"":0.031,""risk"":0.611,""control"":0.608}"
2746,24,3,3,46,60,37,4,0,,TRUE,FALSE,,,,hook,fine_leg,"{""phase"":""powerplay"",""score"":""24/0"",""crr"":6.86,""rrr"":9.45,""pressure"":0.331,""xRuns"":1.413,""xWicket"":0.031,""risk"":0.763,""control"":0.605}"
2747,24,3,4,46,60,37,4,0,,TRUE,FALSE,,,,lofted,cover_inside,"{""phase"":""powerplay"",""score"":""28/0"",""crr"":7.64,""rrr"":9.31,""pressure"":0.329,""xRuns"":1.414,""xWicket"":0.031,""risk"":0.762,""control"":0.553}"
2748,24,3,5,46,60,37,1,0,,TRUE,FALSE,,,,paddle_sweep,long_off,"{""phase"":""powerplay"",""score"":""29/0"",""crr"":7.57,""rrr"":9.34,""pressure"":0.328,""xRuns"":1.414,""xWicket"":0.031,""risk"":0.612,""control"":0.578}"
2749,24,3,6,60,46,37,1,0,,TRUE,FALSE,,,,paddle_sweep,short_leg,"{""phase"":""powerplay"",""score"":""30/0"",""crr"":7.5,""rrr"":9.38,""pressure"":0.332,""xRuns"":1.41,""xWicket"":0.031,""risk"":0.571,""control"":0.49}"
2750,24,4,1,60,46,39,0,1,leg_bye,TRUE,FALSE,,,,scoop,mid_on_area,"{""phase"":""powerplay"",""score"":""31/0"",""crr"":7.44,""rrr"":9.41,""pressure"":0.336,""xRuns"":1.428,""xWicket"":0.029,""risk"":0.573,""control"":0.53}"
2751,24,4,2,46,60,39,4,0,,TRUE,FALSE,,,,clip,fine_leg_inside,"{""phase"":""powerplay"",""score"":""35/0"",""crr"":8.08,""rrr"":9.26,""pressure"":0.34,""xRuns"":1.428,""xWicket"":0.03,""risk"":0.767,""control"":0.56}"
2752,24,4,3,46,60,39,1,0,,TRUE,FALSE,,,,drive,mid_on_inside,"{""phase"":""powerplay"",""score"":""36/0"",""crr"":8.0,""rrr"":9.29,""pressure"":0.338,""xRuns"":1.429,""xWicket"":0.03,""risk"":0.616,""control"":0.582}"
2753,24,4,4,60,46,39,0,0,,TRUE,FALSE,,,,slog,cover_inside,"{""phase"":""powerplay"",""score"":""36/0"",""crr"":7.71,""rrr"":9.39,""pressure"":0.342,""xRuns"":1.425,""xWicket"":0.029,""risk"":0.575,""control"":0.533}"
2754,24,4,5,60,46,39,0,0,,TRUE,FALSE,,,,defence,point_inside,"{""phase"":""powerplay"",""score"":""36/0"",""crr"":7.45,""rrr"":9.49,""pressure"":0.348,""xRuns"":1.423,""xWicket"":0.03,""risk"":0.578,""control"":0.509}"
2755,24,4,6,60,46,39,0,0,,TRUE,FALSE,,,,lofted_drive,mid_off,"{""phase"":""powerplay"",""score"":""36/0"",""crr"":7.2,""rrr"":9.6,""pressure"":0.353,""xRuns"":1.421,""xWicket"":0.03,""risk"":0.58,""control"":0.501}"
2756,24,5,1,46,60,42,1,0,,TRUE,FALSE,,,,paddle_sweep,silly_mid_on,"{""phase"":""powerplay"",""score"":""37/0"",""crr"":7.16,""rrr"":9.64,""pressure"":0.359,""xRuns"":1.468,""xWicket"":0.026,""risk"":0.626,""control"":0.623}"
2757,24,5,2,60,46,42,4,0,,TRUE,TRUE,lbw,60,,glance,point_inside,"{""phase"":""powerplay"",""score"":""41/0"",""crr"":7.69,""rrr"":9.48,""pressure"":0.363,""xRuns"":1.464,""xWicket"":0.026,""risk"":0.735,""control"":0.547}"
2758,24,5,3,56,46,42,4,0,,TRUE,FALSE,,,,on_drive,third_point,"{""phase"":""powerplay"",""score"":""45/1"",""crr"":8.18,""rrr"":9.31,""pressure"":0.388,""xRuns"":1.562,""xWicket"":0.038,""risk"":0.91,""control"":0.623}"
2759,24,5,4,56,46,42,4,0,,TRUE,FALSE,,,,drive,silly_point,"{""phase"":""powerplay"",""score"":""49/1"",""crr"":8.65,""rrr"":9.14,""pressure"":0.386,""xRuns"":1.563,""xWicket"":0.038,""risk"":0.909,""control"":0.614}"
2760,24,5,5,56,46,42,0,0,,TRUE,FALSE,,,,scoop,mid_off,"{""phase"":""powerplay"",""score"":""49/1"",""crr"":8.4,""rrr"":9.25,""pressure"":0.383,""xRuns"":1.564,""xWicket"":0.038,""risk"":0.758,""control"":0.495}"
2761,24,5,6,56,46,42,0,0,,TRUE,FALSE,,,,upper_cut,square_leg_inside,"{""phase"":""powerplay"",""score"":""49/1"",""crr"":8.17,""rrr"":9.36,""pressure"":0.389,""xRuns"":1.562,""xWicket"":0.038,""risk"":0.761,""control"":0.564}"
2762,24,6,1,46,56,44,1,0,,TRUE,FALSE,,,,sweep,deep_cover,"{""phase"":""middle"",""score"":""50/1"",""crr"":8.11,""rrr"":9.4,""pressure"":0.395,""xRuns"":1.196,""xWicket"":0.052,""risk"":0.642,""control"":0.505}"
2763,24,6,2,56,46,44,0,0,,TRUE,FALSE,,,,on_drive,deep_square_leg,"{""phase"":""middle"",""score"":""50/1"",""crr"":7.89,""rrr"":9.51,""pressure"":0.399,""xRuns"":1.3,""xWicket"":0.063,""risk"":0.765,""control"":0.379}"
2764,24,6,3,56,46,44,0,0,,TRUE,FALSE,,,,reverse_sweep,cover_inside,"{""phase"":""middle"",""score"":""50/1"",""crr"":7.69,""rrr"":9.63,""pressure"":0.405,""xRuns"":1.298,""xWicket"":0.064,""risk"":0.768,""control"":0.376}"
2765,24,6,4,56,46,44,1,0,,TRUE,FALSE,,,,hook,mid_on_area,"{""phase"":""middle"",""score"":""51/1"",""crr"":7.65,""rrr"":9.67,""pressure"":0.412,""xRuns"":1.295,""xWicket"":0.064,""risk"":0.771,""control"":0.497}"
2766,24,6,5,46,56,44,1,0,,TRUE,FALSE,,,,reverse_sweep,point_inside,"{""phase"":""middle"",""score"":""52/1"",""crr"":7.61,""rrr"":9.72,""pressure"":0.416,""xRuns"":1.187,""xWicket"":0.053,""risk"":0.651,""control"":0.481}"
2767,24,6,6,56,46,44,0,0,,TRUE,FALSE,,,,ramp,fine_leg_inside,"{""phase"":""middle"",""score"":""52/1"",""crr"":7.43,""rrr"":9.85,""pressure"":0.42,""xRuns"":1.291,""xWicket"":0.064,""risk"":0.775,""control"":0.38}"
2768,24,7,1,46,56,38,0,0,,TRUE,FALSE,,,,late_cut,long_on,"{""phase"":""middle"",""score"":""52/1"",""crr"":7.26,""rrr"":9.97,""pressure"":0.426,""xRuns"":1.202,""xWicket"":0.052,""risk"":0.656,""control"":0.515}"
2769,24,7,2,46,56,38,1,0,,TRUE,FALSE,,,,hook,deep_extra_cover,"{""phase"":""middle"",""score"":""53/1"",""crr"":7.23,""rrr"":10.03,""pressure"":0.433,""xRuns"":1.199,""xWicket"":0.052,""risk"":0.659,""control"":0.511}"
2770,24,7,3,56,46,38,0,0,,TRUE,FALSE,,,,reverse_sweep,long_on,"{""phase"":""middle"",""score"":""53/1"",""crr"":7.07,""rrr"":10.16,""pressure"":0.437,""xRuns"":1.303,""xWicket"":0.063,""risk"":0.782,""control"":0.513}"
2771,24,7,4,56,46,38,0,0,,TRUE,FALSE,,,,hook,mid_on_inside,"{""phase"":""middle"",""score"":""53/1"",""crr"":6.91,""rrr"":10.3,""pressure"":0.444,""xRuns"":1.3,""xWicket"":0.064,""risk"":0.786,""control"":0.476}"
2772,24,7,5,56,46,38,2,0,,TRUE,FALSE,,,,paddle_sweep,straight_inside,"{""phase"":""middle"",""score"":""55/1"",""crr"":7.02,""rrr"":10.27,""pressure"":0.451,""xRuns"":1.297,""xWicket"":0.064,""risk"":0.789,""control"":0.415}"
2773,24,7,6,56,46,38,3,0,,TRUE,FALSE,,,,on_drive,long_on,"{""phase"":""middle"",""score"":""58/1"",""crr"":7.25,""rrr"":10.17,""pressure"":0.453,""xRuns"":1.297,""xWicket"":0.064,""risk"":0.79,""control"":0.394}"
2774,24,8,1,56,46,40,0,0,,TRUE,FALSE,,,,upper_cut,cover_inside,"{""phase"":""middle"",""score"":""58/1"",""crr"":7.1,""rrr"":10.31,""pressure"":0.453,""xRuns"":1.42,""xWicket"":0.052,""risk"":0.79,""control"":0.541}"
2775,24,8,2,56,46,40,0,0,,TRUE,FALSE,,,,ramp,silly_point,"{""phase"":""middle"",""score"":""58/1"",""crr"":6.96,""rrr"":10.46,""pressure"":0.459,""xRuns"":1.418,""xWicket"":0.052,""risk"":0.792,""control"":0.451}"
2776,24,8,3,56,46,40,1,0,,TRUE,FALSE,,,,late_cut,cover_point_inside,"{""phase"":""middle"",""score"":""59/1"",""crr"":6.94,""rrr"":10.52,""pressure"":0.467,""xRuns"":1.415,""xWicket"":0.053,""risk"":0.796,""control"":0.569}"
2777,24,8,4,46,56,40,4,0,,TRUE,FALSE,,,,cut,fine_leg_inside,"{""phase"":""middle"",""score"":""63/1"",""crr"":7.27,""rrr"":10.32,""pressure"":0.471,""xRuns"":1.307,""xWicket"":0.042,""risk"":0.826,""control"":0.53}"
2778,24,8,5,46,56,40,6,0,,TRUE,FALSE,,,,square_cut,long_off,"{""phase"":""middle"",""score"":""69/1"",""crr"":7.81,""rrr"":9.94,""pressure"":0.468,""xRuns"":1.308,""xWicket"":0.042,""risk"":0.825,""control"":0.483}"
2779,24,8,6,46,56,40,0,0,,TRUE,FALSE,,,,scoop,fine_leg,"{""phase"":""middle"",""score"":""69/1"",""crr"":7.67,""rrr"":10.09,""pressure"":0.46,""xRuns"":1.311,""xWicket"":0.041,""risk"":0.671,""control"":0.552}"
2780,24,9,1,56,46,37,4,0,,TRUE,FALSE,,,,scoop,short_leg,"{""phase"":""middle"",""score"":""73/1"",""crr"":7.96,""rrr"":9.88,""pressure"":0.467,""xRuns"":1.462,""xWicket"":0.048,""risk"":0.946,""control"":0.594}"
2781,24,9,2,56,46,37,1,0,,TRUE,FALSE,,,,cut,third_point,"{""phase"":""middle"",""score"":""74/1"",""crr"":7.93,""rrr"":9.94,""pressure"":0.464,""xRuns"":1.463,""xWicket"":0.048,""risk"":0.795,""control"":0.573}"
2782,24,9,3,46,56,37,1,0,,TRUE,FALSE,,,,lofted,fine_leg,"{""phase"":""middle"",""score"":""75/1"",""crr"":7.89,""rrr"":10.0,""pressure"":0.469,""xRuns"":1.355,""xWicket"":0.037,""risk"":0.675,""control"":0.481}"
2783,24,9,4,56,46,37,1,0,,TRUE,FALSE,,,,on_drive,long_off,"{""phase"":""middle"",""score"":""76/1"",""crr"":7.86,""rrr"":10.06,""pressure"":0.473,""xRuns"":1.46,""xWicket"":0.048,""risk"":0.799,""control"":0.522}"
2784,24,9,5,46,56,37,4,0,,TRUE,FALSE,,,,upper_cut,fine_leg_inside,"{""phase"":""middle"",""score"":""80/1"",""crr"":8.14,""rrr"":9.84,""pressure"":0.478,""xRuns"":1.351,""xWicket"":0.038,""risk"":0.829,""control"":0.538}"
2785,24,9,6,46,56,37,1,0,,TRUE,FALSE,,,,square_cut,point_inside,"{""phase"":""middle"",""score"":""81/1"",""crr"":8.1,""rrr"":9.9,""pressure"":0.474,""xRuns"":1.353,""xWicket"":0.037,""risk"":0.678,""control"":0.606}"
2786,24,10,1,46,56,39,6,0,,TRUE,FALSE,,,,paddle_sweep,deep_square_leg,"{""phase"":""middle"",""score"":""87/1"",""crr"":8.56,""rrr"":9.46,""pressure"":0.479,""xRuns"":1.37,""xWicket"":0.036,""risk"":0.83,""control"":0.532}"
2787,24,10,2,46,56,39,0,0,,TRUE,FALSE,,,,cover_drive,deep_extra_cover,"{""phase"":""middle"",""score"":""87/1"",""crr"":8.42,""rrr"":9.62,""pressure"":0.469,""xRuns"":1.374,""xWicket"":0.035,""risk"":0.675,""control"":0.591}"
2788,24,10,3,46,56,39,1,0,,TRUE,FALSE,,,,ramp,cover_point_inside,"{""phase"":""middle"",""score"":""88/1"",""crr"":8.38,""rrr"":9.68,""pressure"":0.477,""xRuns"":1.371,""xWicket"":0.036,""risk"":0.679,""control"":0.504}"
2789,24,10,4,56,46,39,6,0,,TRUE,FALSE,,,,upper_cut,cover_inside,"{""phase"":""middle"",""score"":""94/1"",""crr"":8.81,""rrr"":9.21,""pressure"":0.481,""xRuns"":1.475,""xWicket"":0.047,""risk"":0.952,""control"":0.596}"
2790,24,10,5,56,46,39,1,0,,TRUE,FALSE,,,,hook,cover_point_inside,"{""phase"":""middle"",""score"":""95/1"",""crr"":8.77,""rrr"":9.27,""pressure"":0.47,""xRuns"":1.48,""xWicket"":0.047,""risk"":0.797,""control"":0.589}"
2791,24,10,6,46,56,39,1,0,,TRUE,FALSE,,,,scoop,deep_cover,"{""phase"":""middle"",""score"":""96/1"",""crr"":8.73,""rrr"":9.33,""pressure"":0.475,""xRuns"":1.372,""xWicket"":0.036,""risk"":0.678,""control"":0.608}"
2792,24,11,1,46,56,42,0,0,,TRUE,FALSE,,,,slog,fine_leg_inside,"{""phase"":""middle"",""score"":""96/1"",""crr"":8.6,""rrr"":9.51,""pressure"":0.48,""xRuns"":1.417,""xWicket"":0.031,""risk"":0.68,""control"":0.54}"
2793,24,11,2,46,56,42,1,0,,TRUE,FALSE,,,,slog,square_leg_inside,"{""phase"":""middle"",""score"":""97/1"",""crr"":8.56,""rrr"":9.58,""pressure"":0.488,""xRuns"":1.414,""xWicket"":0.032,""risk"":0.684,""control"":0.528}"
2794,24,11,3,56,46,42,0,0,,TRUE,FALSE,,,,ramp,point_inside,"{""phase"":""middle"",""score"":""97/1"",""crr"":8.43,""rrr"":9.76,""pressure"":0.492,""xRuns"":1.518,""xWicket"":0.043,""risk"":0.807,""control"":0.501}"
2795,24,11,4,56,46,42,1,0,,TRUE,TRUE,caught,56,Vihaan Trivedi,sweep,cover_inside,"{""phase"":""middle"",""score"":""98/1"",""crr"":8.4,""rrr"":9.84,""pressure"":0.5,""xRuns"":1.515,""xWicket"":0.043,""risk"":0.811,""control"":0.539}"
2796,24,11,5,46,58,42,4,0,,TRUE,FALSE,,,,cover_drive,cover_point_inside,"{""phase"":""middle"",""score"":""102/2"",""crr"":8.62,""rrr"":9.55,""pressure"":0.531,""xRuns"":1.396,""xWicket"":0.034,""risk"":0.853,""control"":0.557}"
2797,24,11,6,46,58,42,1,0,,TRUE,FALSE,,,,clip,silly_mid_wicket,"{""phase"":""middle"",""score"":""103/2"",""crr"":8.58,""rrr"":9.62,""pressure"":0.526,""xRuns"":1.398,""xWicket"":0.033,""risk"":0.701,""control"":0.497}"
2798,24,12,1,46,58,44,2,0,,TRUE,FALSE,,,,hook,fine_leg,"{""phase"":""middle"",""score"":""105/2"",""crr"":8.63,""rrr"":9.57,""pressure"":0.531,""xRuns"":1.139,""xWicket"":0.058,""risk"":0.703,""control"":0.416}"
2799,24,12,2,46,58,44,2,0,,TRUE,FALSE,,,,clip,cover_inside,"{""phase"":""middle"",""score"":""107/2"",""crr"":8.68,""rrr"":9.52,""pressure"":0.532,""xRuns"":1.138,""xWicket"":0.058,""risk"":0.704,""control"":0.411}"
2800,24,12,3,46,58,44,0,0,,TRUE,FALSE,,,,ramp,long_off,"{""phase"":""middle"",""score"":""107/2"",""crr"":8.56,""rrr"":9.73,""pressure"":0.534,""xRuns"":1.137,""xWicket"":0.058,""risk"":0.705,""control"":0.402}"
2801,24,12,4,46,58,44,1,0,,TRUE,FALSE,,,,drive,deep_extra_cover,"{""phase"":""middle"",""score"":""108/2"",""crr"":8.53,""rrr"":9.82,""pressure"":0.542,""xRuns"":1.134,""xWicket"":0.059,""risk"":0.708,""control"":0.428}"
2802,24,12,5,58,46,44,1,0,,TRUE,FALSE,,,,straight_drive,deep_cover,"{""phase"":""middle"",""score"":""109/2"",""crr"":8.49,""rrr"":9.91,""pressure"":0.548,""xRuns"":1.052,""xWicket"":0.067,""risk"":0.661,""control"":0.37}"
2803,24,12,6,46,58,44,4,0,,TRUE,FALSE,,,,ramp,fine_leg,"{""phase"":""middle"",""score"":""113/2"",""crr"":8.69,""rrr"":9.57,""pressure"":0.553,""xRuns"":1.129,""xWicket"":0.059,""risk"":0.863,""control"":0.416}"
2804,24,13,1,58,46,38,0,0,,TRUE,FALSE,,,,sweep,cover_point_inside,"{""phase"":""middle"",""score"":""113/2"",""crr"":8.58,""rrr"":9.8,""pressure"":0.546,""xRuns"":1.072,""xWicket"":0.065,""risk"":0.66,""control"":0.38}"
2805,24,13,2,58,46,38,3,0,,TRUE,FALSE,,,,clip,mid_off,"{""phase"":""middle"",""score"":""116/2"",""crr"":8.7,""rrr"":9.6,""pressure"":0.556,""xRuns"":1.068,""xWicket"":0.065,""risk"":0.664,""control"":0.439}"
2806,24,13,3,46,58,38,1,0,,TRUE,FALSE,,,,reverse_sweep,mid_on_inside,"{""phase"":""middle"",""score"":""117/2"",""crr"":8.67,""rrr"":9.69,""pressure"":0.553,""xRuns"":1.148,""xWicket"":0.057,""risk"":0.713,""control"":0.509}"
2807,24,13,4,58,46,38,0,0,,TRUE,FALSE,,,,reverse_sweep,long_off,"{""phase"":""middle"",""score"":""117/2"",""crr"":8.56,""rrr"":9.95,""pressure"":0.558,""xRuns"":1.067,""xWicket"":0.065,""risk"":0.665,""control"":0.458}"
2808,24,13,5,58,46,38,2,0,,TRUE,FALSE,,,,paddle_sweep,square_leg_inside,"{""phase"":""middle"",""score"":""119/2"",""crr"":8.6,""rrr"":9.89,""pressure"":0.569,""xRuns"":1.063,""xWicket"":0.066,""risk"":0.67,""control"":0.376}"
2809,24,13,6,58,46,38,2,0,,TRUE,FALSE,,,,late_cut,fine_leg_inside,"{""phase"":""middle"",""score"":""121/2"",""crr"":8.64,""rrr"":9.83,""pressure"":0.57,""xRuns"":1.062,""xWicket"":0.066,""risk"":0.671,""control"":0.467}"
2810,24,14,1,46,58,40,1,0,,TRUE,FALSE,,,,cover_drive,silly_mid_on,"{""phase"":""middle"",""score"":""122/2"",""crr"":8.61,""rrr"":9.94,""pressure"":0.571,""xRuns"":1.265,""xWicket"":0.046,""risk"":0.721,""control"":0.509}"
2811,24,14,2,58,46,40,1,0,,TRUE,FALSE,,,,sweep,square_leg_inside,"{""phase"":""middle"",""score"":""123/2"",""crr"":8.58,""rrr"":10.06,""pressure"":0.577,""xRuns"":1.183,""xWicket"":0.055,""risk"":0.674,""control"":0.461}"
2812,24,14,3,46,58,40,1,0,,TRUE,TRUE,bowled,46,,slog,long_off,"{""phase"":""middle"",""score"":""124/2"",""crr"":8.55,""rrr"":10.18,""pressure"":0.583,""xRuns"":1.26,""xWicket"":0.047,""risk"":0.727,""control"":0.543}"
2813,24,14,4,58,57,40,0,0,,TRUE,FALSE,,,,reverse_sweep,deep_extra_cover,"{""phase"":""middle"",""score"":""124/3"",""crr"":8.45,""rrr"":10.5,""pressure"":0.615,""xRuns"":1.167,""xWicket"":0.056,""risk"":0.691,""control"":0.525}"
2814,24,14,5,58,57,40,0,0,,TRUE,FALSE,,,,cover_drive,third_point,"{""phase"":""middle"",""score"":""124/3"",""crr"":8.36,""rrr"":10.84,""pressure"":0.627,""xRuns"":1.162,""xWicket"":0.057,""risk"":0.696,""control"":0.413}"
2815,24,14,6,58,57,40,1,0,,TRUE,FALSE,,,,pull,deep_cover,"{""phase"":""middle"",""score"":""125/3"",""crr"":8.33,""rrr"":11.0,""pressure"":0.64,""xRuns"":1.157,""xWicket"":0.057,""risk"":0.702,""control"":0.455}"
2816,24,15,1,58,57,37,0,0,,TRUE,FALSE,,,,cover_drive,silly_point,"{""phase"":""death"",""score"":""125/3"",""crr"":8.24,""rrr"":11.38,""pressure"":0.647,""xRuns"":1.201,""xWicket"":0.071,""risk"":0.705,""control"":0.542}"
2817,24,15,2,58,57,37,0,0,,TRUE,TRUE,stumped,58,Harit Sharma,pull,silly_point,"{""phase"":""death"",""score"":""125/3"",""crr"":8.15,""rrr"":11.79,""pressure"":0.661,""xRuns"":1.195,""xWicket"":0.072,""risk"":0.712,""control"":0.582}"
2818,24,15,3,47,57,37,4,0,,TRUE,FALSE,,,,sweep,deep_cover,"{""phase"":""death"",""score"":""129/4"",""crr"":8.32,""rrr"":11.33,""pressure"":0.702,""xRuns"":1.238,""xWicket"":0.083,""risk"":1,""control"":0.437}"
2819,24,15,4,47,57,37,6,0,,TRUE,FALSE,,,,reverse_sweep,square_leg_inside,"{""phase"":""death"",""score"":""135/4"",""crr"":8.62,""rrr"":10.38,""pressure"":0.691,""xRuns"":1.243,""xWicket"":0.082,""risk"":1,""control"":0.392}"
2820,24,15,5,47,57,37,2,0,,TRUE,FALSE,,,,defence,straight_inside,"{""phase"":""death"",""score"":""137/4"",""crr"":8.65,""rrr"":10.32,""pressure"":0.667,""xRuns"":1.253,""xWicket"":0.081,""risk"":0.85,""control"":0.517}"
2821,24,15,6,47,57,37,6,0,,TRUE,FALSE,,,,cut,long_on,"{""phase"":""death"",""score"":""143/4"",""crr"":8.94,""rrr"":9.25,""pressure"":0.668,""xRuns"":1.252,""xWicket"":0.081,""risk"":1,""control"":0.41}"
2822,24,16,1,57,47,37,6,0,,TRUE,FALSE,,,,lofted,fine_leg,"{""phase"":""death"",""score"":""149/4"",""crr"":9.22,""rrr"":8.09,""pressure"":0.64,""xRuns"":1.368,""xWicket"":0.072,""risk"":1,""control"":0.503}"
2823,24,16,2,57,47,37,1,0,,TRUE,FALSE,,,,late_cut,point_inside,"{""phase"":""death"",""score"":""150/4"",""crr"":9.18,""rrr"":8.18,""pressure"":0.61,""xRuns"":1.381,""xWicket"":0.071,""risk"":0.903,""control"":0.44}"
2824,24,16,3,47,57,37,0,0,,TRUE,FALSE,,,,slog,silly_mid_wicket,"{""phase"":""death"",""score"":""150/4"",""crr"":9.09,""rrr"":8.57,""pressure"":0.615,""xRuns"":1.275,""xWicket"":0.079,""risk"":0.827,""control"":0.533}"
2825,24,16,4,47,57,37,0,0,,TRUE,FALSE,,,,lofted,straight_inside,"{""phase"":""death"",""score"":""150/4"",""crr"":9.0,""rrr"":9.0,""pressure"":0.629,""xRuns"":1.269,""xWicket"":0.08,""risk"":0.833,""control"":0.407}"
2826,24,16,5,47,57,37,1,0,,TRUE,FALSE,,,,cover_drive,silly_mid_on,"{""phase"":""death"",""score"":""151/4"",""crr"":8.97,""rrr"":9.16,""pressure"":0.644,""xRuns"":1.262,""xWicket"":0.08,""risk"":0.84,""control"":0.531}"
2827,24,16,6,57,47,37,0,0,,TRUE,FALSE,,,,late_cut,long_off,"{""phase"":""death"",""score"":""151/4"",""crr"":8.88,""rrr"":9.67,""pressure"":0.652,""xRuns"":1.363,""xWicket"":0.072,""risk"":0.922,""control"":0.446}"
2828,24,17,1,47,57,38,4,0,,TRUE,FALSE,,,,scoop,deep_square_leg,"{""phase"":""death"",""score"":""155/4"",""crr"":9.03,""rrr"":8.82,""pressure"":0.669,""xRuns"":1.081,""xWicket"":0.098,""risk"":1,""control"":0.461}"
2829,24,17,2,47,57,38,1,0,,TRUE,FALSE,,,,reverse_sweep,deep_square_leg,"{""phase"":""death"",""score"":""156/4"",""crr"":9.0,""rrr"":9.0,""pressure"":0.648,""xRuns"":1.089,""xWicket"":0.097,""risk"":0.842,""control"":0.344}"
2830,24,17,3,57,47,38,0,1,wide,FALSE,FALSE,,,,scoop,silly_mid_wicket,"{""phase"":""death"",""score"":""157/4"",""crr"":9.06,""rrr"":8.62,""pressure"":0.656,""xRuns"":1.19,""xWicket"":0.009,""risk"":0.924,""control"":0.403}"
2831,24,17,3,57,47,38,0,0,,TRUE,FALSE,,,,square_cut,cover_inside,"{""phase"":""death"",""score"":""157/4"",""crr"":8.97,""rrr"":9.2,""pressure"":0.645,""xRuns"":1.195,""xWicket"":0.089,""risk"":0.919,""control"":0.4}"
2832,24,17,4,57,47,38,6,0,,TRUE,FALSE,,,,upper_cut,long_off,"{""phase"":""death"",""score"":""163/4"",""crr"":9.23,""rrr"":7.29,""pressure"":0.664,""xRuns"":1.187,""xWicket"":0.089,""risk"":1,""control"":0.451}"
2833,24,17,5,57,47,38,0,0,,TRUE,FALSE,,,,ramp,mid_off,"{""phase"":""death"",""score"":""163/4"",""crr"":9.14,""rrr"":7.85,""pressure"":0.613,""xRuns"":1.208,""xWicket"":0.087,""risk"":0.904,""control"":0.468}"
2834,24,17,6,57,47,38,0,0,,TRUE,FALSE,,,,lofted_drive,mid_on_area,"{""phase"":""death"",""score"":""163/4"",""crr"":9.06,""rrr"":8.5,""pressure"":0.631,""xRuns"":1.201,""xWicket"":0.088,""risk"":0.913,""control"":0.422}"
2835,24,18,1,47,57,39,0,0,,TRUE,FALSE,,,,straight_drive,mid_on_area,"{""phase"":""death"",""score"":""163/4"",""crr"":8.97,""rrr"":9.27,""pressure"":0.653,""xRuns"":1.278,""xWicket"":0.079,""risk"":0.844,""control"":0.45}"
2836,24,18,2,47,57,39,4,0,,TRUE,FALSE,,,,lofted,point_inside,"{""phase"":""death"",""score"":""167/4"",""crr"":9.11,""rrr"":7.8,""pressure"":0.678,""xRuns"":1.267,""xWicket"":0.08,""risk"":1,""control"":0.492}"
2837,24,18,3,47,57,39,0,0,,TRUE,FALSE,,,,hook,long_on,"{""phase"":""death"",""score"":""167/4"",""crr"":9.03,""rrr"":8.67,""pressure"":0.639,""xRuns"":1.284,""xWicket"":0.078,""risk"":0.838,""control"":0.51}"
2838,24,18,4,47,57,39,0,0,,TRUE,FALSE,,,,lofted,silly_mid_wicket,"{""phase"":""death"",""score"":""167/4"",""crr"":8.95,""rrr"":9.75,""pressure"":0.666,""xRuns"":1.272,""xWicket"":0.079,""risk"":0.85,""control"":0.422}"
2839,24,18,5,47,57,39,0,0,,TRUE,FALSE,,,,pull,mid_off,"{""phase"":""death"",""score"":""167/4"",""crr"":8.87,""rrr"":11.14,""pressure"":0.7,""xRuns"":1.258,""xWicket"":0.081,""risk"":0.865,""control"":0.458}"
2840,24,18,6,47,57,39,2,0,,TRUE,FALSE,,,,slog,fine_leg,"{""phase"":""death"",""score"":""169/4"",""crr"":8.89,""rrr"":11.0,""pressure"":0.742,""xRuns"":1.24,""xWicket"":0.083,""risk"":0.884,""control"":0.439}"
2841,24,19,1,57,47,39,0,0,,TRUE,FALSE,,,,flick,square_leg_inside,"{""phase"":""death"",""score"":""169/4"",""crr"":8.82,""rrr"":13.2,""pressure"":0.741,""xRuns"":1.345,""xWicket"":0.075,""risk"":0.962,""control"":0.511}"
2842,24,19,2,57,47,39,4,0,,TRUE,FALSE,,,,sweep,mid_on_inside,"{""phase"":""death"",""score"":""173/4"",""crr"":8.95,""rrr"":10.5,""pressure"":0.807,""xRuns"":1.317,""xWicket"":0.078,""risk"":1,""control"":0.513}"
2843,24,19,3,57,47,39,1,0,,TRUE,FALSE,,,,clip,long_on,"{""phase"":""death"",""score"":""174/4"",""crr"":8.92,""rrr"":12.0,""pressure"":0.733,""xRuns"":1.348,""xWicket"":0.074,""risk"":0.958,""control"":0.431}"
2844,24,19,4,47,57,39,1,0,,TRUE,FALSE,,,,on_drive,mid_off,"{""phase"":""death"",""score"":""175/4"",""crr"":8.9,""rrr"":15.0,""pressure"":0.778,""xRuns"":1.225,""xWicket"":0.084,""risk"":0.9,""control"":0.473}"
2845,24,19,5,57,47,39,0,0,,TRUE,FALSE,,,,sweep,short_leg,"{""phase"":""death"",""score"":""175/4"",""crr"":8.82,""rrr"":30.0,""pressure"":0.838,""xRuns"":1.304,""xWicket"":0.079,""risk"":1,""control"":0.524}"
2846,24,19,6,57,47,39,4,0,,TRUE,FALSE,,,,glance,long_on,"{""phase"":""death"",""score"":""179/4"",""crr"":8.95,""rrr"":6.0,""pressure"":0.841,""xRuns"":1.303,""xWicket"":0.079,""risk"":1,""control"":0.459}"
