ball_event_id,innings_id,over_number,ball_number,striker_id,bowler_id,runs_off_bat,extras,is_legal_delivery,phase,current_run_rate,required_run_rate,pressure_index,expected_runs,expected_wicket_probability,shot_risk_score,batter_control_score,target_is_wicket,target_total_runs
1,1,0,1,15,29,0,1,False,powerplay,6.0,,0.0,1.611,0.006,0.55,0.57,0,1
2,1,0,1,15,29,1,0,True,powerplay,12.0,,0.0,1.611,0.024,0.55,0.613,0,1
3,1,0,2,1,29,0,0,True,powerplay,6.0,,0.003,1.518,0.027,0.473,0.508,0,0
4,1,0,3,1,29,4,0,True,powerplay,12.0,,0.006,1.517,0.027,0.624,0.599,0,4
5,1,0,4,1,29,0,0,True,powerplay,9.0,,0.009,1.515,0.028,0.475,0.539,0,0
6,1,0,5,1,29,0,0,True,powerplay,7.2,,0.011,1.514,0.028,0.476,0.626,0,0
7,1,0,6,1,29,1,0,True,powerplay,7.0,,0.014,1.513,0.028,0.478,0.584,0,1
8,1,1,1,1,22,2,0,True,powerplay,7.71,,0.017,1.588,0.021,0.479,0.533,0,2
9,1,1,2,1,22,1,0,True,powerplay,7.5,,0.02,1.587,0.021,0.48,0.6,0,1
10,1,1,3,15,22,2,0,True,powerplay,8.0,,0.023,1.678,0.018,0.56,0.604,0,2
11,1,1,4,15,22,3,0,True,powerplay,9.0,,0.026,1.677,0.018,0.562,0.664,0,3
12,1,1,5,1,22,2,0,True,powerplay,9.27,,0.028,1.584,0.021,0.484,0.628,0,2
13,1,1,6,1,22,2,0,True,powerplay,9.5,,0.031,1.582,0.021,0.485,0.555,0,2
14,1,2,1,15,24,2,0,True,powerplay,9.69,,0.034,1.673,0.019,0.565,0.609,0,2
15,1,2,2,15,24,4,0,True,powerplay,10.71,,0.037,1.672,0.019,0.717,0.616,0,4
16,1,2,3,15,24,0,0,True,powerplay,10.0,,0.04,1.671,0.019,0.568,0.683,0,0
17,1,2,4,15,24,1,0,True,powerplay,9.75,,0.043,1.669,0.019,0.569,0.615,0,1
18,1,2,5,1,24,2,0,True,powerplay,9.88,,0.045,1.576,0.022,0.492,0.606,0,2
19,1,2,6,1,24,2,0,True,powerplay,10.0,,0.048,1.575,0.022,0.493,0.566,0,2
20,1,3,1,15,23,6,0,True,powerplay,11.37,,0.051,1.685,0.018,0.723,0.668,0,6
21,1,3,2,15,23,0,0,True,powerplay,10.8,,0.054,1.684,0.018,0.574,0.561,0,0
22,1,3,3,15,23,0,1,False,powerplay,11.1,,0.057,1.683,0.006,0.576,0.599,0,1
23,1,3,3,15,23,1,0,True,powerplay,10.86,,0.057,1.683,0.018,0.576,0.662,0,1
24,1,3,4,1,23,1,0,True,powerplay,10.64,,0.059,1.59,0.021,0.498,0.62,0,1
25,1,3,5,15,23,0,1,False,powerplay,10.91,,0.062,1.681,0.006,0.578,0.569,0,1
26,1,3,5,15,23,1,0,True,powerplay,10.7,,0.062,1.681,0.018,0.578,0.591,0,1
27,1,3,6,1,23,1,0,True,powerplay,10.5,,0.065,1.587,0.021,0.501,0.54,0,1
28,1,4,1,1,25,2,0,True,powerplay,10.56,,0.068,1.595,0.02,0.502,0.523,0,2
29,1,4,2,1,25,4,0,True,powerplay,11.08,,0.071,1.594,0.02,0.653,0.626,0,4
30,1,4,3,1,25,0,0,True,powerplay,10.67,,0.074,1.593,0.02,0.505,0.534,0,0
31,1,4,4,1,25,1,0,True,powerplay,10.5,,0.077,1.592,0.021,0.506,0.534,0,1
32,1,4,5,15,25,1,0,True,powerplay,10.34,,0.079,1.683,0.018,0.586,0.578,0,1
33,1,4,6,1,25,4,0,True,powerplay,10.8,,0.082,1.589,0.021,0.658,0.569,0,4
34,1,5,1,15,29,4,0,True,powerplay,11.23,,0.085,1.576,0.028,0.738,0.541,0,4
35,1,5,2,15,29,1,0,True,powerplay,11.06,,0.088,1.574,0.028,0.59,0.612,0,1
36,1,5,3,1,29,1,0,True,powerplay,10.91,,0.091,1.481,0.031,0.512,0.507,0,1
37,1,5,4,15,29,2,0,True,powerplay,10.94,,0.094,1.572,0.029,0.592,0.616,0,2
38,1,5,5,15,29,4,0,True,powerplay,11.31,,0.096,1.571,0.029,0.743,0.63,0,4
39,1,5,6,15,29,1,0,True,powerplay,11.17,,0.099,1.57,0.029,0.595,0.64,0,1
40,1,6,1,15,22,1,0,True,middle,11.03,,0.102,1.645,0.022,0.596,0.676,0,1
41,1,6,2,1,22,0,0,True,middle,10.74,,0.105,1.551,0.025,0.519,0.64,0,0
42,1,6,3,1,22,0,0,True,middle,10.46,,0.108,1.55,0.025,0.52,0.634,0,0
43,1,6,4,1,22,2,0,True,middle,10.5,,0.111,1.549,0.025,0.521,0.534,0,2
44,1,6,5,1,22,0,0,True,middle,10.24,,0.113,1.548,0.025,0.522,0.625,0,0
45,1,6,6,1,22,4,0,True,middle,10.57,,0.116,1.547,0.025,0.674,0.528,0,4
46,1,7,1,15,24,6,0,True,middle,11.16,,0.119,1.638,0.022,0.754,0.643,0,6
47,1,7,2,15,24,4,0,True,middle,11.45,,0.122,1.636,0.023,0.755,0.676,0,4
48,1,7,3,15,24,1,0,True,middle,11.33,,0.125,1.635,0.023,0.606,0.556,0,1
49,1,7,4,1,24,6,0,True,middle,11.87,,0.128,1.542,0.026,0.679,0.669,0,6
50,1,7,5,1,24,0,0,True,middle,11.62,,0.13,1.541,0.026,0.53,0.561,0,0
51,1,7,6,1,24,1,0,True,middle,11.5,,0.133,1.539,0.026,0.531,0.614,0,1
52,1,8,1,1,23,2,0,True,middle,11.51,,0.136,1.557,0.024,0.533,0.595,0,2
53,1,8,2,1,23,4,0,True,middle,11.76,,0.139,1.556,0.024,0.684,0.655,0,4
54,1,8,3,1,23,2,0,True,middle,11.76,,0.142,1.555,0.024,0.535,0.636,0,2
55,1,8,4,1,23,2,0,True,middle,11.77,,0.145,1.553,0.025,0.537,0.618,0,2
56,1,8,5,1,23,1,0,True,middle,11.66,,0.147,1.553,0.025,0.538,0.598,0,1
57,1,8,6,15,23,1,0,True,middle,11.56,,0.15,1.644,0.022,0.618,0.673,0,1
58,1,9,1,15,25,1,0,True,middle,11.45,,0.153,1.652,0.021,0.619,0.555,0,1
59,1,9,2,1,25,0,0,True,middle,11.25,,0.156,1.558,0.024,0.542,0.601,0,0
60,1,9,3,1,25,4,0,True,middle,11.47,,0.159,1.557,0.024,0.693,0.549,0,4
61,1,9,4,1,25,4,0,True,middle,11.69,,0.162,1.556,0.024,0.694,0.561,0,4
62,1,9,5,1,25,0,0,True,middle,11.49,,0.164,1.555,0.024,0.545,0.61,0,0
63,1,9,6,1,25,1,0,True,middle,11.4,,0.167,1.554,0.025,0.547,0.54,0,1
64,1,10,1,1,29,1,0,True,middle,11.31,,0.17,1.448,0.035,0.548,0.543,0,1
65,1,10,2,15,29,0,0,True,middle,11.13,,0.173,1.539,0.032,0.628,0.535,0,0
66,1,10,3,15,29,0,0,True,middle,10.95,,0.176,1.537,0.032,0.629,0.63,0,0
67,1,10,4,15,29,0,0,True,middle,10.78,,0.179,1.536,0.032,0.631,0.633,0,0
68,1,10,5,15,29,0,0,True,middle,10.62,,0.181,1.535,0.033,0.631,0.578,0,0
69,1,10,6,15,29,6,1,False,middle,11.26,,0.184,1.534,0.006,0.783,0.616,0,7
70,1,10,6,15,29,4,0,True,middle,11.45,,0.184,1.534,0.033,0.783,0.64,0,4
71,1,11,1,1,22,1,0,True,middle,11.37,,0.187,1.517,0.028,0.556,0.547,0,1
72,1,11,2,15,22,0,0,True,middle,11.21,,0.19,1.608,0.026,0.636,0.66,0,0
73,1,11,3,15,22,2,0,True,middle,11.22,,0.193,1.606,0.026,0.637,0.583,0,2
74,1,11,4,15,22,1,0,True,middle,11.14,,0.196,1.605,0.026,0.638,0.658,0,1
75,1,11,5,1,22,0,0,True,middle,10.99,,0.198,1.512,0.029,0.561,0.645,0,0
76,1,11,6,1,22,4,0,True,middle,11.17,,0.201,1.511,0.029,0.712,0.529,0,4
77,1,12,1,15,24,0,0,True,middle,11.01,,0.204,1.602,0.026,0.642,0.579,1,0
78,1,12,2,6,24,3,0,True,middle,11.11,,0.233,1.654,0.034,0.769,0.516,0,3
79,1,12,3,1,24,1,0,True,middle,11.04,,0.236,1.496,0.03,0.578,0.638,0,1
80,1,12,4,6,24,1,0,True,middle,10.97,,0.239,1.652,0.034,0.772,0.52,0,1
81,1,12,5,1,24,1,0,True,middle,10.91,,0.241,1.494,0.031,0.58,0.631,0,1
82,1,12,6,6,24,0,0,True,middle,10.77,,0.244,1.65,0.034,0.774,0.655,0,0
83,1,13,1,1,23,0,0,True,middle,10.63,,0.247,1.511,0.029,0.583,0.665,0,0
84,1,13,2,1,23,1,0,True,middle,10.57,,0.25,1.509,0.029,0.584,0.614,0,1
85,1,13,3,6,23,1,0,True,middle,10.52,,0.253,1.665,0.033,0.778,0.577,0,1
86,1,13,4,1,23,0,0,True,middle,10.39,,0.256,1.507,0.03,0.587,0.59,0,0
87,1,13,5,1,23,4,0,True,middle,10.55,,0.258,1.506,0.03,0.738,0.619,0,4
88,1,13,6,1,23,0,0,True,middle,10.43,,0.261,1.505,0.03,0.589,0.567,0,0
89,1,14,1,6,25,3,0,True,middle,10.52,,0.264,1.67,0.033,0.783,0.588,0,3
90,1,14,2,1,25,0,0,True,middle,10.4,,0.267,1.512,0.029,0.592,0.558,0,0
91,1,14,3,1,25,0,2,True,middle,10.41,,0.27,1.51,0.029,0.593,0.625,0,2
92,1,14,4,1,25,0,1,False,middle,10.48,,0.273,1.509,0.006,0.594,0.657,0,1
93,1,14,4,1,25,2,0,True,middle,10.5,,0.273,1.509,0.029,0.594,0.592,0,2
94,1,14,5,1,25,0,0,True,middle,10.38,,0.275,1.508,0.029,0.595,0.549,0,0
95,1,14,6,1,25,1,0,True,middle,10.33,,0.278,1.507,0.03,0.597,0.677,0,1
96,1,15,1,1,29,4,0,True,death,10.48,,0.281,1.401,0.058,0.748,0.588,0,4
97,1,15,2,1,29,1,0,True,death,10.43,,0.284,1.4,0.058,0.599,0.489,0,1
98,1,15,3,6,29,0,0,True,death,10.32,,0.287,1.556,0.062,0.793,0.612,0,0
99,1,15,4,6,29,0,0,True,death,10.21,,0.29,1.554,0.062,0.795,0.595,0,0
100,1,15,5,6,29,6,0,True,death,10.48,,0.292,1.553,0.062,0.946,0.543,0,6
101,1,15,6,6,29,1,0,True,death,10.44,,0.295,1.552,0.062,0.797,0.585,0,1
102,1,16,1,6,23,2,0,True,death,10.45,,0.298,1.646,0.053,0.798,0.633,0,2
103,1,16,2,6,23,6,0,True,death,10.71,,0.301,1.645,0.053,0.95,0.651,0,6
104,1,16,3,6,23,0,0,True,death,10.61,,0.304,1.644,0.053,0.801,0.646,0,0
105,1,16,4,6,23,4,0,True,death,10.74,,0.307,1.642,0.053,0.952,0.526,0,4
106,1,16,5,6,23,1,0,True,death,10.69,,0.309,1.642,0.054,0.803,0.583,0,1
107,1,16,6,1,23,1,0,True,death,10.65,,0.312,1.483,0.05,0.612,0.575,0,1
108,1,17,1,1,22,0,0,True,death,10.54,,0.315,1.463,0.052,0.613,0.622,0,0
109,1,17,2,1,22,4,0,True,death,10.67,,0.318,1.462,0.052,0.765,0.629,0,4
110,1,17,3,1,22,4,0,True,death,10.8,,0.321,1.46,0.052,0.766,0.639,0,4
111,1,17,4,1,22,0,0,True,death,10.7,,0.324,1.459,0.052,0.617,0.635,0,0
112,1,17,5,1,22,1,0,True,death,10.65,,0.326,1.458,0.053,0.618,0.644,0,1
113,1,17,6,6,22,6,0,True,death,10.89,,0.329,1.614,0.056,0.962,0.614,0,6
114,1,18,1,1,25,0,0,True,death,10.79,,0.332,1.484,0.05,0.621,0.615,0,0
115,1,18,2,1,25,0,0,True,death,10.69,,0.335,1.483,0.05,0.622,0.558,1,0
116,1,18,3,13,25,0,0,True,death,10.59,,0.364,1.431,0.055,0.657,0.591,0,0
117,1,18,4,13,25,2,0,True,death,10.61,,0.367,1.43,0.055,0.658,0.508,0,2
118,1,18,5,13,25,0,0,True,death,10.51,,0.369,1.429,0.055,0.659,0.534,0,0
119,1,18,6,13,25,0,0,True,death,10.42,,0.372,1.428,0.055,0.66,0.567,0,0
120,1,19,1,6,24,1,0,True,death,10.38,,0.375,1.595,0.058,0.833,0.568,1,1
121,1,19,2,13,24,0,0,True,death,10.29,,0.404,1.386,0.059,0.675,0.506,0,0
122,1,19,3,13,24,1,0,True,death,10.26,,0.407,1.384,0.059,0.676,0.534,0,1
123,1,19,4,2,24,1,0,True,death,10.22,,0.41,1.269,0.064,0.642,0.542,0,1
124,1,19,5,13,24,3,0,True,death,10.29,,0.412,1.382,0.06,0.678,0.506,0,3
125,1,19,6,2,24,2,0,True,death,10.3,,0.415,1.267,0.064,0.644,0.465,0,2
126,2,0,1,27,7,0,1,False,powerplay,6.0,10.3,0.296,1.359,0.006,0.669,0.502,0,1
127,2,0,1,27,7,4,0,True,powerplay,30.0,10.18,0.294,1.359,0.049,0.818,0.52,0,4
128,2,0,2,27,7,1,0,True,powerplay,18.0,10.22,0.294,1.359,0.049,0.668,0.444,0,1
129,2,0,3,30,7,0,1,False,powerplay,21.0,10.17,0.298,1.426,0.006,0.748,0.455,0,1
130,2,0,3,30,7,1,0,True,powerplay,16.0,10.21,0.296,1.427,0.056,0.747,0.476,0,1
131,2,0,4,27,7,0,0,True,powerplay,12.0,10.29,0.3,1.357,0.049,0.671,0.426,0,0
132,2,0,5,27,7,2,0,True,powerplay,12.0,10.28,0.305,1.355,0.05,0.673,0.521,0,2
133,2,0,6,27,7,1,0,True,powerplay,11.0,10.32,0.308,1.354,0.05,0.674,0.543,0,1
134,2,1,1,27,9,0,0,True,powerplay,9.43,10.41,0.312,1.39,0.046,0.676,0.569,0,0
135,2,1,2,27,9,1,0,True,powerplay,9.0,10.45,0.317,1.388,0.047,0.678,0.447,0,1
136,2,1,3,30,9,1,0,True,powerplay,8.67,10.49,0.321,1.455,0.054,0.759,0.591,0,1
137,2,1,4,27,9,1,0,True,powerplay,8.4,10.53,0.325,1.384,0.047,0.682,0.47,0,1
138,2,1,5,30,9,0,0,True,powerplay,7.64,10.62,0.329,1.452,0.054,0.762,0.515,0,0
139,2,1,6,30,9,4,0,True,powerplay,9.0,10.5,0.335,1.449,0.055,0.915,0.518,0,4
140,2,2,1,27,14,0,2,True,powerplay,9.23,10.49,0.334,1.381,0.047,0.686,0.591,0,2
141,2,2,2,27,14,1,0,True,powerplay,9.0,10.53,0.337,1.379,0.047,0.687,0.557,0,1
142,2,2,3,30,14,6,0,True,powerplay,10.8,10.29,0.341,1.447,0.055,0.918,0.488,0,6
143,2,2,4,30,14,4,0,True,powerplay,11.62,10.15,0.336,1.449,0.055,0.915,0.443,0,4
144,2,2,5,30,14,2,0,True,powerplay,11.65,10.14,0.335,1.449,0.055,0.765,0.448,0,2
145,2,2,6,30,14,4,0,True,powerplay,12.33,10.0,0.338,1.448,0.055,0.916,0.575,0,4
146,2,3,1,27,8,1,0,True,powerplay,12.0,10.04,0.337,1.437,0.042,0.687,0.516,0,1
147,2,3,2,30,8,6,0,True,powerplay,13.2,9.78,0.341,1.504,0.049,0.918,0.619,0,6
148,2,3,3,30,8,0,0,True,powerplay,12.57,9.88,0.336,1.506,0.049,0.765,0.576,0,0
149,2,3,4,30,8,1,0,True,powerplay,12.27,9.92,0.342,1.503,0.049,0.768,0.6,0,1
150,2,3,5,27,8,1,0,True,powerplay,12.0,9.96,0.346,1.433,0.042,0.691,0.48,0,1
151,2,3,6,30,8,0,1,False,powerplay,12.26,9.9,0.35,1.5,0.006,0.772,0.598,1,1
152,2,3,6,26,8,4,0,True,powerplay,12.75,9.75,0.374,1.284,0.037,0.711,0.589,0,4
153,2,4,1,27,10,0,1,False,powerplay,13.0,9.69,0.373,1.431,0.006,0.704,0.605,0,1
154,2,4,1,27,10,2,0,True,powerplay,12.96,9.66,0.371,1.432,0.043,0.703,0.52,0,2
155,2,4,2,27,10,1,0,True,powerplay,12.69,9.7,0.373,1.431,0.043,0.704,0.562,0,1
156,2,4,3,26,10,1,0,True,powerplay,12.44,9.74,0.377,1.293,0.036,0.563,0.602,0,1
157,2,4,4,27,10,2,0,True,powerplay,12.43,9.72,0.381,1.428,0.043,0.707,0.48,0,2
158,2,4,5,27,10,4,0,True,powerplay,12.83,9.56,0.383,1.427,0.043,0.858,0.61,0,4
159,2,4,6,27,10,4,0,True,powerplay,13.2,9.4,0.381,1.428,0.043,0.857,0.544,0,4
160,2,5,1,26,12,2,0,True,powerplay,13.16,9.37,0.38,1.52,0.014,0.564,0.59,0,2
161,2,5,2,26,12,1,0,True,powerplay,12.94,9.41,0.382,1.519,0.014,0.565,0.585,0,1
162,2,5,3,27,12,0,0,True,powerplay,12.55,9.52,0.386,1.654,0.022,0.709,0.572,0,0
163,2,5,4,27,12,1,0,True,powerplay,12.35,9.56,0.391,1.652,0.022,0.712,0.707,0,1
164,2,5,5,26,12,4,0,True,powerplay,12.69,9.39,0.395,1.514,0.015,0.721,0.668,0,4
165,2,5,6,26,12,1,0,True,powerplay,12.5,9.43,0.393,1.514,0.015,0.57,0.622,0,1
166,2,6,1,26,7,1,0,True,middle,12.32,9.47,0.397,1.179,0.047,0.572,0.525,0,1
167,2,6,2,27,7,0,0,True,middle,12.0,9.59,0.401,1.314,0.054,0.716,0.49,1,0
168,2,6,3,17,7,1,0,True,middle,11.85,9.63,0.434,1.34,0.064,0.802,0.415,0,1
169,2,6,4,26,7,0,1,False,middle,12.0,9.56,0.438,1.162,0.006,0.59,0.451,0,1
170,2,6,4,26,7,1,0,True,middle,11.85,9.6,0.436,1.163,0.048,0.589,0.45,0,1
171,2,6,5,17,7,2,0,True,middle,11.85,9.57,0.44,1.337,0.064,0.805,0.445,0,2
172,2,6,6,17,7,0,0,True,middle,11.57,9.69,0.442,1.336,0.065,0.806,0.542,0,0
173,2,7,1,26,9,0,0,True,middle,11.3,9.82,0.448,1.196,0.045,0.594,0.528,0,0
174,2,7,2,26,9,0,0,True,middle,11.05,9.95,0.454,1.194,0.046,0.597,0.439,0,0
175,2,7,3,26,9,1,0,True,middle,10.93,10.0,0.461,1.191,0.046,0.6,0.461,0,1
176,2,7,4,17,9,1,0,True,middle,10.83,10.05,0.465,1.365,0.062,0.816,0.554,0,1
177,2,7,5,26,9,1,0,True,middle,10.72,10.11,0.469,1.187,0.046,0.604,0.516,0,1
178,2,7,6,17,9,1,0,True,middle,10.62,10.17,0.474,1.361,0.062,0.82,0.574,0,1
179,2,8,1,17,14,0,0,True,middle,10.41,10.31,0.479,1.359,0.063,0.823,0.541,0,0
180,2,8,2,17,14,0,1,False,middle,10.53,10.23,0.485,1.356,0.009,0.825,0.437,0,1
181,2,8,2,17,14,0,0,True,middle,10.32,10.37,0.483,1.357,0.063,0.824,0.459,0,0
182,2,8,3,17,14,0,0,True,middle,10.12,10.52,0.49,1.354,0.063,0.828,0.513,0,0
183,2,8,4,17,14,2,0,True,middle,10.15,10.5,0.497,1.351,0.063,0.831,0.553,0,2
184,2,8,5,17,14,1,0,True,middle,10.08,10.57,0.499,1.35,0.064,0.832,0.421,0,1
185,2,8,6,26,14,0,0,True,middle,9.89,10.73,0.504,1.173,0.048,0.62,0.478,0,0
186,2,9,1,17,8,1,0,True,middle,9.82,10.8,0.512,1.402,0.059,0.838,0.475,0,1
187,2,9,2,26,8,1,0,True,middle,9.75,10.88,0.516,1.225,0.043,0.625,0.583,1,1
188,2,9,3,17,8,2,0,True,middle,9.79,10.86,0.548,1.387,0.06,0.854,0.477,0,2
189,2,9,4,17,8,1,0,True,middle,9.72,10.94,0.55,1.386,0.06,0.855,0.57,0,1
190,2,9,5,19,8,0,0,True,middle,9.56,11.11,0.555,1.222,0.049,0.671,0.584,0,0
191,2,9,6,19,8,1,0,True,middle,9.5,11.2,0.563,1.218,0.049,0.675,0.554,0,1
192,2,10,1,19,10,0,0,True,middle,9.34,11.39,0.568,1.226,0.048,0.677,0.581,0,0
193,2,10,2,19,10,1,0,True,middle,9.29,11.48,0.576,1.222,0.049,0.681,0.561,0,1
194,2,10,3,17,10,0,0,True,middle,9.14,11.68,0.582,1.382,0.061,0.869,0.57,1,0
195,2,10,4,21,10,1,0,True,middle,9.09,11.79,0.616,1.09,0.055,0.634,0.531,0,1
196,2,10,5,19,10,1,0,True,middle,9.05,11.89,0.622,1.203,0.051,0.701,0.48,0,1
197,2,10,6,21,10,1,0,True,middle,9.0,12.0,0.628,1.085,0.056,0.64,0.477,0,1
198,2,11,1,21,12,1,0,True,middle,8.96,12.11,0.634,1.311,0.034,0.642,0.599,0,1
199,2,11,2,19,12,1,0,True,middle,8.91,12.23,0.64,1.424,0.03,0.709,0.64,0,1
200,2,11,3,21,12,1,0,True,middle,8.87,12.35,0.646,1.306,0.035,0.648,0.617,0,1
201,2,11,4,19,12,1,0,True,middle,8.83,12.48,0.652,1.419,0.03,0.715,0.704,0,1
202,2,11,5,21,12,1,0,True,middle,8.79,12.61,0.659,1.301,0.035,0.654,0.571,0,1
203,2,11,6,19,12,2,0,True,middle,8.83,12.62,0.665,1.413,0.031,0.721,0.633,0,2
204,2,12,1,21,7,1,0,True,middle,8.79,12.77,0.669,0.963,0.067,0.658,0.354,0,1
205,2,12,2,19,7,0,0,True,middle,8.68,13.04,0.676,1.075,0.063,0.726,0.422,0,0
206,2,12,3,19,7,0,0,True,middle,8.56,13.33,0.686,1.071,0.064,0.73,0.423,0,0
207,2,12,4,19,7,1,0,True,middle,8.53,13.5,0.697,1.067,0.064,0.735,0.532,0,1
208,2,12,5,21,7,0,0,True,middle,8.42,13.81,0.705,0.948,0.069,0.674,0.45,0,0
209,2,12,6,21,7,2,0,True,middle,8.46,13.86,0.717,0.943,0.07,0.68,0.388,0,2
210,2,13,1,19,9,1,0,True,middle,8.43,14.05,0.721,1.095,0.062,0.746,0.534,0,1
211,2,13,2,21,9,0,0,True,middle,8.32,14.4,0.728,0.977,0.066,0.685,0.391,0,0
212,2,13,3,21,9,1,0,True,middle,8.3,14.62,0.731,0.975,0.067,0.686,0.456,0,1
213,2,13,4,19,9,0,0,True,middle,8.2,15.0,0.734,1.089,0.062,0.752,0.572,0,0
214,2,13,5,19,9,2,0,True,middle,8.24,15.08,0.736,1.088,0.062,0.753,0.465,0,2
215,2,13,6,19,9,2,0,True,middle,8.29,15.17,0.739,1.087,0.062,0.754,0.579,0,2
216,2,14,1,21,14,0,0,True,middle,8.19,15.6,0.742,0.971,0.067,0.691,0.379,0,0
217,2,14,2,21,14,0,0,True,middle,8.09,16.06,0.745,0.969,0.067,0.692,0.403,0,0
218,2,14,3,21,14,1,0,True,middle,8.07,16.36,0.748,0.968,0.067,0.694,0.411,0,1
219,2,14,4,19,14,0,0,True,middle,7.98,16.88,0.751,1.082,0.063,0.759,0.575,0,0
220,2,14,5,19,14,1,0,True,middle,7.96,17.23,0.753,1.081,0.063,0.76,0.492,0,1
221,2,14,6,21,14,1,0,True,middle,7.93,17.6,0.756,0.965,0.068,0.697,0.37,0,1
222,2,15,1,21,8,0,0,True,death,7.85,18.21,0.759,1.021,0.08,0.699,0.43,0,0
223,2,15,2,21,8,4,0,True,death,8.02,18.0,0.762,1.019,0.081,0.85,0.407,0,4
224,2,15,3,21,8,0,2,True,death,8.06,18.22,0.765,1.018,0.081,0.701,0.401,0,2
225,2,15,4,21,8,2,0,True,death,8.11,18.46,0.768,1.017,0.081,0.703,0.458,0,2
226,2,15,5,21,8,0,0,True,death,8.02,19.2,0.77,1.016,0.081,0.704,0.468,0,0
227,2,15,6,21,8,0,0,True,death,7.94,20.0,0.773,1.015,0.081,0.705,0.414,0,0
228,2,16,1,19,12,3,0,True,death,8.04,20.09,0.776,1.367,0.054,0.771,0.685,0,3
229,2,16,2,21,12,6,0,True,death,8.33,19.36,0.779,1.25,0.059,0.858,0.584,0,6
230,2,16,3,21,12,6,0,True,death,8.61,18.57,0.782,1.249,0.059,0.859,0.624,0,6
231,2,16,4,21,12,0,0,True,death,8.52,19.5,0.785,1.248,0.059,0.71,0.532,0,0
232,2,16,5,21,12,0,0,True,death,8.44,20.53,0.787,1.247,0.059,0.711,0.622,0,0
233,2,16,6,21,12,0,0,True,death,8.35,21.67,0.79,1.246,0.059,0.713,0.646,0,0
234,2,17,1,19,12,0,2,True,death,8.39,22.24,0.793,1.36,0.055,0.778,0.621,0,2
235,2,17,2,19,12,1,0,True,death,8.37,23.25,0.796,1.358,0.055,0.78,0.688,0,1
236,2,17,3,21,12,4,0,True,death,8.51,23.2,0.799,1.242,0.059,0.867,0.497,0,4
237,2,17,4,21,12,1,0,True,death,8.49,24.43,0.802,1.241,0.06,0.718,0.577,0,1
238,2,17,5,19,12,2,0,True,death,8.52,25.38,0.804,1.355,0.055,0.783,0.548,0,2
239,2,17,6,19,12,4,0,True,death,8.67,25.5,0.807,1.354,0.055,0.935,0.623,0,4
240,2,18,1,21,14,2,0,True,death,8.7,26.73,0.81,0.942,0.088,0.722,0.38,0,2
241,2,18,2,21,14,0,2,True,death,8.73,28.2,0.813,0.941,0.088,0.723,0.501,0,2
242,2,18,3,21,14,0,0,True,death,8.65,31.33,0.816,0.94,0.088,0.724,0.375,0,0
243,2,18,4,21,14,1,0,True,death,8.62,34.5,0.819,0.938,0.089,0.726,0.457,1,1
244,2,18,5,19,14,4,0,True,death,8.76,36.0,0.847,1.042,0.085,0.953,0.507,0,4
245,2,18,6,19,14,1,0,True,death,8.74,41.0,0.85,1.04,0.085,0.804,0.518,0,1
246,2,19,1,19,9,0,0,True,death,8.66,49.2,0.853,1.039,0.085,0.805,0.424,0,0
247,2,19,2,19,9,0,0,True,death,8.59,61.5,0.856,1.038,0.086,0.807,0.532,0,0
248,2,19,3,19,9,0,0,True,death,8.51,82.0,0.859,1.037,0.086,0.808,0.537,0,0
249,2,19,4,19,9,0,0,True,death,8.44,123.0,0.862,1.035,0.086,0.809,0.571,0,0
250,2,19,5,19,9,2,0,True,death,8.47,234.0,0.864,1.035,0.086,0.81,0.556,0,2
251,2,19,6,19,9,0,1,False,death,8.52,228.0,0.867,1.033,0.009,0.812,0.467,0,1
252,2,19,6,19,9,0,1,True,death,8.5,222.0,0.867,1.033,0.086,0.812,0.464,0,1
253,3,0,1,36,7,0,0,True,powerplay,0.0,,0.0,1.334,0.029,0.379,0.447,0,0
254,3,0,2,36,7,0,1,False,powerplay,6.0,,0.003,1.332,0.006,0.38,0.516,0,1
255,3,0,2,36,7,1,0,True,powerplay,6.0,,0.003,1.332,0.029,0.38,0.426,0,1
256,3,0,3,31,7,1,0,True,powerplay,6.0,,0.006,1.495,0.037,0.596,0.505,0,1
257,3,0,4,36,7,0,0,True,powerplay,4.5,,0.009,1.33,0.029,0.383,0.555,0,0
258,3,0,5,36,7,2,0,True,powerplay,6.0,,0.011,1.329,0.029,0.384,0.555,0,2
259,3,0,6,36,7,0,0,True,powerplay,5.0,,0.014,1.328,0.029,0.385,0.504,0,0
260,3,1,1,31,9,3,0,True,powerplay,6.86,,0.017,1.529,0.034,0.601,0.527,0,3
261,3,1,2,36,9,1,0,True,powerplay,6.75,,0.02,1.363,0.026,0.388,0.464,0,1
262,3,1,3,31,9,0,1,False,powerplay,7.5,,0.023,1.526,0.006,0.603,0.463,0,1
263,3,1,3,31,9,1,0,True,powerplay,7.33,,0.023,1.526,0.034,0.603,0.516,0,1
264,3,1,4,36,9,0,0,True,powerplay,6.6,,0.026,1.361,0.026,0.39,0.475,0,0
265,3,1,5,36,9,0,0,True,powerplay,6.0,,0.028,1.36,0.026,0.391,0.479,0,0
266,3,1,6,36,9,0,1,False,powerplay,6.55,,0.031,1.359,0.006,0.393,0.494,0,1
267,3,1,6,36,9,0,0,True,powerplay,6.0,,0.031,1.359,0.026,0.393,0.436,0,0
268,3,2,1,31,14,0,0,True,powerplay,5.54,,0.034,1.521,0.035,0.608,0.471,0,0
269,3,2,2,31,14,0,0,True,powerplay,5.14,,0.037,1.52,0.035,0.61,0.435,0,0
270,3,2,3,31,14,0,0,True,powerplay,4.8,,0.04,1.519,0.035,0.611,0.477,0,0
271,3,2,4,31,14,1,0,True,powerplay,4.88,,0.043,1.518,0.035,0.612,0.464,0,1
272,3,2,5,36,14,1,0,True,powerplay,4.94,,0.045,1.353,0.027,0.399,0.464,0,1
273,3,2,6,31,14,0,0,True,powerplay,4.67,,0.048,1.516,0.035,0.614,0.503,0,0
274,3,3,1,36,8,0,0,True,powerplay,4.42,,0.051,1.407,0.022,0.402,0.512,0,0
275,3,3,2,36,8,1,0,True,powerplay,4.5,,0.054,1.406,0.022,0.403,0.6,0,1
276,3,3,3,31,8,0,0,True,powerplay,4.29,,0.057,1.569,0.03,0.619,0.55,0,0
277,3,3,4,31,8,2,0,True,powerplay,4.64,,0.059,1.568,0.03,0.619,0.445,0,2
278,3,3,5,31,8,2,0,True,powerplay,4.96,,0.062,1.567,0.03,0.621,0.466,0,2
279,3,3,6,31,8,1,0,True,powerplay,5.0,,0.065,1.566,0.031,0.622,0.546,0,1
280,3,4,1,31,10,0,0,True,powerplay,4.8,,0.068,1.574,0.03,0.623,0.582,0,0
281,3,4,2,31,10,0,0,True,powerplay,4.62,,0.071,1.573,0.03,0.625,0.498,0,0
282,3,4,3,31,10,1,0,True,powerplay,4.67,,0.074,1.571,0.03,0.626,0.523,0,1
283,3,4,4,36,10,1,0,True,powerplay,4.71,,0.077,1.406,0.022,0.413,0.476,0,1
284,3,4,5,31,10,0,0,True,powerplay,4.55,,0.079,1.569,0.03,0.628,0.547,0,0
285,3,4,6,31,10,1,0,True,powerplay,4.6,,0.082,1.568,0.03,0.63,0.584,0,1
286,3,5,1,31,12,1,0,True,powerplay,4.65,,0.085,1.795,0.009,0.631,0.668,0,1
287,3,5,2,36,12,0,0,True,powerplay,4.5,,0.088,1.63,0.006,0.418,0.667,0,0
288,3,5,3,36,12,0,0,True,powerplay,4.36,,0.091,1.629,0.006,0.42,0.711,0,0
289,3,5,4,36,12,1,0,True,powerplay,4.41,,0.094,1.627,0.006,0.421,0.646,0,1
290,3,5,5,31,12,4,0,True,powerplay,4.97,,0.096,1.791,0.009,0.786,0.573,0,4
291,3,5,6,31,12,1,0,True,powerplay,5.0,,0.099,1.789,0.009,0.637,0.541,0,1
292,3,6,1,31,7,0,0,True,middle,4.86,,0.102,1.455,0.041,0.639,0.49,0,0
293,3,6,2,31,7,0,0,True,middle,4.74,,0.105,1.454,0.041,0.64,0.482,0,0
294,3,6,3,31,7,0,0,True,middle,4.62,,0.108,1.452,0.042,0.641,0.534,0,0
295,3,6,4,31,7,0,0,True,middle,4.5,,0.111,1.451,0.042,0.643,0.483,0,0
296,3,6,5,31,7,6,0,True,middle,5.27,,0.113,1.45,0.042,0.794,0.534,0,6
297,3,6,6,31,7,1,0,True,middle,5.29,,0.116,1.449,0.042,0.645,0.485,0,1
298,3,7,1,31,9,0,0,True,middle,5.16,,0.119,1.486,0.038,0.646,0.41,0,0
299,3,7,2,31,9,1,0,True,middle,5.18,,0.122,1.484,0.039,0.648,0.457,0,1
300,3,7,3,36,9,3,0,True,middle,5.47,,0.125,1.319,0.031,0.435,0.518,0,3
301,3,7,4,31,9,0,1,False,middle,5.6,,0.128,1.482,0.006,0.65,0.457,0,1
302,3,7,4,31,9,0,0,True,middle,5.48,,0.128,1.482,0.039,0.65,0.53,0,0
303,3,7,5,31,9,1,0,True,middle,5.49,,0.13,1.481,0.039,0.651,0.443,0,1
304,3,7,6,36,9,1,0,True,middle,5.5,,0.133,1.316,0.031,0.438,0.444,0,1
305,3,8,1,36,14,0,0,True,middle,5.39,,0.136,1.315,0.031,0.44,0.44,0,0
306,3,8,2,36,14,1,0,True,middle,5.4,,0.139,1.313,0.031,0.441,0.502,0,1
307,3,8,3,31,14,0,0,True,middle,5.29,,0.142,1.476,0.039,0.657,0.494,0,0
308,3,8,4,31,14,0,0,True,middle,5.19,,0.145,1.475,0.04,0.658,0.501,0,0
309,3,8,5,31,14,1,0,True,middle,5.21,,0.147,1.474,0.04,0.659,0.538,0,1
310,3,8,6,36,14,1,0,True,middle,5.22,,0.15,1.309,0.032,0.446,0.524,0,1
311,3,9,1,36,8,0,0,True,middle,5.13,,0.153,1.365,0.026,0.447,0.525,0,0
312,3,9,2,36,8,0,1,True,middle,5.14,,0.156,1.363,0.027,0.449,0.583,0,1
313,3,9,3,31,8,0,0,True,middle,5.05,,0.159,1.526,0.035,0.664,0.494,0,0
314,3,9,4,31,8,4,0,True,middle,5.38,,0.162,1.525,0.035,0.816,0.514,0,4
315,3,9,5,31,8,0,0,True,middle,5.29,,0.164,1.524,0.035,0.667,0.492,0,0
316,3,9,6,31,8,4,0,True,middle,5.6,,0.167,1.523,0.035,0.818,0.51,0,4
317,3,10,1,36,10,4,0,True,middle,5.9,,0.17,1.367,0.026,0.605,0.562,0,4
318,3,10,2,36,10,1,0,True,middle,5.9,,0.173,1.366,0.026,0.456,0.517,0,1
319,3,10,3,31,10,2,0,True,middle,6.0,,0.176,1.528,0.035,0.672,0.499,0,2
320,3,10,4,31,10,0,1,False,middle,6.1,,0.179,1.527,0.006,0.673,0.58,0,1
321,3,10,4,31,10,0,0,True,middle,6.0,,0.179,1.527,0.035,0.673,0.538,0,0
322,3,10,5,31,10,3,0,True,middle,6.18,,0.181,1.526,0.035,0.674,0.491,0,3
323,3,10,6,36,10,1,0,True,middle,6.18,,0.184,1.361,0.027,0.461,0.47,0,1
324,3,11,1,36,12,0,0,True,middle,6.09,,0.187,1.588,0.006,0.463,0.621,0,0
325,3,11,2,36,12,0,1,True,middle,6.09,,0.19,1.587,0.006,0.464,0.637,0,1
326,3,11,3,31,12,0,1,False,middle,6.18,,0.193,1.75,0.006,0.68,0.642,0,1
327,3,11,3,31,12,1,0,True,middle,6.17,,0.193,1.75,0.014,0.68,0.671,0,1
328,3,11,4,36,12,6,0,True,middle,6.6,,0.196,1.585,0.006,0.617,0.566,0,6
329,3,11,5,36,12,1,0,True,middle,6.59,,0.198,1.584,0.006,0.468,0.588,0,1
330,3,11,6,31,12,0,1,False,middle,6.68,,0.201,1.747,0.006,0.683,0.574,0,1
331,3,11,6,31,12,0,0,True,middle,6.58,,0.201,1.747,0.014,0.683,0.686,0,0
332,3,12,1,36,7,0,0,True,middle,6.49,,0.204,1.248,0.038,0.47,0.454,0,0
333,3,12,2,36,7,2,0,True,middle,6.57,,0.207,1.247,0.038,0.472,0.437,0,2
334,3,12,3,36,7,3,0,True,middle,6.72,,0.21,1.245,0.038,0.473,0.475,0,3
335,3,12,4,31,7,1,0,True,middle,6.71,,0.213,1.408,0.046,0.689,0.415,0,1
336,3,12,5,36,7,1,0,True,middle,6.7,,0.215,1.243,0.038,0.475,0.563,0,1
337,3,12,6,31,7,6,0,True,middle,7.08,,0.218,1.406,0.047,0.841,0.461,0,6
338,3,13,1,36,9,3,0,True,middle,7.22,,0.221,1.279,0.035,0.478,0.558,0,3
339,3,13,2,31,9,0,0,True,middle,7.12,,0.224,1.442,0.043,0.694,0.548,0,0
340,3,13,3,31,9,0,0,True,middle,7.04,,0.227,1.44,0.043,0.695,0.54,1,0
341,3,13,4,41,9,0,0,True,middle,6.95,,0.256,1.285,0.043,0.558,0.474,0,0
342,3,13,5,41,9,4,0,True,middle,7.16,,0.258,1.284,0.043,0.709,0.495,0,4
343,3,13,6,41,9,1,0,True,middle,7.14,,0.261,1.283,0.044,0.56,0.466,0,1
344,3,14,1,41,14,4,0,True,middle,7.34,,0.264,1.282,0.044,0.712,0.498,0,4
345,3,14,2,41,14,0,0,True,middle,7.26,,0.267,1.281,0.044,0.563,0.441,0,0
346,3,14,3,41,14,1,0,True,middle,7.24,,0.27,1.279,0.044,0.564,0.484,0,1
347,3,14,4,36,14,1,0,True,middle,7.23,,0.273,1.257,0.037,0.501,0.521,0,1
348,3,14,5,41,14,1,0,True,middle,7.21,,0.275,1.277,0.044,0.567,0.433,0,1
349,3,14,6,36,14,0,0,True,middle,7.13,,0.278,1.255,0.038,0.504,0.57,0,0
350,3,15,1,41,8,1,0,True,death,7.12,,0.281,1.332,0.057,0.569,0.44,0,1
351,3,15,2,36,8,4,0,True,death,7.3,,0.284,1.31,0.05,0.656,0.472,1,4
352,3,15,3,32,8,1,0,True,death,7.29,,0.313,1.457,0.065,0.769,0.466,0,1
353,3,15,4,41,8,0,0,True,death,7.21,,0.316,1.317,0.059,0.585,0.476,0,0
354,3,15,5,41,8,0,0,True,death,7.14,,0.318,1.316,0.059,0.586,0.507,1,0
355,3,15,6,33,8,4,0,True,death,7.31,,0.347,1.158,0.06,0.649,0.515,0,4
356,3,16,1,32,12,0,1,False,death,7.38,,0.35,1.68,0.006,0.786,0.655,0,1
357,3,16,1,32,12,0,1,True,death,7.36,,0.35,1.68,0.044,0.786,0.663,0,1
358,3,16,2,33,12,6,0,True,death,7.65,,0.353,1.393,0.038,0.652,0.505,0,6
359,3,16,3,33,12,4,0,True,death,7.82,,0.356,1.392,0.038,0.653,0.581,0,4
360,3,16,4,33,12,1,0,True,death,7.8,,0.359,1.391,0.038,0.504,0.549,0,1
361,3,16,5,32,12,0,0,True,death,7.72,,0.361,1.675,0.045,0.791,0.568,1,0
362,3,16,6,42,12,2,0,True,death,7.76,,0.39,1.534,0.045,0.697,0.58,0,2
363,3,17,1,33,12,2,0,True,death,7.81,,0.393,1.377,0.04,0.52,0.579,0,2
364,3,17,2,33,12,0,0,True,death,7.73,,0.396,1.375,0.04,0.521,0.574,0,0
365,3,17,3,33,12,6,0,True,death,8.0,,0.399,1.374,0.04,0.672,0.558,0,6
366,3,17,4,33,12,1,0,True,death,7.98,,0.402,1.373,0.04,0.524,0.597,0,1
367,3,17,5,42,12,0,0,True,death,7.91,,0.404,1.528,0.045,0.703,0.556,0,0
368,3,17,6,42,12,4,0,True,death,8.06,,0.407,1.527,0.045,0.855,0.589,0,4
369,3,18,1,33,14,1,0,True,death,8.04,,0.41,1.074,0.069,0.527,0.477,0,1
370,3,18,2,42,14,0,0,True,death,7.96,,0.413,1.229,0.074,0.707,0.484,0,0
371,3,18,3,42,14,0,0,True,death,7.89,,0.416,1.228,0.074,0.709,0.478,0,0
372,3,18,4,42,14,0,0,True,death,7.82,,0.419,1.227,0.074,0.71,0.413,0,0
373,3,18,5,42,14,1,0,True,death,7.81,,0.421,1.226,0.074,0.711,0.362,0,1
374,3,18,6,33,14,0,0,True,death,7.74,,0.424,1.068,0.069,0.534,0.423,0,0
375,3,19,1,42,9,2,0,True,death,7.77,,0.427,1.223,0.075,0.714,0.382,0,2
376,3,19,2,42,9,1,0,True,death,7.76,,0.43,1.222,0.075,0.715,0.355,0,1
377,3,19,3,33,9,2,0,True,death,7.79,,0.433,1.064,0.07,0.538,0.415,0,2
378,3,19,4,33,9,1,0,True,death,7.78,,0.435,1.064,0.07,0.539,0.508,0,1
379,3,19,5,42,9,0,0,True,death,7.71,,0.438,1.219,0.075,0.719,0.431,0,0
380,3,19,6,42,9,0,0,True,death,7.65,,0.441,1.217,0.075,0.72,0.479,0,0
381,4,0,1,15,44,6,0,True,powerplay,36.0,7.46,0.22,1.462,0.04,0.799,0.539,0,6
382,4,0,2,15,44,0,0,True,powerplay,18.0,7.53,0.216,1.463,0.04,0.647,0.555,0,0
383,4,0,3,15,44,0,0,True,powerplay,12.0,7.59,0.221,1.461,0.04,0.649,0.577,0,0
384,4,0,4,15,44,0,0,True,powerplay,9.0,7.66,0.225,1.46,0.04,0.651,0.603,0,0
385,4,0,5,15,44,1,0,True,powerplay,8.4,7.67,0.23,1.458,0.04,0.654,0.524,0,1
386,4,0,6,1,44,2,0,True,powerplay,9.0,7.63,0.233,1.364,0.043,0.576,0.591,0,2
387,4,1,1,15,38,0,0,True,powerplay,7.71,7.7,0.235,1.475,0.039,0.656,0.542,0,0
388,4,1,2,15,38,2,0,True,powerplay,8.25,7.66,0.24,1.472,0.039,0.658,0.62,0,2
389,4,1,3,15,38,1,0,True,powerplay,8.0,7.68,0.242,1.472,0.039,0.659,0.642,0,1
390,4,1,4,1,38,0,0,True,powerplay,7.2,7.75,0.245,1.378,0.042,0.582,0.528,0,0
391,4,1,5,1,38,0,0,True,powerplay,6.55,7.82,0.25,1.376,0.042,0.584,0.575,0,0
392,4,1,6,1,38,0,0,True,powerplay,6.0,7.89,0.255,1.374,0.042,0.586,0.595,0,0
393,4,2,1,15,40,1,0,True,powerplay,6.0,7.91,0.259,1.588,0.028,0.667,0.58,0,1
394,4,2,2,1,40,0,1,False,powerplay,6.46,7.85,0.263,1.494,0.006,0.59,0.572,0,1
395,4,2,2,1,40,2,0,True,powerplay,6.86,7.81,0.261,1.495,0.031,0.589,0.588,0,2
396,4,2,3,1,40,2,0,True,powerplay,7.2,7.77,0.263,1.494,0.031,0.59,0.526,0,2
397,4,2,4,1,40,1,0,True,powerplay,7.12,7.79,0.264,1.494,0.031,0.59,0.589,0,1
398,4,2,5,15,40,4,0,True,powerplay,8.12,7.63,0.268,1.585,0.028,0.821,0.56,0,4
399,4,2,6,15,40,3,0,True,powerplay,8.67,7.53,0.266,1.585,0.028,0.67,0.592,0,3
400,4,3,1,15,37,1,0,True,powerplay,8.53,7.54,0.266,1.633,0.024,0.67,0.646,0,1
401,4,3,2,1,37,0,1,True,powerplay,8.4,7.56,0.269,1.539,0.026,0.592,0.621,0,1
402,4,3,3,15,37,0,0,True,powerplay,8.0,7.64,0.273,1.63,0.024,0.673,0.645,0,0
403,4,3,4,15,37,1,0,True,powerplay,7.91,7.65,0.278,1.628,0.024,0.675,0.67,0,1
404,4,3,5,1,37,0,0,True,powerplay,7.57,7.73,0.281,1.534,0.027,0.598,0.537,0,0
405,4,3,6,1,37,1,0,True,powerplay,7.5,7.75,0.286,1.532,0.027,0.6,0.622,0,1
406,4,4,1,1,39,1,0,True,powerplay,7.44,7.77,0.289,1.55,0.026,0.601,0.637,0,1
407,4,4,2,15,39,1,0,True,powerplay,7.38,7.79,0.293,1.641,0.023,0.682,0.662,0,1
408,4,4,3,1,39,1,0,True,powerplay,7.33,7.81,0.296,1.547,0.026,0.605,0.695,0,1
409,4,4,4,15,39,1,0,True,powerplay,7.29,7.83,0.3,1.638,0.023,0.685,0.563,0,1
410,4,4,5,1,39,1,0,True,powerplay,7.24,7.85,0.303,1.544,0.026,0.608,0.573,0,1
411,4,4,6,15,39,0,0,True,powerplay,7.0,7.93,0.306,1.635,0.024,0.688,0.568,1,0
412,4,5,1,1,42,1,0,True,powerplay,6.97,7.96,0.338,1.577,0.023,0.624,0.632,0,1
413,4,5,2,6,42,4,0,True,powerplay,7.5,7.77,0.341,1.733,0.027,0.968,0.671,0,4
414,4,5,3,6,42,0,0,True,powerplay,7.27,7.86,0.339,1.734,0.027,0.817,0.633,0,0
415,4,5,4,6,42,0,0,True,powerplay,7.06,7.95,0.344,1.732,0.027,0.819,0.561,0,0
416,4,5,5,6,42,1,0,True,powerplay,7.03,7.98,0.349,1.729,0.027,0.821,0.694,0,1
417,4,5,6,1,42,1,0,True,powerplay,7.0,8.0,0.353,1.571,0.024,0.63,0.696,0,1
418,4,6,1,1,44,1,0,True,middle,6.97,8.02,0.357,1.312,0.049,0.632,0.584,0,1
419,4,6,2,6,44,0,0,True,middle,6.79,8.12,0.36,1.468,0.052,0.826,0.511,0,0
420,4,6,3,6,44,1,0,True,middle,6.77,8.15,0.366,1.465,0.053,0.829,0.591,0,1
421,4,6,4,1,44,0,0,True,middle,6.6,8.25,0.369,1.307,0.049,0.637,0.524,0,0
422,4,6,5,1,44,4,0,True,middle,7.02,8.05,0.375,1.304,0.049,0.79,0.549,0,4
423,4,6,6,1,44,2,0,True,middle,7.14,8.0,0.372,1.306,0.049,0.639,0.558,0,2
424,4,7,1,6,38,0,1,False,middle,7.29,7.92,0.374,1.481,0.008,0.833,0.492,0,1
425,4,7,1,6,38,4,0,True,middle,7.67,7.71,0.371,1.482,0.051,0.981,0.518,0,4
426,4,7,2,6,38,0,1,False,middle,7.81,7.64,0.368,1.483,0.006,0.83,0.565,0,1
427,4,7,2,6,38,1,0,True,middle,7.77,7.66,0.366,1.484,0.051,0.829,0.457,0,1
428,4,7,3,1,38,1,0,True,middle,7.73,7.68,0.37,1.326,0.047,0.638,0.474,0,1
429,4,7,4,6,38,0,0,True,middle,7.57,7.78,0.373,1.481,0.051,0.832,0.598,0,0
430,4,7,5,6,38,4,0,True,middle,7.91,7.56,0.379,1.479,0.051,0.985,0.492,0,4
431,4,7,6,6,38,4,0,True,middle,8.25,7.33,0.375,1.48,0.051,0.983,0.565,0,4
432,4,8,1,1,40,1,0,True,middle,8.2,7.35,0.371,1.449,0.036,0.638,0.529,0,1
433,4,8,2,6,40,0,1,False,middle,8.33,7.27,0.375,1.604,0.006,0.833,0.647,0,1
434,4,8,2,6,40,1,0,True,middle,8.28,7.29,0.373,1.605,0.039,0.832,0.513,0,1
435,4,8,3,1,40,1,0,True,middle,8.24,7.3,0.376,1.447,0.036,0.641,0.536,0,1
436,4,8,4,6,40,6,0,True,middle,8.77,6.88,0.379,1.603,0.04,0.985,0.582,0,6
437,4,8,5,6,40,1,0,True,middle,8.72,6.9,0.37,1.606,0.039,0.831,0.594,0,1
438,4,8,6,1,40,2,0,True,middle,8.78,6.82,0.373,1.448,0.036,0.639,0.624,0,2
439,4,9,1,6,37,1,0,True,middle,8.73,6.83,0.374,1.652,0.035,0.833,0.682,0,1
440,4,9,2,1,37,0,0,True,middle,8.57,6.94,0.377,1.494,0.031,0.641,0.678,0,0
441,4,9,3,1,37,1,0,True,middle,8.53,6.95,0.383,1.492,0.032,0.644,0.66,0,1
442,4,9,4,6,37,2,0,True,middle,8.59,6.87,0.386,1.647,0.035,0.838,0.577,0,2
443,4,9,5,6,37,3,0,True,middle,8.75,6.69,0.387,1.647,0.035,0.838,0.526,0,3
444,4,9,6,1,37,0,1,False,middle,8.85,6.59,0.384,1.491,0.006,0.644,0.579,0,1
445,4,9,6,1,37,0,0,True,middle,8.7,6.7,0.381,1.492,0.032,0.643,0.572,0,0
446,4,10,1,6,39,1,0,True,middle,8.66,6.71,0.387,1.666,0.034,0.838,0.671,0,1
447,4,10,2,1,39,0,1,False,middle,8.75,6.61,0.391,1.507,0.006,0.647,0.639,0,1
448,4,10,2,1,39,4,0,True,middle,9.0,6.31,0.388,1.509,0.03,0.796,0.667,0,4
449,4,10,3,1,39,2,0,True,middle,9.05,6.21,0.382,1.511,0.03,0.643,0.659,0,2
450,4,10,4,1,39,1,0,True,middle,9.0,6.21,0.382,1.511,0.03,0.643,0.604,0,1
451,4,10,5,6,39,4,0,True,middle,9.23,5.89,0.385,1.667,0.034,0.988,0.672,0,4
452,4,10,6,6,39,0,0,True,middle,9.09,6.0,0.378,1.67,0.033,0.834,0.546,0,0
453,4,11,1,1,42,4,0,True,middle,9.31,5.66,0.384,1.558,0.025,0.794,0.603,0,4
454,4,11,2,1,42,4,0,True,middle,9.53,5.31,0.378,1.56,0.025,0.792,0.714,0,4
455,4,11,3,1,42,4,0,True,middle,9.74,4.94,0.37,1.564,0.025,0.788,0.698,0,4
456,4,11,4,1,42,1,0,True,middle,9.69,4.92,0.363,1.567,0.024,0.635,0.713,0,1
457,4,11,5,6,42,0,0,True,middle,9.55,5.02,0.365,1.723,0.028,0.829,0.704,0,0
458,4,11,6,6,42,1,0,True,middle,9.5,5.0,0.371,1.72,0.028,0.831,0.557,0,1
459,4,12,1,6,44,1,0,True,middle,9.45,4.98,0.373,1.462,0.053,0.832,0.602,0,1
460,4,12,2,1,44,1,0,True,middle,9.41,4.96,0.375,1.304,0.049,0.64,0.532,0,1
461,4,12,3,6,44,1,0,True,middle,9.36,4.93,0.377,1.461,0.053,0.834,0.578,0,1
462,4,12,4,1,44,0,0,True,middle,9.24,5.05,0.379,1.303,0.05,0.642,0.507,0,0
463,4,12,5,1,44,0,0,True,middle,9.12,5.16,0.386,1.3,0.05,0.645,0.486,0,0
464,4,12,6,1,44,0,0,True,middle,9.0,5.29,0.392,1.297,0.05,0.648,0.591,0,0
465,4,13,1,6,38,4,0,True,middle,9.19,4.83,0.398,1.471,0.052,0.993,0.489,0,4
466,4,13,2,6,38,1,0,True,middle,9.15,4.8,0.388,1.475,0.052,0.839,0.528,0,1
467,4,13,3,1,38,2,0,True,middle,9.19,4.62,0.39,1.317,0.048,0.647,0.54,0,2
468,4,13,4,1,38,0,0,True,middle,9.07,4.74,0.388,1.318,0.048,0.646,0.501,0,0
469,4,13,5,1,38,0,2,True,middle,9.11,4.54,0.394,1.316,0.048,0.649,0.489,0,2
470,4,13,6,1,38,1,0,True,middle,9.07,4.5,0.391,1.317,0.048,0.647,0.545,0,1
471,4,14,1,1,40,0,0,True,middle,8.96,4.63,0.393,1.44,0.037,0.648,0.617,0,0
472,4,14,2,1,40,0,0,True,middle,8.86,4.76,0.399,1.437,0.037,0.651,0.629,0,0
473,4,14,3,1,40,4,0,True,middle,9.03,4.18,0.406,1.434,0.037,0.804,0.593,0,4
474,4,14,4,1,40,4,0,True,middle,9.2,3.56,0.392,1.44,0.037,0.798,0.608,0,4
475,4,14,5,1,40,0,0,True,middle,9.1,3.68,0.377,1.446,0.036,0.641,0.591,0,0
476,4,14,6,1,40,2,0,True,middle,9.13,3.4,0.383,1.444,0.036,0.644,0.587,0,2
477,4,15,1,6,37,4,0,True,death,9.3,2.69,0.378,1.651,0.053,0.984,0.574,0,4
478,4,15,2,6,37,0,0,True,death,9.2,2.79,0.361,1.658,0.052,0.827,0.583,0,0
479,4,15,3,6,37,4,0,True,death,9.35,2.0,0.366,1.656,0.052,0.979,0.66,0,4
480,4,15,4,6,37,1,0,True,death,9.32,1.85,0.347,1.664,0.052,0.82,0.571,0,1
481,4,15,5,1,37,2,0,True,death,9.35,1.44,0.345,1.508,0.048,0.627,0.641,0,2
482,4,15,6,1,37,0,0,True,death,9.25,1.5,0.336,1.511,0.048,0.623,0.547,0,0
483,4,16,1,6,37,1,0,True,death,9.22,1.3,0.341,1.666,0.051,0.818,0.551,0,1
484,4,16,2,1,37,1,0,True,death,9.18,1.09,0.338,1.51,0.048,0.624,0.608,0,1
485,4,16,3,6,37,4,0,True,death,9.33,0.0,0.335,1.669,0.051,0.965,0.611,0,4
486,5,0,1,60,7,4,0,True,powerplay,24.0,,0.0,1.359,0.034,0.571,0.545,0,4
487,5,0,2,60,7,0,2,True,powerplay,18.0,,0.003,1.358,0.034,0.423,0.521,0,2
488,5,0,3,60,7,0,0,True,powerplay,12.0,,0.006,1.357,0.034,0.424,0.454,0,0
489,5,0,4,60,7,6,0,True,powerplay,18.0,,0.009,1.356,0.034,0.575,0.45,0,6
490,5,0,5,60,7,1,0,True,powerplay,15.6,,0.011,1.355,0.034,0.426,0.471,0,1
491,5,0,6,46,7,1,0,True,powerplay,14.0,,0.014,1.356,0.035,0.471,0.528,0,1
492,5,1,1,46,9,1,0,True,powerplay,12.86,,0.017,1.393,0.031,0.472,0.466,0,1
493,5,1,2,60,9,1,0,True,powerplay,12.0,,0.02,1.389,0.031,0.43,0.525,0,1
494,5,1,3,46,9,1,0,True,powerplay,11.33,,0.023,1.39,0.032,0.475,0.427,0,1
495,5,1,4,60,9,1,0,True,powerplay,10.8,,0.026,1.387,0.031,0.433,0.505,0,1
496,5,1,5,46,9,1,0,True,powerplay,10.36,,0.028,1.388,0.032,0.477,0.485,0,1
497,5,1,6,60,9,1,0,True,powerplay,10.0,,0.031,1.384,0.032,0.435,0.443,0,1
498,5,2,1,60,14,0,0,True,powerplay,9.23,,0.034,1.383,0.032,0.437,0.57,0,0
499,5,2,2,60,14,4,0,True,powerplay,10.29,,0.037,1.382,0.032,0.588,0.576,0,4
500,5,2,3,60,14,1,0,True,powerplay,10.0,,0.04,1.381,0.032,0.439,0.45,0,1
501,5,2,4,46,14,1,0,True,powerplay,9.75,,0.043,1.382,0.033,0.484,0.453,0,1
502,5,2,5,60,14,1,0,True,powerplay,9.53,,0.045,1.379,0.032,0.442,0.555,0,1
503,5,2,6,46,14,1,0,True,powerplay,9.33,,0.048,1.38,0.033,0.486,0.457,0,1
504,5,3,1,46,8,4,0,True,powerplay,10.11,,0.051,1.435,0.028,0.637,0.573,0,4
505,5,3,2,46,8,6,0,True,powerplay,11.4,,0.054,1.434,0.028,0.639,0.448,0,6
506,5,3,3,46,8,0,0,True,powerplay,10.86,,0.057,1.433,0.028,0.49,0.53,0,0
507,5,3,4,46,8,4,0,True,powerplay,11.45,,0.059,1.432,0.028,0.641,0.431,0,4
508,5,3,5,46,8,0,0,True,powerplay,10.96,,0.062,1.431,0.028,0.492,0.463,0,0
509,5,3,6,46,8,0,1,True,powerplay,10.75,,0.065,1.43,0.028,0.494,0.47,0,1
510,5,4,1,46,10,1,0,True,powerplay,10.56,,0.068,1.438,0.027,0.495,0.562,0,1
511,5,4,2,60,10,0,0,True,powerplay,10.15,,0.071,1.434,0.027,0.453,0.569,0,0
512,5,4,3,60,10,6,0,True,powerplay,11.11,,0.074,1.433,0.027,0.605,0.478,0,6
513,5,4,4,60,10,4,0,True,powerplay,11.57,,0.077,1.432,0.027,0.606,0.568,0,4
514,5,4,5,60,10,1,0,True,powerplay,11.38,,0.079,1.431,0.027,0.457,0.497,0,1
515,5,4,6,46,10,1,0,True,powerplay,11.2,,0.082,1.432,0.028,0.501,0.439,0,1
516,5,5,1,46,12,2,0,True,powerplay,11.23,,0.085,1.659,0.006,0.503,0.555,0,2
517,5,5,2,46,12,0,1,True,powerplay,11.06,,0.088,1.658,0.006,0.504,0.66,0,1
518,5,5,3,60,12,3,0,True,powerplay,11.27,,0.091,1.654,0.006,0.462,0.695,0,3
519,5,5,4,46,12,1,0,True,powerplay,11.12,,0.094,1.655,0.007,0.507,0.579,0,1
520,5,5,5,60,12,4,0,True,powerplay,11.49,,0.096,1.652,0.006,0.615,0.606,0,4
521,5,5,6,60,12,1,0,True,powerplay,11.33,,0.099,1.651,0.007,0.466,0.647,0,1
522,5,6,1,60,7,0,0,True,middle,11.03,,0.102,1.317,0.039,0.467,0.499,0,0
523,5,6,2,60,7,1,0,True,middle,10.89,,0.105,1.315,0.039,0.469,0.448,0,1
524,5,6,3,46,7,0,0,True,middle,10.62,,0.108,1.316,0.039,0.513,0.523,0,0
525,5,6,4,46,7,1,0,True,middle,10.5,,0.111,1.315,0.039,0.514,0.511,0,1
526,5,6,5,60,7,1,0,True,middle,10.39,,0.113,1.312,0.039,0.472,0.447,0,1
527,5,6,6,46,7,1,0,True,middle,10.29,,0.116,1.313,0.04,0.516,0.527,0,1
528,5,7,1,46,9,4,0,True,middle,10.6,,0.119,1.35,0.036,0.668,0.396,0,4
529,5,7,2,46,9,0,0,True,middle,10.36,,0.122,1.348,0.036,0.519,0.423,0,0
530,5,7,3,46,9,1,0,True,middle,10.27,,0.125,1.347,0.036,0.521,0.394,0,1
531,5,7,4,60,9,0,0,True,middle,10.04,,0.128,1.344,0.036,0.479,0.492,0,0
532,5,7,5,60,9,1,0,True,middle,9.96,,0.13,1.343,0.036,0.48,0.422,0,1
533,5,7,6,46,9,1,0,True,middle,9.88,,0.133,1.344,0.037,0.524,0.519,0,1
534,5,8,1,46,14,4,0,True,middle,10.16,,0.136,1.343,0.037,0.675,0.493,0,4
535,5,8,2,46,14,2,0,True,middle,10.2,,0.139,1.341,0.037,0.527,0.514,0,2
536,5,8,3,46,14,1,1,False,middle,10.44,,0.142,1.34,0.006,0.528,0.501,0,2
537,5,8,3,60,14,2,0,True,middle,10.47,,0.142,1.338,0.037,0.485,0.534,0,2
538,5,8,4,60,14,4,0,True,middle,10.73,,0.145,1.337,0.037,0.637,0.565,0,4
539,5,8,5,60,14,3,0,True,middle,10.87,,0.147,1.336,0.037,0.488,0.486,0,3
540,5,8,6,46,14,1,0,True,middle,10.78,,0.15,1.337,0.037,0.532,0.452,0,1
541,5,9,1,46,8,0,0,True,middle,10.58,,0.153,1.393,0.032,0.533,0.5,0,0
542,5,9,2,46,8,1,0,True,middle,10.5,,0.156,1.391,0.032,0.534,0.532,0,1
543,5,9,3,60,8,0,0,True,middle,10.32,,0.159,1.388,0.032,0.493,0.575,0,0
544,5,9,4,60,8,0,1,False,middle,10.42,,0.162,1.387,0.006,0.494,0.539,0,1
545,5,9,4,60,8,0,0,True,middle,10.24,,0.162,1.387,0.032,0.494,0.533,0,0
546,5,9,5,60,8,1,0,True,middle,10.17,,0.164,1.386,0.032,0.495,0.452,0,1
547,5,9,6,46,8,4,0,True,middle,10.4,,0.167,1.387,0.033,0.689,0.508,0,4
548,5,10,1,60,10,2,0,True,middle,10.43,,0.17,1.393,0.032,0.498,0.462,0,2
549,5,10,2,60,10,0,0,True,middle,10.26,,0.173,1.391,0.032,0.499,0.587,0,0
550,5,10,3,60,10,2,0,True,middle,10.29,,0.176,1.39,0.032,0.501,0.497,0,2
551,5,10,4,60,10,1,0,True,middle,10.22,,0.179,1.389,0.032,0.502,0.603,0,1
552,5,10,5,46,10,1,0,True,middle,10.15,,0.181,1.39,0.032,0.546,0.536,0,1
553,5,10,6,60,10,1,0,True,middle,10.09,,0.184,1.387,0.032,0.504,0.592,0,1
554,5,11,1,60,12,0,0,True,middle,9.94,,0.187,1.614,0.011,0.506,0.669,0,0
555,5,11,2,60,12,0,0,True,middle,9.79,,0.19,1.613,0.011,0.507,0.664,0,0
556,5,11,3,60,12,0,0,True,middle,9.65,,0.193,1.612,0.011,0.508,0.641,0,0
557,5,11,4,60,12,2,0,True,middle,9.69,,0.196,1.61,0.011,0.51,0.563,0,2
558,5,11,5,60,12,6,0,True,middle,10.06,,0.198,1.61,0.011,0.661,0.625,0,6
559,5,11,6,60,12,0,0,True,middle,9.92,,0.201,1.608,0.011,0.512,0.577,0,0
560,5,12,1,46,7,3,0,True,middle,10.03,,0.204,1.276,0.044,0.556,0.384,0,3
561,5,12,2,60,7,3,0,True,middle,10.14,,0.207,1.272,0.043,0.515,0.544,1,3
562,5,12,3,46,7,1,0,True,middle,10.08,,0.236,1.262,0.045,0.57,0.405,0,1
563,5,12,4,56,7,4,0,True,middle,10.26,,0.239,1.367,0.056,0.843,0.45,0,4
564,5,12,5,56,7,0,1,True,middle,10.21,,0.241,1.367,0.056,0.694,0.468,0,1
565,5,12,6,46,7,0,0,True,middle,10.08,,0.244,1.259,0.045,0.574,0.466,0,0
566,5,13,1,56,9,1,0,True,middle,10.03,,0.247,1.402,0.053,0.697,0.444,0,1
567,5,13,2,46,9,1,0,True,middle,9.97,,0.25,1.295,0.042,0.577,0.508,0,1
568,5,13,3,56,9,0,1,True,middle,9.93,,0.253,1.4,0.053,0.7,0.549,0,1
569,5,13,4,46,9,0,1,False,middle,10.0,,0.256,1.292,0.006,0.579,0.392,0,1
570,5,13,4,46,9,0,0,True,middle,9.88,,0.256,1.292,0.042,0.579,0.44,0,0
571,5,13,5,46,9,0,0,True,middle,9.76,,0.258,1.291,0.042,0.58,0.521,0,0
572,5,13,6,46,9,1,0,True,middle,9.71,,0.261,1.29,0.042,0.582,0.531,0,1
573,5,14,1,46,14,4,0,True,middle,9.88,,0.264,1.289,0.043,0.733,0.508,0,4
574,5,14,2,46,14,1,0,True,middle,9.84,,0.267,1.288,0.043,0.584,0.456,0,1
575,5,14,3,56,14,1,0,True,middle,9.79,,0.27,1.393,0.054,0.707,0.452,0,1
576,5,14,4,46,14,0,0,True,middle,9.68,,0.273,1.285,0.043,0.587,0.447,0,0
577,5,14,5,46,14,0,0,True,middle,9.57,,0.275,1.284,0.043,0.588,0.493,0,0
578,5,14,6,46,14,0,0,True,middle,9.47,,0.278,1.283,0.043,0.589,0.486,0,0
579,5,15,1,56,8,0,0,True,death,9.36,,0.281,1.445,0.067,0.712,0.475,0,0
580,5,15,2,56,8,0,0,True,death,9.26,,0.284,1.444,0.067,0.714,0.438,0,0
581,5,15,3,56,8,1,0,True,death,9.23,,0.287,1.443,0.067,0.715,0.561,0,1
582,5,15,4,46,8,0,0,True,death,9.13,,0.29,1.335,0.056,0.595,0.552,0,0
583,5,15,5,46,8,6,0,True,death,9.41,,0.292,1.334,0.056,0.746,0.555,0,6
584,5,15,6,46,8,1,0,True,death,9.38,,0.295,1.333,0.057,0.597,0.506,0,1
585,5,16,1,46,12,1,0,True,death,9.34,,0.298,1.57,0.034,0.598,0.66,0,1
586,5,16,2,56,12,0,0,True,death,9.24,,0.301,1.675,0.045,0.721,0.567,0,0
587,5,16,3,56,12,1,0,True,death,9.21,,0.304,1.673,0.045,0.723,0.655,0,1
588,5,16,4,46,12,1,0,True,death,9.18,,0.307,1.566,0.034,0.602,0.522,0,1
589,5,16,5,56,12,6,0,True,death,9.45,,0.309,1.671,0.045,0.875,0.562,0,6
590,5,16,6,56,12,4,0,True,death,9.59,,0.312,1.67,0.046,0.876,0.656,1,4
591,5,17,1,46,12,0,0,True,death,9.5,,0.341,1.552,0.036,0.618,0.544,0,0
592,5,17,2,46,12,1,0,True,death,9.46,,0.344,1.55,0.036,0.619,0.61,0,1
593,5,17,3,58,12,6,0,True,death,9.71,,0.347,1.47,0.044,0.72,0.538,0,6
594,5,17,4,58,12,6,0,True,death,9.96,,0.35,1.469,0.044,0.722,0.503,0,6
595,5,17,5,58,12,6,0,True,death,10.21,,0.352,1.468,0.044,0.723,0.495,0,6
596,5,17,6,58,12,0,0,True,death,10.11,,0.355,1.467,0.044,0.574,0.622,0,0
597,5,18,1,46,14,0,0,True,death,10.02,,0.358,1.249,0.065,0.625,0.476,0,0
598,5,18,2,46,14,0,1,False,death,10.07,,0.361,1.248,0.01,0.627,0.403,0,1
599,5,18,2,46,14,4,0,True,death,10.2,,0.361,1.248,0.065,0.777,0.453,0,4
600,5,18,3,46,14,0,0,True,death,10.11,,0.364,1.247,0.065,0.628,0.477,0,0
601,5,18,4,46,14,1,0,True,death,10.07,,0.367,1.246,0.065,0.629,0.488,0,1
602,5,18,5,58,14,0,0,True,death,9.98,,0.369,1.166,0.073,0.58,0.386,0,0
603,5,18,6,58,14,4,0,True,death,10.11,,0.372,1.164,0.073,0.732,0.413,0,4
604,5,19,1,46,9,1,0,True,death,10.07,,0.375,1.242,0.066,0.633,0.513,0,1
605,5,19,2,58,9,1,0,True,death,10.03,,0.378,1.162,0.074,0.584,0.433,0,1
606,5,19,3,46,9,6,0,True,death,10.26,,0.381,1.24,0.066,0.786,0.48,0,6
607,5,19,4,46,9,4,0,True,death,10.37,,0.384,1.238,0.066,0.787,0.397,0,4
608,5,19,5,46,9,1,0,True,death,10.34,,0.386,1.238,0.066,0.638,0.424,0,1
609,5,19,6,58,9,1,0,True,death,10.3,,0.389,1.157,0.074,0.589,0.482,0,1
610,6,0,1,15,55,4,0,True,powerplay,24.0,10.24,0.296,1.449,0.041,0.833,0.59,0,4
611,6,0,2,15,55,1,0,True,powerplay,15.0,10.27,0.295,1.449,0.041,0.683,0.484,0,1
612,6,0,3,1,55,0,1,True,powerplay,12.0,10.31,0.299,1.355,0.044,0.606,0.589,0,1
613,6,0,4,15,55,0,0,True,powerplay,9.0,10.4,0.303,1.446,0.042,0.686,0.593,0,0
614,6,0,5,15,55,4,0,True,powerplay,12.0,10.28,0.308,1.444,0.042,0.839,0.586,0,4
615,6,0,6,15,55,0,0,True,powerplay,10.0,10.37,0.308,1.444,0.042,0.689,0.513,0,0
616,6,1,1,1,59,0,0,True,powerplay,8.57,10.46,0.313,1.369,0.043,0.612,0.562,0,0
617,6,1,2,1,59,0,1,False,powerplay,9.43,10.41,0.319,1.366,0.006,0.615,0.559,0,1
618,6,1,2,1,59,0,0,True,powerplay,8.25,10.5,0.317,1.367,0.043,0.614,0.561,0,0
619,6,1,3,1,59,2,0,True,powerplay,8.67,10.49,0.323,1.364,0.043,0.617,0.477,0,2
620,6,1,4,1,59,0,0,True,powerplay,7.8,10.58,0.325,1.364,0.044,0.618,0.592,0,0
621,6,1,5,1,59,4,0,True,powerplay,9.27,10.46,0.331,1.361,0.044,0.77,0.49,0,4
622,6,1,6,1,59,0,1,False,powerplay,9.82,10.4,0.33,1.361,0.007,0.62,0.624,0,1
623,6,1,6,1,59,1,0,True,powerplay,9.5,10.44,0.328,1.362,0.044,0.619,0.484,0,1
624,6,2,1,1,54,1,0,True,powerplay,9.23,10.49,0.332,1.37,0.043,0.621,0.577,0,1
625,6,2,2,15,54,6,1,False,powerplay,12.46,10.09,0.337,1.46,0.006,0.852,0.636,0,7
626,6,2,2,15,54,0,0,True,powerplay,11.57,10.19,0.325,1.465,0.04,0.696,0.541,0,0
627,6,2,3,15,54,1,0,True,powerplay,11.2,10.23,0.331,1.463,0.04,0.699,0.54,0,1
628,6,2,4,1,54,2,0,True,powerplay,11.25,10.21,0.335,1.369,0.043,0.622,0.499,0,2
629,6,2,5,1,54,0,1,True,powerplay,10.94,10.25,0.337,1.368,0.043,0.623,0.475,0,1
630,6,2,6,15,54,1,0,True,powerplay,10.67,10.29,0.341,1.459,0.041,0.703,0.592,0,1
631,6,3,1,15,53,1,0,True,powerplay,10.42,10.34,0.345,1.457,0.041,0.705,0.534,0,1
632,6,3,2,1,53,1,0,True,powerplay,10.2,10.38,0.349,1.363,0.044,0.628,0.499,0,1
633,6,3,3,15,53,6,0,True,powerplay,11.43,10.12,0.353,1.454,0.041,0.859,0.585,0,6
634,6,3,4,15,53,0,1,True,powerplay,11.18,10.16,0.349,1.455,0.041,0.707,0.53,1,1
635,6,3,5,1,53,1,1,False,powerplay,11.73,10.04,0.379,1.35,0.007,0.642,0.538,0,2
636,6,3,5,6,53,1,0,True,powerplay,11.48,10.08,0.375,1.509,0.049,0.833,0.472,0,1
637,6,3,6,1,53,0,0,True,powerplay,11.0,10.19,0.379,1.35,0.045,0.642,0.598,0,0
638,6,4,1,6,52,0,0,True,powerplay,10.56,10.29,0.385,1.514,0.048,0.838,0.473,0,0
639,6,4,2,6,52,1,0,True,powerplay,10.38,10.34,0.391,1.512,0.048,0.84,0.554,0,1
640,6,4,3,1,52,4,0,True,powerplay,10.89,10.19,0.395,1.353,0.045,0.799,0.568,0,4
641,6,4,4,1,52,1,0,True,powerplay,10.71,10.24,0.394,1.354,0.045,0.649,0.48,0,1
642,6,4,5,6,52,6,0,True,powerplay,11.59,9.96,0.398,1.509,0.049,0.993,0.511,0,6
643,6,4,6,6,52,2,0,True,powerplay,11.6,9.93,0.393,1.511,0.048,0.841,0.606,0,2
644,6,5,1,1,57,0,0,True,powerplay,11.23,10.04,0.395,1.525,0.029,0.649,0.552,0,0
645,6,5,2,1,57,6,0,True,powerplay,12.0,9.75,0.401,1.522,0.029,0.802,0.56,0,6
646,6,5,3,1,57,1,0,True,powerplay,11.82,9.79,0.395,1.525,0.029,0.649,0.665,0,1
647,6,5,4,6,57,0,0,True,powerplay,11.47,9.91,0.399,1.68,0.032,0.844,0.565,0,0
648,6,5,5,6,57,2,0,True,powerplay,11.49,9.88,0.405,1.677,0.033,0.847,0.672,0,2
649,6,5,6,6,57,1,0,True,powerplay,11.33,9.93,0.407,1.677,0.033,0.847,0.648,0,1
650,6,6,1,6,55,4,0,True,middle,11.68,9.76,0.412,1.465,0.053,1.0,0.496,0,4
651,6,6,2,6,55,0,0,True,middle,11.37,9.88,0.41,1.466,0.053,0.849,0.505,0,0
652,6,6,3,6,55,0,0,True,middle,11.08,10.0,0.416,1.463,0.053,0.851,0.61,0,0
653,6,6,4,6,55,1,0,True,middle,10.95,10.05,0.422,1.461,0.053,0.854,0.597,0,1
654,6,6,5,1,55,3,0,True,middle,11.12,9.95,0.426,1.302,0.05,0.663,0.622,0,3
655,6,6,6,6,55,0,0,True,middle,10.86,10.08,0.426,1.459,0.054,0.856,0.501,0,0
656,6,7,1,1,59,0,0,True,middle,10.6,10.21,0.433,1.318,0.048,0.666,0.565,0,0
657,6,7,2,1,59,4,0,True,middle,10.91,10.03,0.44,1.315,0.049,0.819,0.62,0,4
658,6,7,3,1,59,0,0,True,middle,10.67,10.16,0.437,1.316,0.049,0.668,0.562,0,0
659,6,7,4,1,59,4,0,True,middle,10.96,9.97,0.444,1.314,0.049,0.821,0.501,0,4
660,6,7,5,1,59,4,0,True,middle,11.23,9.78,0.441,1.315,0.049,0.82,0.629,0,4
661,6,7,6,1,59,0,0,True,middle,11.0,9.92,0.439,1.316,0.049,0.669,0.481,0,0
662,6,8,1,6,54,2,0,True,middle,11.02,9.89,0.445,1.48,0.052,0.865,0.515,0,2
663,6,8,2,6,54,1,0,True,middle,10.92,9.94,0.447,1.479,0.052,0.865,0.47,0,1
664,6,8,3,1,54,1,0,True,middle,10.82,10.0,0.452,1.32,0.048,0.675,0.513,0,1
665,6,8,4,6,54,1,0,True,middle,10.73,10.06,0.456,1.475,0.052,0.869,0.495,0,1
666,6,8,5,1,54,0,0,True,middle,10.53,10.21,0.461,1.316,0.049,0.679,0.612,1,0
667,6,8,6,13,54,0,0,True,middle,10.33,10.36,0.494,1.262,0.054,0.715,0.581,0,0
668,6,9,1,6,53,3,0,True,middle,10.47,10.25,0.501,1.456,0.054,0.89,0.538,0,3
669,6,9,2,13,53,0,0,True,middle,10.29,10.41,0.501,1.259,0.054,0.718,0.501,0,0
670,6,9,3,13,53,1,1,False,middle,10.5,10.22,0.508,1.256,0.008,0.721,0.55,0,2
671,6,9,3,6,53,1,0,True,middle,10.42,10.29,0.503,1.455,0.054,0.891,0.52,0,1
672,6,9,4,13,53,1,0,True,middle,10.34,10.35,0.508,1.256,0.054,0.721,0.511,0,1
673,6,9,5,6,53,2,0,True,middle,10.37,10.33,0.512,1.452,0.055,0.895,0.552,0,2
674,6,9,6,6,53,0,0,True,middle,10.2,10.5,0.514,1.451,0.055,0.896,0.476,0,0
675,6,10,1,13,52,0,0,True,middle,10.03,10.68,0.522,1.26,0.054,0.728,0.487,0,0
676,6,10,2,13,52,0,0,True,middle,9.87,10.86,0.53,1.256,0.054,0.731,0.464,0,0
677,6,10,3,13,52,1,0,True,middle,9.81,10.95,0.538,1.253,0.055,0.735,0.433,0,1
678,6,10,4,6,52,0,0,True,middle,9.66,11.14,0.543,1.448,0.055,0.909,0.471,0,0
679,6,10,5,6,52,1,0,True,middle,9.6,11.24,0.552,1.444,0.056,0.913,0.594,0,1
680,6,10,6,13,52,1,0,True,middle,9.55,11.33,0.557,1.245,0.055,0.744,0.497,0,1
681,6,11,1,13,57,1,0,True,middle,9.49,11.43,0.563,1.414,0.039,0.746,0.511,0,1
682,6,11,2,6,57,4,0,True,middle,9.71,11.19,0.568,1.609,0.04,1,0.693,0,4
683,6,11,3,6,57,1,0,True,middle,9.65,11.29,0.564,1.611,0.04,0.918,0.54,0,1
684,6,11,4,13,57,4,0,True,middle,9.86,11.04,0.57,1.411,0.04,0.899,0.546,0,4
685,6,11,5,13,57,1,0,True,middle,9.8,11.14,0.566,1.413,0.039,0.748,0.582,0,1
686,6,11,6,6,57,0,0,True,middle,9.67,11.38,0.571,1.608,0.04,0.921,0.605,0,0
687,6,12,1,13,55,1,0,True,middle,9.62,11.49,0.581,1.197,0.06,0.754,0.527,0,1
688,6,12,2,6,55,1,0,True,middle,9.57,11.61,0.587,1.391,0.061,0.928,0.456,0,1
689,6,12,3,13,55,0,0,True,middle,9.44,11.87,0.593,1.192,0.061,0.76,0.568,1,0
690,6,12,4,2,55,1,0,True,middle,9.39,12.0,0.63,1.063,0.067,0.741,0.438,0,1
691,6,12,5,6,55,0,0,True,middle,9.27,12.28,0.636,1.371,0.063,0.95,0.507,0,0
692,6,12,6,6,55,2,0,True,middle,9.31,12.29,0.647,1.366,0.063,0.955,0.581,0,2
693,6,13,1,2,59,4,0,True,middle,9.49,12.0,0.65,1.073,0.066,0.9,0.366,0,4
694,6,13,2,2,59,1,0,True,middle,9.45,12.15,0.645,1.075,0.066,0.747,0.413,0,1
695,6,13,3,6,59,0,0,True,middle,9.33,12.46,0.652,1.383,0.062,0.958,0.603,0,0
696,6,13,4,6,59,1,0,True,middle,9.29,12.63,0.664,1.378,0.062,0.963,0.591,0,1
697,6,13,5,2,59,0,1,False,middle,9.37,12.47,0.671,1.065,0.007,0.759,0.499,0,1
698,6,13,5,2,59,4,0,True,middle,9.54,12.16,0.667,1.066,0.067,0.907,0.424,0,4
699,6,13,6,2,59,1,0,True,middle,9.5,12.33,0.661,1.069,0.066,0.755,0.485,0,1
700,6,14,1,2,54,0,0,True,middle,9.39,12.69,0.668,1.075,0.066,0.758,0.495,0,0
701,6,14,2,2,54,0,0,True,middle,9.28,13.06,0.681,1.07,0.066,0.764,0.372,0,0
702,6,14,3,2,54,1,0,True,middle,9.24,13.27,0.695,1.064,0.067,0.77,0.426,1,1
703,6,14,4,6,54,0,0,True,middle,9.14,13.69,0.73,1.36,0.064,0.993,0.622,0,0
704,6,14,5,6,54,1,0,True,middle,9.1,13.94,0.744,1.354,0.065,0.999,0.61,0,1
705,6,14,6,12,54,0,1,True,middle,9.07,14.2,0.754,0.986,0.076,0.789,0.463,0,1
706,6,15,1,12,53,0,0,True,death,8.97,14.69,0.759,0.984,0.094,0.792,0.416,0,0
707,6,15,2,12,53,4,0,True,death,9.13,14.36,0.762,0.983,0.094,0.943,0.339,0,4
708,6,15,3,12,53,1,0,True,death,9.1,14.67,0.765,0.981,0.095,0.794,0.463,0,1
709,6,15,4,6,53,1,0,True,death,9.06,15.0,0.768,1.344,0.084,1,0.469,0,1
710,6,15,5,12,53,0,0,True,death,8.97,15.6,0.77,0.979,0.095,0.796,0.33,0,0
711,6,15,6,12,53,2,0,True,death,9.0,15.75,0.773,0.978,0.095,0.798,0.344,0,2
712,6,16,1,6,59,3,0,True,death,9.09,15.65,0.776,1.331,0.085,1,0.503,0,3
713,6,16,2,12,59,1,0,True,death,9.06,16.09,0.779,0.966,0.096,0.801,0.382,0,1
714,6,16,3,6,59,1,0,True,death,9.03,16.57,0.782,1.329,0.086,1,0.557,0,1
715,6,16,4,12,59,1,0,True,death,9.0,17.1,0.785,0.963,0.096,0.803,0.313,0,1
716,6,16,5,6,59,1,0,True,death,8.97,17.68,0.787,1.326,0.086,1,0.501,0,1
717,6,16,6,12,59,4,0,True,death,9.12,17.33,0.79,0.961,0.097,0.956,0.429,0,4
718,6,17,1,6,57,0,2,True,death,9.15,17.65,0.793,1.514,0.068,1,0.595,0,2
719,6,17,2,6,57,1,0,True,death,9.12,18.38,0.796,1.513,0.068,1,0.614,0,1
720,6,17,3,12,57,1,0,True,death,9.09,19.2,0.799,1.148,0.079,0.81,0.449,0,1
721,6,17,4,6,57,4,0,True,death,9.23,18.86,0.802,1.511,0.068,1,0.659,0,4
722,6,17,5,6,57,3,0,True,death,9.31,18.92,0.804,1.51,0.069,1,0.568,0,3
723,6,17,6,12,57,0,0,True,death,9.22,20.5,0.807,1.145,0.079,0.813,0.452,0,0
724,6,18,1,6,57,4,0,True,death,9.36,20.18,0.81,1.507,0.069,1,0.689,0,4
725,6,18,2,6,57,0,0,True,death,9.27,22.2,0.813,1.506,0.069,1,0.695,0,0
726,6,18,3,6,57,4,0,True,death,9.41,22.0,0.816,1.505,0.069,1,0.598,0,4
727,6,18,4,6,57,0,0,True,death,9.32,24.75,0.819,1.504,0.069,1,0.636,0,0
728,6,18,5,6,57,0,0,True,death,9.24,28.29,0.821,1.503,0.069,1,0.65,0,0
729,6,18,6,6,57,1,0,True,death,9.21,32.0,0.824,1.501,0.069,1,0.56,0,1
730,6,19,1,6,52,4,0,True,death,9.34,33.6,0.827,1.329,0.086,1,0.57,0,4
731,6,19,2,6,52,4,0,True,death,9.47,36.0,0.83,1.327,0.086,1,0.539,0,4
732,6,19,3,6,52,2,0,True,death,9.49,44.0,0.833,1.326,0.086,1,0.607,0,2
733,6,19,4,6,52,0,0,True,death,9.41,66.0,0.836,1.325,0.086,1,0.604,0,0
734,6,19,5,6,52,3,0,True,death,9.48,114.0,0.838,1.324,0.086,1,0.59,0,3
735,6,19,6,12,52,2,0,True,death,9.5,102.0,0.841,0.959,0.097,0.828,0.398,0,2
736,7,0,1,27,44,4,0,True,powerplay,24.0,,0.0,1.483,0.036,0.686,0.435,0,4
737,7,0,2,27,44,2,0,True,powerplay,18.0,,0.003,1.482,0.036,0.537,0.484,0,2
738,7,0,3,27,44,1,0,True,powerplay,14.0,,0.006,1.48,0.036,0.538,0.49,0,1
739,7,0,4,30,44,0,0,True,powerplay,10.5,,0.009,1.548,0.044,0.618,0.562,0,0
740,7,0,5,30,44,6,0,True,powerplay,15.6,,0.011,1.547,0.044,0.769,0.501,0,6
741,7,0,6,30,44,1,0,True,powerplay,14.0,,0.014,1.546,0.044,0.621,0.469,0,1
742,7,1,1,30,38,4,0,True,powerplay,15.43,,0.017,1.564,0.042,0.772,0.528,0,4
743,7,1,2,30,38,4,0,True,powerplay,16.5,,0.02,1.562,0.042,0.773,0.562,0,4
744,7,1,3,30,38,0,0,True,powerplay,14.67,,0.023,1.561,0.042,0.625,0.497,0,0
745,7,1,4,30,38,1,0,True,powerplay,13.8,,0.026,1.56,0.043,0.626,0.479,0,1
746,7,1,5,27,38,0,0,True,powerplay,12.55,,0.028,1.49,0.035,0.548,0.505,0,0
747,7,1,6,27,38,2,0,True,powerplay,12.5,,0.031,1.489,0.036,0.55,0.5,0,2
748,7,2,1,30,40,1,0,True,powerplay,12.0,,0.034,1.68,0.031,0.63,0.538,0,1
749,7,2,2,27,40,0,0,True,powerplay,11.14,,0.037,1.61,0.024,0.552,0.584,0,0
750,7,2,3,27,40,4,0,True,powerplay,12.0,,0.04,1.609,0.024,0.704,0.518,0,4
751,7,2,4,27,40,1,0,True,powerplay,11.62,,0.043,1.608,0.024,0.555,0.513,0,1
752,7,2,5,30,40,1,0,True,powerplay,11.29,,0.045,1.676,0.032,0.635,0.565,0,1
753,7,2,6,27,40,2,0,True,powerplay,11.33,,0.048,1.606,0.024,0.557,0.575,0,2
754,7,3,1,30,37,2,0,True,powerplay,11.37,,0.051,1.721,0.027,0.637,0.552,0,2
755,7,3,2,30,37,2,0,True,powerplay,11.4,,0.054,1.719,0.027,0.639,0.613,0,2
756,7,3,3,30,37,4,0,True,powerplay,12.0,,0.057,1.718,0.028,0.79,0.583,0,4
757,7,3,4,30,37,1,0,True,powerplay,11.73,,0.059,1.717,0.028,0.641,0.66,0,1
758,7,3,5,27,37,0,0,True,powerplay,11.22,,0.062,1.647,0.021,0.564,0.577,0,0
759,7,3,6,27,37,0,1,False,powerplay,11.48,,0.065,1.646,0.006,0.565,0.598,0,1
760,7,3,6,27,37,0,0,True,powerplay,11.0,,0.065,1.646,0.021,0.565,0.535,0,0
761,7,4,1,30,39,0,0,True,powerplay,10.56,,0.068,1.733,0.026,0.645,0.561,0,0
762,7,4,2,30,39,0,0,True,powerplay,10.15,,0.071,1.731,0.026,0.646,0.64,0,0
763,7,4,3,30,39,3,0,True,powerplay,10.44,,0.074,1.73,0.026,0.648,0.546,0,3
764,7,4,4,27,39,0,0,True,powerplay,10.07,,0.077,1.66,0.019,0.57,0.56,0,0
765,7,4,5,27,39,6,0,True,powerplay,10.97,,0.079,1.659,0.02,0.721,0.518,0,6
766,7,4,6,27,39,1,0,True,powerplay,10.8,,0.082,1.658,0.02,0.573,0.518,0,1
767,7,5,1,27,42,1,0,True,powerplay,10.65,,0.085,1.704,0.015,0.574,0.587,0,1
768,7,5,2,30,42,0,0,True,powerplay,10.31,,0.088,1.772,0.023,0.654,0.652,0,0
769,7,5,3,30,42,0,0,True,powerplay,10.0,,0.091,1.771,0.023,0.655,0.599,1,0
770,7,5,4,26,42,4,0,True,powerplay,10.41,,0.12,1.553,0.01,0.597,0.548,0,4
771,7,5,5,26,42,1,0,True,powerplay,10.29,,0.122,1.552,0.01,0.448,0.55,0,1
772,7,5,6,27,42,4,0,True,powerplay,10.67,,0.125,1.688,0.017,0.742,0.599,0,4
773,7,6,1,26,44,0,1,False,middle,10.83,,0.128,1.292,0.006,0.45,0.557,0,1
774,7,6,1,26,44,2,0,True,middle,10.86,,0.128,1.292,0.035,0.45,0.435,0,2
775,7,6,2,26,44,0,0,True,middle,10.58,,0.131,1.291,0.035,0.452,0.425,0,0
776,7,6,3,26,44,2,0,True,middle,10.62,,0.134,1.29,0.035,0.453,0.441,0,2
777,7,6,4,26,44,2,0,True,middle,10.65,,0.137,1.289,0.035,0.455,0.426,0,2
778,7,6,5,26,44,0,0,True,middle,10.39,,0.139,1.288,0.035,0.455,0.55,0,0
779,7,6,6,26,44,3,0,True,middle,10.57,,0.142,1.286,0.035,0.457,0.437,0,3
780,7,7,1,26,38,1,0,True,middle,10.47,,0.145,1.304,0.033,0.458,0.44,0,1
781,7,7,2,27,38,2,0,True,middle,10.5,,0.148,1.44,0.041,0.602,0.459,0,2
782,7,7,3,27,38,1,0,True,middle,10.4,,0.151,1.439,0.041,0.604,0.442,0,1
783,7,7,4,26,38,0,0,True,middle,10.17,,0.153,1.301,0.034,0.462,0.431,0,0
784,7,7,5,26,38,2,0,True,middle,10.21,,0.156,1.3,0.034,0.463,0.564,0,2
785,7,7,6,26,38,1,0,True,middle,10.12,,0.159,1.298,0.034,0.464,0.444,0,1
786,7,8,1,26,40,0,0,True,middle,9.92,,0.162,1.421,0.022,0.466,0.63,0,0
787,7,8,2,26,40,0,0,True,middle,9.72,,0.165,1.42,0.023,0.467,0.479,0,0
788,7,8,3,26,40,2,0,True,middle,9.76,,0.168,1.418,0.023,0.468,0.594,0,2
789,7,8,4,26,40,0,0,True,middle,9.58,,0.171,1.417,0.023,0.47,0.552,0,0
790,7,8,5,26,40,2,0,True,middle,9.62,,0.173,1.416,0.023,0.471,0.507,0,2
791,7,8,6,26,40,1,0,True,middle,9.56,,0.176,1.415,0.023,0.472,0.482,0,1
792,7,9,1,26,37,0,0,True,middle,9.38,,0.179,1.461,0.019,0.473,0.569,0,0
793,7,9,2,26,37,1,0,True,middle,9.32,,0.182,1.46,0.019,0.475,0.501,0,1
794,7,9,3,27,37,0,0,True,middle,9.16,,0.185,1.596,0.026,0.619,0.66,0,0
795,7,9,4,27,37,0,0,True,middle,9.0,,0.188,1.594,0.026,0.62,0.582,0,0
796,7,9,5,27,37,0,0,True,middle,8.85,,0.19,1.594,0.026,0.621,0.514,0,0
797,7,9,6,27,37,1,0,True,middle,8.8,,0.193,1.592,0.026,0.623,0.571,0,1
798,7,10,1,27,39,1,0,True,middle,8.75,,0.196,1.61,0.025,0.624,0.627,0,1
799,7,10,2,26,39,0,0,True,middle,8.61,,0.199,1.472,0.018,0.482,0.586,0,0
800,7,10,3,26,39,2,0,True,middle,8.67,,0.202,1.471,0.018,0.484,0.533,0,2
801,7,10,4,26,39,1,0,True,middle,8.62,,0.205,1.47,0.018,0.485,0.64,0,1
802,7,10,5,27,39,6,0,True,middle,9.05,,0.207,1.605,0.025,0.779,0.654,0,6
803,7,10,6,27,39,2,0,True,middle,9.09,,0.21,1.604,0.025,0.63,0.532,0,2
804,7,11,1,26,42,1,0,True,middle,9.04,,0.213,1.514,0.014,0.489,0.567,0,1
805,7,11,2,27,42,4,0,True,middle,9.26,,0.216,1.649,0.021,0.783,0.622,0,4
806,7,11,3,27,42,0,2,True,middle,9.3,,0.219,1.648,0.021,0.634,0.635,0,2
807,7,11,4,27,42,0,0,True,middle,9.17,,0.222,1.647,0.021,0.636,0.599,0,0
808,7,11,5,27,42,0,0,True,middle,9.04,,0.224,1.646,0.021,0.637,0.605,0,0
809,7,11,6,27,42,1,0,True,middle,9.0,,0.227,1.645,0.022,0.638,0.591,0,1
810,7,12,1,27,44,4,0,True,middle,9.21,,0.23,1.386,0.046,0.789,0.474,0,4
811,7,12,2,27,44,1,0,True,middle,9.16,,0.233,1.385,0.046,0.641,0.479,0,1
812,7,12,3,26,44,0,0,True,middle,9.04,,0.236,1.247,0.039,0.499,0.432,0,0
813,7,12,4,26,44,2,0,True,middle,9.08,,0.239,1.246,0.04,0.5,0.538,1,2
814,7,12,5,17,44,2,0,True,middle,9.12,,0.267,1.41,0.057,0.727,0.491,0,2
815,7,12,6,17,44,0,1,False,middle,9.19,,0.27,1.408,0.006,0.729,0.448,0,1
816,7,12,6,17,44,0,0,True,middle,9.08,,0.27,1.408,0.057,0.729,0.506,0,0
817,7,13,1,27,38,2,0,True,middle,9.11,,0.273,1.387,0.046,0.659,0.489,0,2
818,7,13,2,27,38,1,0,True,middle,9.07,,0.276,1.386,0.047,0.66,0.52,1,1
819,7,13,3,17,38,0,0,True,middle,8.96,,0.305,1.413,0.057,0.744,0.438,0,0
820,7,13,4,17,38,2,0,True,middle,9.0,,0.308,1.412,0.057,0.746,0.506,0,2
821,7,13,5,17,38,1,0,True,middle,8.96,,0.31,1.411,0.057,0.747,0.461,0,1
822,7,13,6,19,38,1,0,True,middle,8.93,,0.313,1.247,0.045,0.562,0.468,0,1
823,7,14,1,19,40,4,0,True,middle,9.11,,0.316,1.37,0.033,0.714,0.613,0,4
824,7,14,2,19,40,1,0,True,middle,9.07,,0.319,1.368,0.033,0.565,0.607,0,1
825,7,14,3,17,40,0,0,True,middle,8.97,,0.322,1.529,0.046,0.752,0.62,0,0
826,7,14,4,17,40,1,0,True,middle,8.93,,0.325,1.528,0.046,0.753,0.476,0,1
827,7,14,5,19,40,1,0,True,middle,8.9,,0.327,1.365,0.034,0.569,0.596,0,1
828,7,14,6,17,40,1,0,True,middle,8.87,,0.33,1.526,0.046,0.756,0.47,0,1
829,7,15,1,17,37,0,0,True,death,8.77,,0.333,1.572,0.059,0.757,0.514,0,0
830,7,15,2,17,37,1,0,True,death,8.74,,0.336,1.571,0.06,0.758,0.545,0,1
831,7,15,3,19,37,0,0,True,death,8.65,,0.339,1.407,0.048,0.574,0.526,0,0
832,7,15,4,19,37,0,0,True,death,8.55,,0.342,1.406,0.048,0.575,0.621,0,0
833,7,15,5,19,37,1,0,True,death,8.53,,0.344,1.405,0.048,0.576,0.562,0,1
834,7,15,6,17,37,0,0,True,death,8.44,,0.347,1.567,0.06,0.763,0.619,0,0
835,7,16,1,19,37,4,0,True,death,8.6,,0.35,1.403,0.048,0.729,0.588,0,4
836,7,16,2,19,37,0,1,False,death,8.66,,0.353,1.402,0.006,0.58,0.593,0,1
837,7,16,2,19,37,1,0,True,death,8.63,,0.353,1.402,0.048,0.58,0.643,0,1
838,7,16,3,17,37,1,0,True,death,8.61,,0.356,1.563,0.061,0.767,0.56,0,1
839,7,16,4,19,37,1,0,True,death,8.58,,0.359,1.399,0.049,0.583,0.577,0,1
840,7,16,5,17,37,6,0,True,death,8.85,,0.361,1.561,0.061,0.92,0.619,0,6
841,7,16,6,17,37,4,0,True,death,9.0,,0.364,1.559,0.061,0.921,0.631,0,4
842,7,17,1,19,38,1,0,True,death,8.97,,0.367,1.224,0.065,0.587,0.489,0,1
843,7,17,2,17,38,1,0,True,death,8.94,,0.37,1.386,0.078,0.774,0.567,0,1
844,7,17,3,19,38,2,0,True,death,8.97,,0.373,1.222,0.066,0.589,0.457,0,2
845,7,17,4,19,38,0,0,True,death,8.89,,0.376,1.22,0.066,0.591,0.475,0,0
846,7,17,5,19,38,1,0,True,death,8.86,,0.378,1.22,0.066,0.592,0.428,0,1
847,7,17,6,17,38,0,0,True,death,8.78,,0.381,1.381,0.078,0.779,0.508,0,0
848,7,18,1,19,39,3,0,True,death,8.86,,0.384,1.408,0.048,0.594,0.621,0,3
849,7,18,2,17,39,4,0,True,death,9.0,,0.387,1.569,0.06,0.931,0.638,0,4
850,7,18,3,17,39,1,0,True,death,8.97,,0.39,1.568,0.06,0.783,0.602,0,1
851,7,18,4,19,39,0,0,True,death,8.89,,0.393,1.404,0.048,0.598,0.522,0,0
852,7,18,5,19,39,3,0,True,death,8.97,,0.395,1.403,0.049,0.599,0.557,0,3
853,7,18,6,17,39,4,0,True,death,9.11,,0.398,1.564,0.061,0.936,0.625,0,4
854,7,19,1,19,39,0,1,False,death,9.16,,0.401,1.4,0.006,0.602,0.579,0,1
855,7,19,1,19,39,1,0,True,death,9.13,,0.401,1.4,0.049,0.602,0.626,0,1
856,7,19,2,17,39,2,0,True,death,9.16,,0.404,1.562,0.061,0.789,0.644,1,2
857,7,19,3,21,39,1,0,True,death,9.13,,0.433,1.272,0.055,0.552,0.566,0,1
858,7,19,4,19,39,0,1,True,death,9.1,,0.435,1.386,0.05,0.617,0.541,0,1
859,7,19,5,21,39,2,0,True,death,9.13,,0.438,1.27,0.055,0.554,0.596,0,2
860,7,19,6,21,39,2,0,True,death,9.15,,0.441,1.269,0.055,0.556,0.595,0,2
861,8,0,1,36,29,0,0,True,powerplay,0.0,9.28,0.263,1.28,0.035,0.497,0.586,0,0
862,8,0,2,36,29,2,0,True,powerplay,6.0,9.25,0.268,1.278,0.035,0.499,0.504,1,2
863,8,0,3,41,29,3,0,True,powerplay,10.0,9.18,0.296,1.287,0.043,0.576,0.568,0,3
864,8,0,4,31,29,0,0,True,powerplay,7.5,9.26,0.297,1.43,0.045,0.727,0.493,0,0
865,8,0,5,31,29,0,0,True,powerplay,6.0,9.34,0.302,1.428,0.045,0.729,0.441,0,0
866,8,0,6,31,29,0,0,True,powerplay,5.0,9.42,0.307,1.426,0.045,0.731,0.434,0,0
867,8,1,1,41,22,4,0,True,powerplay,7.71,9.29,0.312,1.357,0.037,0.733,0.474,0,4
868,8,1,2,41,22,1,0,True,powerplay,7.5,9.32,0.311,1.357,0.037,0.583,0.498,0,1
869,8,1,3,31,22,0,0,True,powerplay,6.67,9.41,0.315,1.499,0.038,0.735,0.602,0,0
870,8,1,4,31,22,0,0,True,powerplay,6.0,9.49,0.32,1.497,0.038,0.737,0.587,0,0
871,8,1,5,31,22,1,0,True,powerplay,6.0,9.52,0.325,1.494,0.039,0.739,0.606,0,1
872,8,1,6,41,22,1,0,True,powerplay,6.0,9.56,0.329,1.35,0.037,0.591,0.516,0,1
873,8,2,1,41,24,0,0,True,powerplay,5.54,9.64,0.333,1.348,0.038,0.593,0.481,0,0
874,8,2,2,41,24,2,0,True,powerplay,6.0,9.62,0.338,1.346,0.038,0.595,0.52,0,2
875,8,2,3,41,24,1,0,True,powerplay,6.0,9.66,0.341,1.345,0.038,0.596,0.573,0,1
876,8,2,4,31,24,4,0,True,powerplay,7.12,9.52,0.345,1.486,0.039,0.898,0.519,0,4
877,8,2,5,31,24,0,0,True,powerplay,6.71,9.61,0.343,1.487,0.039,0.747,0.481,0,0
878,8,2,6,31,24,2,0,True,powerplay,7.0,9.59,0.349,1.484,0.04,0.75,0.478,1,2
879,8,3,1,41,23,0,0,True,powerplay,6.63,9.68,0.377,1.349,0.038,0.613,0.6,0,0
880,8,3,2,41,23,1,0,True,powerplay,6.6,9.72,0.382,1.347,0.038,0.615,0.5,0,1
881,8,3,3,32,23,3,0,True,powerplay,7.14,9.64,0.386,1.484,0.045,0.802,0.56,0,3
882,8,3,4,41,23,0,0,True,powerplay,6.82,9.73,0.387,1.344,0.038,0.617,0.515,0,0
883,8,3,5,41,23,1,0,True,powerplay,6.78,9.77,0.392,1.342,0.039,0.619,0.575,0,1
884,8,3,6,32,23,1,0,True,powerplay,6.75,9.81,0.396,1.48,0.046,0.807,0.57,0,1
885,8,4,1,32,25,4,0,True,powerplay,7.44,9.66,0.4,1.487,0.045,0.959,0.489,0,4
886,8,4,2,32,25,1,0,True,powerplay,7.38,9.7,0.399,1.488,0.045,0.808,0.466,0,1
887,8,4,3,41,25,0,0,True,powerplay,7.11,9.81,0.403,1.347,0.038,0.624,0.527,0,0
888,8,4,4,41,25,1,0,True,powerplay,7.07,9.85,0.409,1.345,0.038,0.627,0.594,0,1
889,8,4,5,32,25,0,0,True,powerplay,6.83,9.96,0.413,1.482,0.045,0.814,0.453,0,0
890,8,4,6,32,25,1,0,True,powerplay,6.8,10.0,0.419,1.479,0.046,0.817,0.497,1,1
891,8,5,1,33,29,1,0,True,powerplay,6.77,10.04,0.449,1.077,0.051,0.545,0.372,0,1
892,8,5,2,41,29,1,0,True,powerplay,6.75,10.09,0.453,1.221,0.05,0.647,0.524,1,1
893,8,5,3,33,29,0,0,True,powerplay,6.55,10.21,0.483,1.063,0.052,0.56,0.373,0,0
894,8,5,4,33,29,2,0,True,powerplay,6.71,10.19,0.489,1.06,0.053,0.563,0.472,0,2
895,8,5,5,33,29,1,0,True,powerplay,6.69,10.24,0.491,1.059,0.053,0.564,0.398,0,1
896,8,5,6,42,29,0,0,True,powerplay,6.5,10.36,0.496,1.213,0.058,0.745,0.456,0,0
897,8,6,1,33,22,0,0,True,middle,6.32,10.48,0.502,1.131,0.046,0.569,0.406,0,0
898,8,6,2,33,22,1,0,True,middle,6.32,10.54,0.508,1.128,0.046,0.571,0.442,0,1
899,8,6,3,42,22,1,0,True,middle,6.31,10.59,0.513,1.282,0.051,0.752,0.513,0,1
900,8,6,4,33,22,0,1,True,middle,6.3,10.65,0.517,1.124,0.046,0.576,0.509,0,1
901,8,6,5,42,22,0,1,False,middle,6.45,10.57,0.522,1.279,0.006,0.756,0.494,0,1
902,8,6,5,42,22,1,0,True,middle,6.44,10.63,0.519,1.28,0.052,0.755,0.483,0,1
903,8,6,6,33,22,2,0,True,middle,6.57,10.62,0.524,1.122,0.047,0.579,0.422,0,2
904,8,7,1,42,24,1,0,True,middle,6.56,10.68,0.526,1.277,0.052,0.758,0.54,0,1
905,8,7,2,33,24,0,0,True,middle,6.41,10.82,0.531,1.119,0.047,0.582,0.414,1,0
906,8,7,3,44,24,0,0,True,middle,6.27,10.96,0.564,0.527,0.116,0.797,0,0,0
907,8,7,4,44,24,0,1,True,middle,6.26,11.03,0.571,0.524,0.117,0.8,0,0,1
908,8,7,5,42,24,1,0,True,middle,6.26,11.1,0.575,1.256,0.054,0.78,0.541,0,1
909,8,7,6,44,24,1,0,True,middle,6.25,11.17,0.58,0.52,0.117,0.804,0,1,1
910,8,8,1,38,23,2,0,True,middle,6.37,11.15,0.611,0.669,0.108,0.861,0,0,2
911,8,8,2,38,23,0,1,True,middle,6.36,11.23,0.613,0.669,0.108,0.862,0,0,1
912,8,8,3,42,23,0,0,True,middle,6.24,11.39,0.619,1.257,0.054,0.8,0.431,0,0
913,8,8,4,42,23,4,0,True,middle,6.58,11.21,0.626,1.254,0.055,0.953,0.473,0,4
914,8,8,5,42,23,1,0,True,middle,6.57,11.28,0.624,1.255,0.054,0.802,0.426,0,1
915,8,8,6,38,23,3,0,True,middle,6.78,11.18,0.628,0.662,0.109,0.868,0,0,3
916,8,9,1,38,25,0,0,True,middle,6.65,11.35,0.628,0.672,0.108,0.868,0,0,0
917,8,9,2,38,25,2,0,True,middle,6.75,11.34,0.636,0.668,0.108,0.872,0.009,0,2
918,8,9,3,38,25,2,0,True,middle,6.84,11.33,0.639,0.667,0.108,0.873,0,0,2
919,8,9,4,38,25,0,0,True,middle,6.72,11.52,0.641,0.666,0.109,0.874,0,0,0
920,8,9,5,38,25,0,0,True,middle,6.61,11.7,0.649,0.663,0.109,0.878,0,0,0
921,8,9,6,38,25,1,0,True,middle,6.6,11.8,0.657,0.66,0.109,0.881,0,0,1
922,8,10,1,38,29,4,0,True,middle,6.89,11.59,0.663,0.552,0.12,1,0,0,4
923,8,10,2,38,29,0,0,True,middle,6.77,11.79,0.66,0.554,0.119,0.883,0,0,0
924,8,10,3,38,29,1,0,True,middle,6.76,11.89,0.669,0.55,0.12,0.887,0,0,1
925,8,10,4,42,29,1,0,True,middle,6.75,12.0,0.674,1.139,0.066,0.825,0.448,0,1
926,8,10,5,38,29,1,0,True,middle,6.74,12.11,0.68,0.545,0.12,0.892,0,0,1
927,8,10,6,42,29,1,0,True,middle,6.73,12.22,0.686,1.134,0.066,0.83,0.403,0,1
928,8,11,1,42,22,0,0,True,middle,6.63,12.45,0.692,1.207,0.059,0.833,0.517,0,0
929,8,11,2,42,22,1,0,True,middle,6.62,12.58,0.702,1.203,0.06,0.837,0.47,0,1
930,8,11,3,38,22,1,0,True,middle,6.61,12.71,0.708,0.61,0.114,0.904,0,0,1
931,8,11,4,42,22,0,0,True,middle,6.51,12.96,0.715,1.198,0.06,0.843,0.4,0,0
932,8,11,5,42,22,0,1,False,middle,6.6,12.84,0.725,1.193,0.006,0.848,0.409,0,1
933,8,11,5,42,22,0,0,True,middle,6.51,13.1,0.721,1.195,0.061,0.846,0.535,0,0
934,8,11,6,42,22,1,0,True,middle,6.5,13.25,0.731,1.191,0.061,0.85,0.473,0,1
935,8,12,1,42,24,0,0,True,middle,6.41,13.53,0.739,1.187,0.061,0.854,0.497,0,0
936,8,12,2,42,24,0,1,False,middle,6.49,13.4,0.749,1.183,0.006,0.858,0.522,0,1
937,8,12,2,42,24,1,0,True,middle,6.49,13.57,0.746,1.185,0.062,0.857,0.529,0,1
938,8,12,3,38,24,4,0,True,middle,6.72,13.33,0.753,0.591,0.116,1,0,0,4
939,8,12,4,38,24,2,0,True,middle,6.79,13.36,0.749,0.592,0.116,0.923,0,0,2
940,8,12,5,38,24,2,0,True,middle,6.86,13.4,0.753,0.591,0.116,0.925,0,0,2
941,8,12,6,38,24,0,0,True,middle,6.77,13.71,0.757,0.589,0.117,0.926,0,1,0
942,8,13,1,42,23,1,0,True,middle,6.76,13.9,0.795,1.183,0.062,0.879,0.554,0,1
943,8,13,2,40,23,2,0,True,middle,6.82,13.95,0.803,0.687,0.089,0.79,0.176,0,2
944,8,13,3,40,23,1,0,True,middle,6.81,14.15,0.807,0.685,0.089,0.792,0.201,0,1
945,8,13,4,42,23,1,0,True,middle,6.8,14.37,0.812,1.176,0.063,0.887,0.455,0,1
946,8,13,5,40,23,0,0,True,middle,6.72,14.76,0.814,0.682,0.089,0.795,0.064,0,0
947,8,13,6,40,23,1,0,True,middle,6.71,15.0,0.817,0.681,0.089,0.796,0.062,0,1
948,8,14,1,40,25,0,0,True,middle,6.64,15.43,0.82,0.689,0.089,0.798,0.113,0,0
949,8,14,2,40,25,0,0,True,middle,6.56,15.88,0.823,0.688,0.089,0.799,0.156,0,0
950,8,14,3,40,25,1,0,True,middle,6.55,16.18,0.826,0.686,0.089,0.8,0.158,0,1
951,8,14,4,42,25,2,0,True,middle,6.61,16.31,0.829,1.178,0.063,0.894,0.496,0,2
952,8,14,5,42,25,0,0,True,middle,6.54,16.84,0.831,1.177,0.063,0.895,0.541,0,0
953,8,14,6,42,25,1,0,True,middle,6.53,17.2,0.834,1.176,0.063,0.897,0.541,0,1
954,8,15,1,42,29,6,0,True,death,6.86,16.55,0.837,1.07,0.091,1,0.387,0,6
955,8,15,2,42,29,2,0,True,death,6.91,16.71,0.84,1.069,0.091,0.899,0.495,0,2
956,8,15,3,42,29,4,0,True,death,7.1,16.44,0.843,1.068,0.091,1,0.399,1,4
957,8,15,4,37,29,2,0,True,death,7.15,16.62,0.872,0.668,0.135,1,0,0,2
958,8,15,5,37,29,6,0,True,death,7.45,15.84,0.874,0.667,0.135,1,0.086,0,6
959,8,15,6,37,29,1,0,True,death,7.44,16.25,0.877,0.665,0.135,1,0.024,0,1
960,8,16,1,37,23,4,0,True,death,7.61,15.91,0.88,0.759,0.126,1,0.135,0,4
961,8,16,2,37,23,0,0,True,death,7.53,16.64,0.883,0.758,0.126,1,0.102,0,0
962,8,16,3,37,23,0,0,True,death,7.45,17.43,0.886,0.757,0.126,1,0.063,0,0
963,8,16,4,37,23,0,0,True,death,7.38,18.3,0.889,0.756,0.126,1,0.029,0,0
964,8,16,5,37,23,0,0,True,death,7.31,19.26,0.891,0.755,0.126,1,0.097,1,0
965,8,16,6,39,23,0,0,True,death,7.24,20.33,0.92,0.688,0.12,0.914,0.12,0,0
966,8,17,1,40,22,2,0,True,death,7.28,20.82,0.923,0.617,0.114,0.844,0.047,0,2
967,8,17,2,40,22,0,0,True,death,7.21,22.12,0.926,0.616,0.114,0.845,0.172,1,0
968,9,0,1,60,29,1,0,True,powerplay,6.0,,0.0,1.417,0.028,0.421,0.538,0,1
969,9,0,2,46,29,1,0,True,powerplay,6.0,,0.003,1.417,0.029,0.466,0.483,0,1
970,9,0,3,60,29,4,0,True,powerplay,12.0,,0.006,1.414,0.029,0.574,0.438,0,4
971,9,0,4,60,29,1,0,True,powerplay,10.5,,0.009,1.413,0.029,0.425,0.534,0,1
972,9,0,5,46,29,0,0,True,powerplay,8.4,,0.011,1.414,0.029,0.469,0.478,0,0
973,9,0,6,46,29,0,0,True,powerplay,7.0,,0.014,1.413,0.029,0.471,0.532,0,0
974,9,1,1,60,22,0,0,True,powerplay,6.0,,0.017,1.486,0.022,0.429,0.487,0,0
975,9,1,2,60,22,1,0,True,powerplay,6.0,,0.02,1.484,0.022,0.43,0.491,0,1
976,9,1,3,46,22,1,0,True,powerplay,6.0,,0.023,1.485,0.023,0.475,0.441,0,1
977,9,1,4,60,22,0,0,True,powerplay,5.4,,0.026,1.482,0.022,0.433,0.587,0,0
978,9,1,5,60,22,4,0,True,powerplay,7.09,,0.028,1.481,0.022,0.584,0.534,0,4
979,9,1,6,60,22,0,0,True,powerplay,6.5,,0.031,1.48,0.023,0.435,0.552,0,0
980,9,2,1,46,24,0,0,True,powerplay,6.0,,0.034,1.481,0.023,0.48,0.442,0,0
981,9,2,2,46,24,0,0,True,powerplay,5.57,,0.037,1.479,0.023,0.481,0.515,0,0
982,9,2,3,46,24,0,2,True,powerplay,6.0,,0.04,1.478,0.023,0.482,0.52,0,2
983,9,2,4,46,24,0,0,True,powerplay,5.62,,0.043,1.477,0.024,0.484,0.48,0,0
984,9,2,5,46,24,1,0,True,powerplay,5.65,,0.045,1.476,0.024,0.485,0.549,0,1
985,9,2,6,60,24,2,0,True,powerplay,6.0,,0.048,1.473,0.023,0.443,0.602,0,2
986,9,3,1,46,23,4,0,True,powerplay,6.95,,0.051,1.493,0.022,0.637,0.491,0,4
987,9,3,2,46,23,4,0,True,powerplay,7.8,,0.054,1.491,0.022,0.639,0.477,0,4
988,9,3,3,46,23,1,0,True,powerplay,7.71,,0.057,1.49,0.022,0.49,0.549,0,1
989,9,3,4,60,23,2,0,True,powerplay,7.91,,0.059,1.487,0.022,0.448,0.593,0,2
990,9,3,5,60,23,0,1,False,powerplay,8.18,,0.062,1.486,0.006,0.449,0.588,0,1
991,9,3,5,60,23,2,0,True,powerplay,8.35,,0.062,1.486,0.022,0.449,0.513,0,2
992,9,3,6,60,23,0,0,True,powerplay,8.0,,0.065,1.484,0.022,0.451,0.62,0,0
993,9,4,1,46,25,1,0,True,powerplay,7.92,,0.068,1.495,0.022,0.495,0.575,0,1
994,9,4,2,60,25,0,2,True,powerplay,8.08,,0.071,1.491,0.022,0.453,0.595,0,2
995,9,4,3,60,25,0,0,True,powerplay,7.78,,0.074,1.49,0.022,0.455,0.511,0,0
996,9,4,4,60,25,0,0,True,powerplay,7.5,,0.077,1.489,0.022,0.456,0.509,0,0
997,9,4,5,60,25,0,1,True,powerplay,7.45,,0.079,1.488,0.022,0.457,0.578,0,1
998,9,4,6,46,25,4,0,True,powerplay,8.0,,0.082,1.489,0.023,0.651,0.55,0,4
999,9,5,1,60,29,0,0,True,powerplay,7.74,,0.085,1.381,0.032,0.46,0.435,0,0
1000,9,5,2,60,29,0,0,True,powerplay,7.5,,0.088,1.38,0.032,0.461,0.453,0,0
1001,9,5,3,60,29,0,0,True,powerplay,7.27,,0.091,1.378,0.033,0.462,0.485,0,0
1002,9,5,4,60,29,4,0,True,powerplay,7.76,,0.094,1.377,0.033,0.614,0.588,1,4
1003,9,5,5,56,29,0,1,False,powerplay,7.94,,0.122,1.474,0.006,0.641,0.465,0,1
1004,9,5,5,56,29,2,0,True,powerplay,8.06,,0.122,1.474,0.045,0.641,0.456,0,2
1005,9,5,6,56,29,0,1,False,powerplay,8.23,,0.125,1.472,0.006,0.642,0.544,0,1
1006,9,5,6,56,29,1,0,True,powerplay,8.17,,0.125,1.472,0.046,0.642,0.421,0,1
1007,9,6,1,56,22,0,0,True,middle,7.95,,0.128,1.547,0.038,0.643,0.441,0,0
1008,9,6,2,56,22,1,0,True,middle,7.89,,0.131,1.546,0.039,0.645,0.52,0,1
1009,9,6,3,46,22,0,0,True,middle,7.69,,0.134,1.439,0.028,0.525,0.476,0,0
1010,9,6,4,46,22,0,0,True,middle,7.5,,0.137,1.437,0.028,0.526,0.467,0,0
1011,9,6,5,46,22,1,0,True,middle,7.46,,0.139,1.437,0.028,0.527,0.545,0,1
1012,9,6,6,56,22,4,0,True,middle,7.86,,0.142,1.542,0.039,0.8,0.55,0,4
1013,9,7,1,46,24,1,0,True,middle,7.81,,0.145,1.434,0.028,0.53,0.517,0,1
1014,9,7,2,56,24,0,2,True,middle,7.91,,0.148,1.539,0.039,0.652,0.51,0,2
1015,9,7,3,56,24,0,0,True,middle,7.73,,0.151,1.538,0.039,0.654,0.55,0,0
1016,9,7,4,56,24,0,0,True,middle,7.57,,0.153,1.537,0.04,0.655,0.477,0,0
1017,9,7,5,56,24,2,0,True,middle,7.66,,0.156,1.536,0.04,0.656,0.519,0,2
1018,9,7,6,56,24,0,0,True,middle,7.5,,0.159,1.534,0.04,0.657,0.451,0,0
1019,9,8,1,46,23,0,0,True,middle,7.35,,0.162,1.446,0.027,0.537,0.561,0,0
1020,9,8,2,46,23,3,0,True,middle,7.56,,0.165,1.445,0.027,0.539,0.54,0,3
1021,9,8,3,56,23,0,0,True,middle,7.41,,0.168,1.55,0.038,0.661,0.473,0,0
1022,9,8,4,56,23,0,0,True,middle,7.27,,0.171,1.548,0.039,0.663,0.443,0,0
1023,9,8,5,56,23,6,0,True,middle,7.81,,0.173,1.548,0.039,0.814,0.552,0,6
1024,9,8,6,56,23,2,0,True,middle,7.89,,0.176,1.546,0.039,0.665,0.56,0,2
1025,9,9,1,46,25,0,2,True,middle,7.96,,0.179,1.448,0.027,0.545,0.477,0,2
1026,9,9,2,46,25,0,0,True,middle,7.82,,0.182,1.447,0.027,0.546,0.5,1,0
1027,9,9,3,58,25,1,0,True,middle,7.79,,0.211,1.356,0.036,0.509,0.549,0,1
1028,9,9,4,56,25,0,0,True,middle,7.66,,0.214,1.54,0.04,0.682,0.49,0,0
1029,9,9,5,56,25,1,0,True,middle,7.63,,0.216,1.539,0.04,0.683,0.556,0,1
1030,9,9,6,58,25,0,0,True,middle,7.5,,0.219,1.352,0.037,0.513,0.466,0,0
1031,9,10,1,56,29,0,0,True,middle,7.38,,0.222,1.432,0.05,0.686,0.408,0,0
1032,9,10,2,56,29,1,0,True,middle,7.35,,0.225,1.43,0.05,0.687,0.544,0,1
1033,9,10,3,58,29,0,0,True,middle,7.24,,0.228,1.244,0.047,0.517,0.516,0,0
1034,9,10,4,58,29,1,0,True,middle,7.22,,0.231,1.243,0.047,0.518,0.396,0,1
1035,9,10,5,56,29,4,0,True,middle,7.48,,0.233,1.427,0.05,0.841,0.482,1,4
1036,9,10,6,57,29,0,0,True,middle,7.36,,0.262,1.394,0.05,0.746,0.482,0,0
1037,9,11,1,58,22,2,0,True,middle,7.43,,0.265,1.305,0.041,0.534,0.551,0,2
1038,9,11,2,58,22,0,0,True,middle,7.32,,0.268,1.303,0.042,0.535,0.523,0,0
1039,9,11,3,58,22,0,0,True,middle,7.22,,0.271,1.302,0.042,0.536,0.407,1,0
1040,9,11,4,47,22,2,0,True,middle,7.29,,0.299,1.35,0.052,0.685,0.492,0,2
1041,9,11,5,47,22,0,0,True,middle,7.18,,0.302,1.349,0.052,0.686,0.479,0,0
1042,9,11,6,47,22,2,0,True,middle,7.25,,0.305,1.348,0.052,0.687,0.494,0,2
1043,9,12,1,57,24,4,0,True,middle,7.48,,0.308,1.45,0.044,0.917,0.516,1,4
1044,9,12,2,55,24,1,0,True,middle,7.46,,0.337,0.937,0.087,0.759,0.078,0,1
1045,9,12,3,47,24,1,0,True,middle,7.44,,0.34,1.333,0.054,0.703,0.359,1,1
1046,9,12,4,55,24,1,0,True,middle,7.42,,0.369,0.924,0.089,0.773,0.029,0,1
1047,9,12,5,59,24,0,0,True,middle,7.32,,0.371,0.837,0.079,0.596,0.163,0,0
1048,9,12,6,59,24,6,0,True,middle,7.69,,0.374,0.836,0.079,0.747,0.098,0,6
1049,9,13,1,55,23,2,0,True,middle,7.75,,0.377,0.939,0.087,0.777,0.127,0,2
1050,9,13,2,55,23,0,0,True,middle,7.65,,0.38,0.938,0.088,0.778,0,0,0
1051,9,13,3,55,23,1,0,True,middle,7.63,,0.383,0.937,0.088,0.779,0.063,0,1
1052,9,13,4,59,23,0,0,True,middle,7.54,,0.386,0.85,0.078,0.602,0.176,0,0
1053,9,13,5,59,23,1,0,True,middle,7.52,,0.388,0.849,0.078,0.603,0.16,0,1
1054,9,13,6,55,23,0,0,True,middle,7.43,,0.391,0.934,0.088,0.783,0.133,0,0
1055,9,14,1,59,25,0,0,True,middle,7.34,,0.394,0.856,0.077,0.606,0.146,0,0
1056,9,14,2,59,25,1,0,True,middle,7.33,,0.397,0.855,0.078,0.607,0.166,0,1
1057,9,14,3,55,25,1,0,True,middle,7.31,,0.4,0.939,0.087,0.787,0.123,0,1
1058,9,14,4,59,25,1,0,True,middle,7.3,,0.402,0.853,0.078,0.609,0.113,0,1
1059,9,14,5,55,25,0,0,True,middle,7.21,,0.405,0.937,0.088,0.789,0.04,0,0
1060,9,14,6,55,25,1,0,True,middle,7.2,,0.408,0.936,0.088,0.791,0.008,0,1
1061,9,15,1,55,29,0,0,True,death,7.12,,0.411,0.83,0.116,0.792,0,0,0
1062,9,15,2,55,29,0,2,True,death,7.17,,0.414,0.829,0.116,0.793,0,0,2
1063,9,15,3,55,29,3,0,True,death,7.29,,0.417,0.827,0.116,0.795,0.045,0,3
1064,9,15,4,59,29,4,0,True,death,7.47,,0.419,0.741,0.107,0.767,0.071,0,4
1065,9,15,5,59,29,1,0,True,death,7.45,,0.422,0.74,0.107,0.618,0.061,0,1
1066,9,15,6,55,29,0,1,True,death,7.44,,0.425,0.824,0.117,0.798,0,0,1
1067,9,16,1,55,23,1,0,True,death,7.42,,0.428,0.918,0.108,0.8,0.1,0,1
1068,9,16,2,59,23,0,0,True,death,7.35,,0.431,0.831,0.098,0.623,0.186,0,0
1069,9,16,3,59,23,1,0,True,death,7.33,,0.434,0.83,0.098,0.624,0.17,0,1
1070,9,16,4,55,23,4,0,True,death,7.5,,0.436,0.915,0.108,0.953,0.131,0,4
1071,9,16,5,55,23,6,0,True,death,7.78,,0.439,0.913,0.108,0.955,0.075,0,6
1072,9,16,6,55,23,4,0,True,death,7.94,,0.442,0.912,0.108,0.956,0.023,0,4
1073,9,17,1,59,22,1,0,True,death,7.92,,0.445,0.806,0.101,0.629,0.056,0,1
1074,9,17,2,55,22,1,0,True,death,7.9,,0.448,0.891,0.11,0.809,0,0,1
1075,9,17,3,59,22,1,0,True,death,7.89,,0.451,0.804,0.101,0.632,0.056,0,1
1076,9,17,4,55,22,0,0,True,death,7.81,,0.454,0.888,0.111,0.811,0.097,0,0
1077,9,17,5,55,22,1,0,True,death,7.79,,0.456,0.887,0.111,0.812,0.08,0,1
1078,9,17,6,59,22,1,0,True,death,7.78,,0.459,0.8,0.101,0.635,0.072,0,1
1079,9,18,1,59,25,4,0,True,death,7.93,,0.462,0.828,0.099,0.786,0.175,0,4
1080,9,18,2,59,25,1,0,True,death,7.91,,0.465,0.826,0.099,0.638,0.147,0,1
1081,9,18,3,55,25,4,0,True,death,8.05,,0.468,0.911,0.109,0.968,0.03,0,4
1082,9,18,4,55,25,4,0,True,death,8.2,,0.471,0.909,0.109,0.969,0,0,4
1083,9,18,5,55,25,1,0,True,death,8.18,,0.473,0.909,0.109,0.82,0.009,1,1
1084,9,18,6,59,25,0,0,True,death,8.11,,0.502,0.811,0.1,0.654,0.15,0,0
1085,9,19,1,54,24,2,0,True,death,8.14,,0.505,0.673,0.114,0.72,0,0,2
1086,9,19,2,54,24,1,0,True,death,8.12,,0.508,0.671,0.114,0.721,0,0,1
1087,9,19,3,59,24,0,0,True,death,8.05,,0.511,0.778,0.103,0.659,0.119,0,0
1088,9,19,4,59,24,0,0,True,death,7.98,,0.514,0.777,0.104,0.66,0.051,0,0
1089,9,19,5,59,24,0,0,True,death,7.92,,0.516,0.776,0.104,0.661,0.044,0,0
1090,9,19,6,59,24,1,0,True,death,7.9,,0.519,0.775,0.104,0.662,0.126,0,1
1091,10,0,1,27,55,4,0,True,powerplay,24.0,7.82,0.227,1.407,0.044,0.788,0.575,0,4
1092,10,0,2,27,55,1,0,True,powerplay,15.0,7.83,0.226,1.407,0.044,0.637,0.433,0,1
1093,10,0,3,30,55,1,0,True,powerplay,12.0,7.85,0.229,1.475,0.052,0.717,0.576,0,1
1094,10,0,4,27,55,2,0,True,powerplay,12.0,7.81,0.233,1.404,0.045,0.641,0.506,0,2
1095,10,0,5,27,55,0,0,True,powerplay,9.6,7.88,0.234,1.404,0.045,0.641,0.563,0,0
1096,10,0,6,27,55,4,0,True,powerplay,12.0,7.74,0.239,1.402,0.045,0.793,0.548,0,4
1097,10,1,1,30,59,0,0,True,powerplay,10.29,7.81,0.238,1.49,0.05,0.721,0.577,0,0
1098,10,1,2,30,59,4,0,True,powerplay,12.0,7.66,0.243,1.488,0.05,0.874,0.483,0,4
1099,10,1,3,30,59,4,0,True,powerplay,13.33,7.51,0.242,1.488,0.05,0.873,0.589,1,4
1100,10,1,4,26,59,1,0,True,powerplay,12.6,7.53,0.266,1.273,0.037,0.513,0.509,0,1
1101,10,1,5,27,59,0,0,True,powerplay,11.45,7.6,0.269,1.408,0.044,0.657,0.545,0,0
1102,10,1,6,27,59,0,1,True,powerplay,11.0,7.61,0.274,1.406,0.045,0.659,0.468,0,1
1103,10,2,1,27,54,1,0,True,powerplay,10.62,7.63,0.277,1.414,0.044,0.66,0.452,0,1
1104,10,2,2,26,54,0,1,False,powerplay,11.08,7.57,0.281,1.276,0.006,0.519,0.544,0,1
1105,10,2,2,26,54,2,0,True,powerplay,11.14,7.53,0.279,1.277,0.037,0.518,0.477,0,2
1106,10,2,3,26,54,1,0,True,powerplay,10.8,7.54,0.281,1.276,0.037,0.519,0.584,0,1
1107,10,2,4,27,54,4,0,True,powerplay,11.62,7.38,0.284,1.411,0.044,0.814,0.537,0,4
1108,10,2,5,27,54,3,0,True,powerplay,12.0,7.28,0.282,1.412,0.044,0.663,0.535,0,3
1109,10,2,6,26,54,2,0,True,powerplay,12.0,7.24,0.282,1.275,0.037,0.52,0.47,0,2
1110,10,3,1,27,53,0,1,False,powerplay,12.33,7.18,0.284,1.411,0.006,0.664,0.49,0,1
1111,10,3,1,27,53,1,0,True,powerplay,12.0,7.19,0.282,1.412,0.044,0.663,0.577,0,1
1112,10,3,2,26,53,1,0,True,powerplay,11.7,7.2,0.285,1.274,0.037,0.521,0.547,0,1
1113,10,3,3,27,53,1,0,True,powerplay,11.43,7.21,0.288,1.41,0.044,0.665,0.46,0,1
1114,10,3,4,26,53,1,0,True,powerplay,11.18,7.22,0.291,1.272,0.037,0.524,0.526,0,1
1115,10,3,5,27,53,1,0,True,powerplay,10.96,7.24,0.295,1.407,0.045,0.668,0.538,0,1
1116,10,3,6,26,53,1,0,True,powerplay,10.75,7.25,0.298,1.269,0.038,0.527,0.521,0,1
1117,10,4,1,26,52,0,0,True,powerplay,10.32,7.33,0.301,1.277,0.037,0.528,0.446,0,0
1118,10,4,2,26,52,1,0,True,powerplay,10.15,7.34,0.306,1.275,0.037,0.531,0.543,0,1
1119,10,4,3,27,52,0,1,False,powerplay,10.38,7.28,0.309,1.41,0.006,0.675,0.477,0,1
1120,10,4,3,27,52,0,0,True,powerplay,10.0,7.35,0.308,1.411,0.044,0.674,0.461,0,0
1121,10,4,4,27,52,1,0,True,powerplay,9.86,7.37,0.312,1.409,0.045,0.676,0.525,0,1
1122,10,4,5,26,52,0,0,True,powerplay,9.52,7.45,0.316,1.271,0.038,0.535,0.552,0,0
1123,10,4,6,26,52,1,0,True,powerplay,9.4,7.47,0.321,1.268,0.038,0.537,0.562,0,1
1124,10,5,1,26,57,0,0,True,powerplay,9.1,7.55,0.324,1.439,0.022,0.539,0.571,0,0
1125,10,5,2,26,57,0,0,True,powerplay,8.81,7.64,0.33,1.436,0.022,0.541,0.634,0,0
1126,10,5,3,26,57,2,0,True,powerplay,8.91,7.59,0.335,1.434,0.022,0.544,0.669,0,2
1127,10,5,4,26,57,0,0,True,powerplay,8.65,7.67,0.336,1.434,0.022,0.544,0.639,0,0
1128,10,5,5,26,57,0,0,True,powerplay,8.4,7.76,0.341,1.431,0.022,0.546,0.552,0,0
1129,10,5,6,26,57,2,0,True,powerplay,8.5,7.71,0.347,1.429,0.023,0.549,0.587,0,2
1130,10,6,1,27,55,3,0,True,middle,8.76,7.59,0.348,1.356,0.05,0.692,0.446,0,3
1131,10,6,2,26,55,0,0,True,middle,8.53,7.68,0.348,1.219,0.043,0.549,0.565,0,0
1132,10,6,3,26,55,1,0,True,middle,8.46,7.7,0.353,1.217,0.043,0.552,0.516,0,1
1133,10,6,4,27,55,1,0,True,middle,8.4,7.72,0.357,1.352,0.05,0.696,0.502,0,1
1134,10,6,5,26,55,0,0,True,middle,8.2,7.82,0.36,1.214,0.043,0.555,0.453,0,0
1135,10,6,6,26,55,2,0,True,middle,8.29,7.77,0.366,1.211,0.043,0.558,0.579,0,2
1136,10,7,1,27,59,1,0,True,middle,8.23,7.79,0.367,1.367,0.049,0.701,0.461,0,1
1137,10,7,2,26,59,0,0,True,middle,8.05,7.89,0.37,1.229,0.042,0.559,0.461,0,0
1138,10,7,3,26,59,4,0,True,middle,8.4,7.68,0.376,1.226,0.042,0.712,0.466,0,4
1139,10,7,4,26,59,1,0,True,middle,8.35,7.7,0.373,1.228,0.042,0.561,0.44,0,1
1140,10,7,5,27,59,0,0,True,middle,8.17,7.81,0.376,1.363,0.049,0.705,0.509,0,0
1141,10,7,6,27,59,0,0,True,middle,8.0,7.92,0.382,1.361,0.05,0.708,0.52,0,0
1142,10,8,1,26,54,1,0,True,middle,7.96,7.94,0.388,1.231,0.042,0.567,0.512,0,1
1143,10,8,2,27,54,1,0,True,middle,7.92,7.97,0.392,1.366,0.049,0.712,0.603,0,1
1144,10,8,3,26,54,0,0,True,middle,7.76,8.09,0.395,1.228,0.042,0.571,0.483,0,0
1145,10,8,4,26,54,1,0,True,middle,7.73,8.12,0.402,1.225,0.042,0.574,0.555,0,1
1146,10,8,5,27,54,1,0,True,middle,7.7,8.15,0.405,1.36,0.05,0.718,0.569,0,1
1147,10,8,6,26,54,1,0,True,middle,7.67,8.18,0.409,1.222,0.043,0.577,0.589,0,1
1148,10,9,1,26,53,0,0,True,middle,7.53,8.31,0.413,1.22,0.043,0.579,0.58,0,0
1149,10,9,2,26,53,0,0,True,middle,7.39,8.44,0.419,1.218,0.043,0.581,0.593,0,0
1150,10,9,3,26,53,0,0,True,middle,7.26,8.57,0.426,1.215,0.043,0.585,0.523,0,0
1151,10,9,4,26,53,1,0,True,middle,7.24,8.61,0.432,1.212,0.044,0.587,0.466,0,1
1152,10,9,5,27,53,4,0,True,middle,7.53,8.36,0.436,1.347,0.051,0.882,0.566,1,4
1153,10,9,6,17,53,0,0,True,middle,7.4,8.5,0.458,1.377,0.061,0.813,0.441,0,0
1154,10,10,1,26,52,1,0,True,middle,7.38,8.54,0.465,1.208,0.044,0.602,0.525,0,1
1155,10,10,2,17,52,4,0,True,middle,7.65,8.28,0.469,1.382,0.06,0.968,0.58,0,4
1156,10,10,3,17,52,1,0,True,middle,7.62,8.32,0.464,1.384,0.06,0.816,0.488,0,1
1157,10,10,4,26,52,0,2,True,middle,7.69,8.25,0.468,1.207,0.044,0.603,0.478,0,2
1158,10,10,5,26,52,0,0,True,middle,7.57,8.4,0.469,1.206,0.044,0.604,0.522,0,0
1159,10,10,6,26,52,0,0,True,middle,7.45,8.56,0.476,1.203,0.045,0.607,0.507,0,0
1160,10,11,1,17,57,3,0,True,middle,7.61,8.38,0.484,1.547,0.045,0.825,0.595,0,3
1161,10,11,2,26,57,4,0,True,middle,7.85,8.08,0.481,1.373,0.029,0.759,0.62,0,4
1162,10,11,3,26,57,0,0,True,middle,7.74,8.24,0.476,1.375,0.028,0.607,0.595,0,0
1163,10,11,4,26,57,1,0,True,middle,7.71,8.28,0.483,1.372,0.029,0.61,0.536,0,1
1164,10,11,5,17,57,0,1,False,middle,7.8,8.16,0.487,1.546,0.007,0.826,0.501,0,1
1165,10,11,5,17,57,0,0,True,middle,7.69,8.33,0.483,1.548,0.045,0.824,0.503,0,0
1166,10,11,6,17,57,4,0,True,middle,7.92,8.0,0.491,1.544,0.045,0.978,0.513,0,4
1167,10,12,1,26,55,0,0,True,middle,7.81,8.17,0.485,1.161,0.049,0.611,0.542,0,0
1168,10,12,2,26,55,3,0,True,middle,7.95,7.96,0.492,1.159,0.049,0.614,0.509,0,3
1169,10,12,3,17,55,0,0,True,middle,7.84,8.13,0.489,1.336,0.065,0.827,0.536,1,0
1170,10,12,4,19,55,2,0,True,middle,7.89,8.05,0.523,1.159,0.054,0.657,0.457,0,2
1171,10,12,5,19,55,0,0,True,middle,7.79,8.23,0.523,1.159,0.054,0.657,0.448,0,0
1172,10,12,6,19,55,0,1,False,middle,7.87,8.09,0.531,1.155,0.006,0.66,0.487,0,1
1173,10,12,6,19,55,0,0,True,middle,7.77,8.29,0.527,1.157,0.055,0.659,0.511,1,0
1174,10,13,1,26,59,0,0,True,middle,7.67,8.49,0.562,1.148,0.05,0.646,0.508,0,0
1175,10,13,2,26,59,0,0,True,middle,7.57,8.7,0.57,1.145,0.051,0.649,0.58,0,0
1176,10,13,3,26,59,1,0,True,middle,7.56,8.77,0.579,1.141,0.051,0.653,0.57,0,1
1177,10,13,4,21,59,1,0,True,middle,7.54,8.84,0.584,1.037,0.06,0.62,0.443,0,1
1178,10,13,5,26,59,0,0,True,middle,7.45,9.08,0.589,1.137,0.052,0.658,0.451,1,0
1179,10,13,6,29,59,1,0,True,middle,7.43,9.17,0.625,0.57,0.099,0.703,0.066,0,1
1180,10,14,1,29,54,1,0,True,middle,7.41,9.26,0.63,0.578,0.099,0.705,0.088,0,1
1181,10,14,2,21,54,3,0,True,middle,7.53,9.0,0.635,1.025,0.061,0.643,0.446,0,3
1182,10,14,3,29,54,0,0,True,middle,7.45,9.27,0.631,0.577,0.099,0.705,0.08,0,0
1183,10,14,4,29,54,0,0,True,middle,7.36,9.56,0.641,0.573,0.099,0.71,0.065,0,0
1184,10,14,5,29,54,0,0,True,middle,7.28,9.87,0.652,0.568,0.1,0.715,0.094,0,0
1185,10,14,6,29,54,0,0,True,middle,7.2,10.2,0.664,0.563,0.1,0.72,0.1,0,0
1186,10,15,1,21,53,1,0,True,death,7.19,10.34,0.676,1.008,0.081,0.661,0.427,0,1
1187,10,15,2,29,53,3,0,True,death,7.3,10.07,0.683,0.555,0.119,0.729,0.085,0,3
1188,10,15,3,21,53,4,0,True,death,7.48,9.56,0.678,1.007,0.081,0.812,0.524,0,4
1189,10,15,4,21,53,1,0,True,death,7.47,9.69,0.667,1.012,0.081,0.657,0.488,0,1
1190,10,15,5,29,53,1,0,True,death,7.45,9.84,0.673,0.56,0.119,0.724,0.084,0,1
1191,10,15,6,21,53,2,0,True,death,7.5,9.75,0.68,1.006,0.081,0.663,0.418,0,2
1192,10,16,1,29,59,2,0,True,death,7.55,9.65,0.681,0.547,0.12,0.728,0.057,0,2
1193,10,16,2,29,59,1,0,True,death,7.53,9.82,0.681,0.547,0.12,0.728,0.094,0,1
1194,10,16,3,21,59,1,0,True,death,7.52,10.0,0.688,0.993,0.083,0.667,0.442,0,1
1195,10,16,4,29,59,6,0,True,death,7.8,8.7,0.696,0.54,0.121,0.885,0.035,0,6
1196,10,16,5,29,59,0,0,True,death,7.72,9.16,0.662,0.555,0.119,0.719,0.1,0,0
1197,10,16,6,29,59,0,0,True,death,7.65,9.67,0.678,0.548,0.12,0.727,0,0,0
1198,10,17,1,21,57,2,0,True,death,7.69,9.53,0.695,1.181,0.065,0.67,0.514,0,2
1199,10,17,2,21,57,4,0,True,death,7.85,8.62,0.694,1.181,0.065,0.819,0.584,0,4
1200,10,17,3,21,57,4,1,False,death,8.13,6.75,0.671,1.191,0.01,0.809,0.555,0,5
1201,10,17,3,21,57,0,0,True,death,8.06,7.2,0.618,1.213,0.061,0.635,0.518,0,0
1202,10,17,4,21,57,6,0,True,death,8.32,5.14,0.633,1.207,0.062,0.792,0.593,0,6
1203,10,17,5,21,57,1,0,True,death,8.3,5.08,0.577,1.231,0.059,0.617,0.544,0,1
1204,10,17,6,29,57,1,0,True,death,8.28,5.0,0.578,0.78,0.097,0.682,0.1,1,1
1205,10,18,1,22,57,1,0,True,death,8.26,4.91,0.605,0.492,0.117,0.672,0,0,1
1206,10,18,2,21,57,0,0,True,death,8.18,5.4,0.605,1.219,0.061,0.629,0.563,0,0
1207,10,18,3,21,57,1,0,True,death,8.16,5.33,0.622,1.212,0.062,0.637,0.582,0,1
1208,10,18,4,22,57,1,0,True,death,8.14,5.25,0.623,0.484,0.118,0.68,0,0,1
1209,10,18,5,21,57,2,0,True,death,8.18,4.29,0.623,1.211,0.062,0.637,0.535,0,2
1210,10,18,6,21,57,0,0,True,death,8.11,5.0,0.599,1.221,0.06,0.627,0.516,0,0
1211,10,19,1,22,52,4,1,False,death,8.37,0.0,0.622,0.313,0.02,0.83,0,0,5
1212,11,0,1,60,44,1,0,True,powerplay,6.0,,0.0,1.359,0.034,0.421,0.416,0,1
1213,11,0,2,46,44,1,0,True,powerplay,6.0,,0.003,1.36,0.034,0.466,0.466,0,1
1214,11,0,3,60,44,0,0,True,powerplay,4.0,,0.006,1.357,0.034,0.424,0.531,0,0
1215,11,0,4,60,44,0,0,True,powerplay,3.0,,0.009,1.356,0.034,0.425,0.522,0,0
1216,11,0,5,60,44,4,0,True,powerplay,7.2,,0.011,1.355,0.034,0.576,0.469,0,4
1217,11,0,6,60,44,1,0,True,powerplay,7.0,,0.014,1.353,0.035,0.428,0.541,0,1
1218,11,1,1,60,38,0,0,True,powerplay,6.0,,0.017,1.371,0.033,0.429,0.416,0,0
1219,11,1,2,60,38,0,0,True,powerplay,5.25,,0.02,1.37,0.033,0.43,0.498,0,0
1220,11,1,3,60,38,2,0,True,powerplay,6.0,,0.023,1.369,0.033,0.432,0.492,0,2
1221,11,1,4,60,38,0,1,True,powerplay,6.0,,0.026,1.367,0.033,0.433,0.449,0,1
1222,11,1,5,46,38,4,0,True,powerplay,7.64,,0.028,1.369,0.034,0.627,0.402,0,4
1223,11,1,6,46,38,0,0,True,powerplay,7.0,,0.031,1.368,0.034,0.478,0.486,0,0
1224,11,2,1,60,40,2,0,True,powerplay,7.38,,0.034,1.488,0.022,0.437,0.584,0,2
1225,11,2,2,60,40,0,0,True,powerplay,6.86,,0.037,1.487,0.022,0.438,0.485,0,0
1226,11,2,3,60,40,1,0,True,powerplay,6.8,,0.04,1.485,0.022,0.439,0.514,0,1
1227,11,2,4,46,40,0,0,True,powerplay,6.38,,0.043,1.486,0.023,0.484,0.463,0,0
1228,11,2,5,46,40,1,0,True,powerplay,6.35,,0.045,1.486,0.023,0.485,0.474,0,1
1229,11,2,6,60,40,1,0,True,powerplay,6.33,,0.048,1.482,0.022,0.443,0.542,0,1
1230,11,3,1,60,37,4,0,True,powerplay,7.26,,0.051,1.528,0.018,0.594,0.495,0,4
1231,11,3,2,60,37,4,0,True,powerplay,8.1,,0.054,1.527,0.018,0.596,0.562,0,4
1232,11,3,3,60,37,2,0,True,powerplay,8.29,,0.057,1.526,0.018,0.447,0.636,0,2
1233,11,3,4,60,37,1,0,True,powerplay,8.18,,0.059,1.525,0.018,0.448,0.592,0,1
1234,11,3,5,46,37,3,0,True,powerplay,8.61,,0.062,1.526,0.019,0.492,0.541,0,3
1235,11,3,6,60,37,2,0,True,powerplay,8.75,,0.065,1.523,0.019,0.451,0.493,0,2
1236,11,4,1,46,39,1,0,True,powerplay,8.64,,0.068,1.543,0.017,0.495,0.535,0,1
1237,11,4,2,60,39,0,0,True,powerplay,8.31,,0.071,1.539,0.017,0.453,0.621,0,0
1238,11,4,3,60,39,1,0,True,powerplay,8.22,,0.074,1.538,0.017,0.455,0.614,0,1
1239,11,4,4,46,39,2,0,True,powerplay,8.36,,0.077,1.539,0.018,0.499,0.534,0,2
1240,11,4,5,46,39,0,0,True,powerplay,8.07,,0.079,1.538,0.018,0.5,0.549,0,0
1241,11,4,6,46,39,0,0,True,powerplay,7.8,,0.082,1.537,0.018,0.501,0.621,0,0
1242,11,5,1,60,42,1,0,True,powerplay,7.74,,0.085,1.581,0.013,0.46,0.642,0,1
1243,11,5,2,46,42,0,1,True,powerplay,7.69,,0.088,1.582,0.014,0.504,0.632,0,1
1244,11,5,3,60,42,1,0,True,powerplay,7.64,,0.091,1.578,0.013,0.462,0.608,0,1
1245,11,5,4,46,42,4,0,True,powerplay,8.12,,0.094,1.579,0.014,0.657,0.55,0,4
1246,11,5,5,46,42,2,0,True,powerplay,8.23,,0.096,1.578,0.014,0.507,0.54,0,2
1247,11,5,6,46,42,2,0,True,powerplay,8.33,,0.099,1.577,0.014,0.509,0.632,0,2
1248,11,6,1,60,44,1,0,True,middle,8.27,,0.102,1.317,0.039,0.467,0.481,0,1
1249,11,6,2,46,44,2,0,True,middle,8.37,,0.105,1.317,0.039,0.512,0.527,0,2
1250,11,6,3,46,44,0,0,True,middle,8.15,,0.108,1.316,0.039,0.513,0.463,0,0
1251,11,6,4,46,44,2,0,True,middle,8.25,,0.111,1.315,0.039,0.514,0.395,0,2
1252,11,6,5,46,44,1,0,True,middle,8.2,,0.113,1.314,0.039,0.515,0.448,0,1
1253,11,6,6,60,44,1,0,True,middle,8.14,,0.116,1.311,0.039,0.474,0.463,0,1
1254,11,7,1,60,38,0,0,True,middle,7.95,,0.119,1.328,0.037,0.475,0.474,0,0
1255,11,7,2,60,38,1,0,True,middle,7.91,,0.122,1.327,0.038,0.476,0.521,0,1
1256,11,7,3,46,38,0,0,True,middle,7.73,,0.125,1.328,0.038,0.521,0.464,0,0
1257,11,7,4,46,38,1,0,True,middle,7.7,,0.128,1.327,0.038,0.522,0.405,0,1
1258,11,7,5,60,38,1,0,True,middle,7.66,,0.13,1.324,0.038,0.48,0.565,0,1
1259,11,7,6,46,38,3,0,True,middle,7.88,,0.133,1.325,0.038,0.524,0.532,0,3
1260,11,8,1,46,40,0,0,True,middle,7.71,,0.136,1.447,0.027,0.525,0.554,0,0
1261,11,8,2,46,40,1,0,True,middle,7.68,,0.139,1.446,0.027,0.527,0.586,0,1
1262,11,8,3,60,40,1,0,True,middle,7.65,,0.142,1.443,0.027,0.485,0.57,0,1
1263,11,8,4,46,40,1,0,True,middle,7.62,,0.145,1.444,0.027,0.53,0.462,0,1
1264,11,8,5,60,40,2,0,True,middle,7.7,,0.147,1.44,0.027,0.488,0.556,0,2
1265,11,8,6,60,40,0,0,True,middle,7.56,,0.15,1.439,0.027,0.489,0.599,0,0
1266,11,9,1,46,37,0,2,True,middle,7.64,,0.153,1.488,0.023,0.533,0.56,0,2
1267,11,9,2,46,37,4,0,True,middle,7.93,,0.156,1.487,0.023,0.684,0.572,0,4
1268,11,9,3,46,37,1,0,True,middle,7.89,,0.159,1.485,0.023,0.536,0.51,0,1
1269,11,9,4,60,37,6,0,True,middle,8.38,,0.162,1.482,0.023,0.644,0.505,0,6
1270,11,9,5,60,37,1,0,True,middle,8.34,,0.164,1.481,0.023,0.495,0.638,0,1
1271,11,9,6,46,37,1,0,True,middle,8.3,,0.167,1.482,0.024,0.539,0.585,0,1
1272,11,10,1,46,39,6,0,True,middle,8.75,,0.17,1.5,0.022,0.691,0.467,0,6
1273,11,10,2,46,39,0,1,False,middle,8.85,,0.173,1.498,0.006,0.542,0.51,0,1
1274,11,10,2,46,39,0,0,True,middle,8.71,,0.173,1.498,0.022,0.542,0.472,0,0
1275,11,10,3,46,39,0,0,True,middle,8.57,,0.176,1.497,0.022,0.543,0.467,0,0
1276,11,10,4,46,39,1,0,True,middle,8.53,,0.179,1.496,0.022,0.545,0.579,0,1
1277,11,10,5,60,39,2,0,True,middle,8.58,,0.181,1.493,0.022,0.503,0.54,0,2
1278,11,10,6,60,39,1,0,True,middle,8.55,,0.184,1.492,0.022,0.504,0.646,0,1
1279,11,11,1,60,42,1,0,True,middle,8.51,,0.187,1.538,0.018,0.506,0.523,0,1
1280,11,11,2,46,42,0,2,True,middle,8.56,,0.19,1.539,0.018,0.55,0.517,0,2
1281,11,11,3,46,42,6,0,True,middle,8.96,,0.193,1.538,0.018,0.701,0.534,0,6
1282,11,11,4,46,42,1,0,True,middle,8.91,,0.196,1.536,0.019,0.552,0.583,0,1
1283,11,11,5,60,42,4,0,True,middle,9.13,,0.198,1.533,0.018,0.661,0.562,0,4
1284,11,11,6,60,42,1,0,True,middle,9.08,,0.201,1.532,0.018,0.512,0.631,0,1
1285,11,12,1,60,44,0,0,True,middle,8.96,,0.204,1.274,0.043,0.513,0.444,0,0
1286,11,12,2,60,44,0,0,True,middle,8.84,,0.207,1.272,0.043,0.515,0.479,0,0
1287,11,12,3,60,44,0,0,True,middle,8.72,,0.21,1.271,0.043,0.516,0.455,0,0
1288,11,12,4,60,44,2,0,True,middle,8.76,,0.213,1.27,0.044,0.517,0.56,0,2
1289,11,12,5,60,44,2,0,True,middle,8.81,,0.215,1.269,0.044,0.518,0.436,0,2
1290,11,12,6,60,44,1,0,True,middle,8.77,,0.218,1.268,0.044,0.52,0.462,0,1
1291,11,13,1,60,38,2,0,True,middle,8.81,,0.221,1.286,0.042,0.521,0.421,0,2
1292,11,13,2,60,38,0,0,True,middle,8.7,,0.224,1.284,0.042,0.522,0.514,0,0
1293,11,13,3,60,38,4,0,True,middle,8.89,,0.227,1.283,0.042,0.674,0.448,0,4
1294,11,13,4,60,38,0,0,True,middle,8.78,,0.23,1.282,0.042,0.525,0.479,0,0
1295,11,13,5,60,38,1,0,True,middle,8.75,,0.232,1.281,0.043,0.526,0.473,1,1
1296,11,13,6,46,38,0,0,True,middle,8.64,,0.261,1.271,0.044,0.582,0.414,0,0
1297,11,14,1,56,40,1,0,True,middle,8.61,,0.264,1.5,0.044,0.705,0.487,0,1
1298,11,14,2,46,40,2,0,True,middle,8.65,,0.267,1.392,0.033,0.584,0.554,0,2
1299,11,14,3,46,40,1,0,True,middle,8.62,,0.27,1.391,0.033,0.586,0.495,0,1
1300,11,14,4,56,40,0,2,True,middle,8.66,,0.273,1.496,0.044,0.709,0.437,0,2
1301,11,14,5,56,40,0,2,True,middle,8.7,,0.275,1.495,0.044,0.709,0.487,0,2
1302,11,14,6,56,40,1,0,True,middle,8.67,,0.278,1.494,0.044,0.711,0.467,0,1
1303,11,15,1,56,37,1,0,True,death,8.64,,0.281,1.54,0.058,0.712,0.507,0,1
1304,11,15,2,46,37,1,0,True,death,8.61,,0.284,1.433,0.047,0.592,0.585,0,1
1305,11,15,3,56,37,2,0,True,death,8.65,,0.287,1.538,0.058,0.715,0.467,0,2
1306,11,15,4,56,37,4,0,True,death,8.81,,0.29,1.536,0.058,0.866,0.468,1,4
1307,11,15,5,58,37,0,1,True,death,8.78,,0.318,1.339,0.056,0.557,0.493,0,1
1308,11,15,6,46,37,4,0,True,death,8.94,,0.321,1.417,0.049,0.759,0.483,0,4
1309,11,16,1,58,37,0,0,True,death,8.85,,0.324,1.337,0.057,0.56,0.573,0,0
1310,11,16,2,58,37,0,0,True,death,8.76,,0.327,1.336,0.057,0.561,0.518,0,0
1311,11,16,3,58,37,1,0,True,death,8.73,,0.33,1.334,0.057,0.563,0.466,0,1
1312,11,16,4,46,37,0,0,True,death,8.64,,0.333,1.412,0.049,0.614,0.5,0,0
1313,11,16,5,46,37,4,0,True,death,8.79,,0.335,1.411,0.049,0.765,0.48,0,4
1314,11,16,6,46,37,0,0,True,death,8.71,,0.338,1.41,0.049,0.616,0.523,0,0
1315,11,17,1,58,38,1,0,True,death,8.68,,0.341,1.158,0.074,0.568,0.43,0,1
1316,11,17,2,46,38,4,0,True,death,8.83,,0.344,1.236,0.066,0.769,0.435,0,4
1317,11,17,3,46,38,0,0,True,death,8.74,,0.347,1.235,0.066,0.62,0.412,0,0
1318,11,17,4,46,38,1,0,True,death,8.72,,0.35,1.234,0.066,0.622,0.532,0,1
1319,11,17,5,58,38,4,0,True,death,8.86,,0.352,1.154,0.074,0.723,0.377,0,4
1320,11,17,6,58,38,0,1,False,death,8.92,,0.355,1.152,0.007,0.574,0.485,0,1
1321,11,17,6,58,38,1,0,True,death,8.89,,0.355,1.152,0.074,0.574,0.401,0,1
1322,11,18,1,58,39,1,0,True,death,8.86,,0.358,1.342,0.056,0.575,0.474,0,1
1323,11,18,2,46,39,2,0,True,death,8.89,,0.361,1.419,0.049,0.627,0.502,0,2
1324,11,18,3,46,39,0,0,True,death,8.81,,0.364,1.418,0.049,0.628,0.588,0,0
1325,11,18,4,46,39,0,0,True,death,8.73,,0.367,1.417,0.049,0.629,0.555,0,0
1326,11,18,5,46,39,0,0,True,death,8.65,,0.369,1.416,0.049,0.63,0.612,1,0
1327,11,18,6,57,39,1,0,True,death,8.63,,0.398,1.489,0.059,0.808,0.472,0,1
1328,11,19,1,57,39,1,0,True,death,8.61,,0.401,1.488,0.059,0.809,0.518,0,1
1329,11,19,2,58,39,1,0,True,death,8.59,,0.404,1.322,0.058,0.596,0.467,0,1
1330,11,19,3,57,39,1,0,True,death,8.56,,0.407,1.485,0.06,0.812,0.423,0,1
1331,11,19,4,58,39,6,0,True,death,8.8,,0.41,1.32,0.059,0.749,0.554,0,6
1332,11,19,5,58,39,0,0,True,death,8.72,,0.412,1.319,0.059,0.6,0.464,0,0
1333,11,19,6,58,39,0,0,True,death,8.65,,0.415,1.318,0.059,0.601,0.488,0,0
1334,12,0,1,36,55,4,0,True,powerplay,24.0,8.57,0.249,1.248,0.038,0.641,0.557,0,4
1335,12,0,2,36,55,1,0,True,powerplay,15.0,8.59,0.248,1.249,0.038,0.49,0.528,0,1
1336,12,0,3,31,55,4,0,True,powerplay,18.0,8.46,0.251,1.411,0.046,0.856,0.474,0,4
1337,12,0,4,31,55,1,0,True,powerplay,15.0,8.48,0.25,1.412,0.046,0.705,0.529,0,1
1338,12,0,5,36,55,1,0,True,powerplay,13.2,8.5,0.254,1.246,0.038,0.493,0.454,0,1
1339,12,0,6,31,55,2,0,True,powerplay,13.0,8.47,0.257,1.409,0.046,0.709,0.488,0,2
1340,12,1,1,36,59,4,0,True,powerplay,14.57,8.34,0.259,1.263,0.037,0.645,0.575,1,4
1341,12,1,2,41,59,4,0,True,powerplay,15.75,8.2,0.284,1.273,0.045,0.721,0.467,0,4
1342,12,1,3,41,59,1,0,True,powerplay,14.67,8.22,0.283,1.274,0.045,0.57,0.523,0,1
1343,12,1,4,31,59,1,0,True,powerplay,13.8,8.24,0.286,1.416,0.046,0.722,0.481,0,1
1344,12,1,5,41,59,0,0,True,powerplay,12.55,8.31,0.29,1.271,0.045,0.573,0.505,0,0
1345,12,1,6,41,59,0,0,True,powerplay,11.5,8.39,0.295,1.269,0.045,0.576,0.518,0,0
1346,12,2,1,31,54,0,0,True,powerplay,10.62,8.47,0.3,1.419,0.046,0.728,0.477,0,0
1347,12,2,2,31,54,6,0,True,powerplay,12.43,8.21,0.305,1.417,0.046,0.88,0.564,0,6
1348,12,2,3,31,54,0,0,True,powerplay,11.6,8.29,0.3,1.419,0.046,0.728,0.466,0,0
1349,12,2,4,31,54,4,0,True,powerplay,12.38,8.13,0.305,1.417,0.046,0.88,0.477,0,4
1350,12,2,5,31,54,6,0,True,powerplay,13.76,7.86,0.304,1.418,0.046,0.88,0.505,0,6
1351,12,2,6,31,54,0,0,True,powerplay,13.0,7.94,0.299,1.42,0.046,0.727,0.429,0,0
1352,12,3,1,41,53,0,0,True,powerplay,12.32,8.02,0.304,1.275,0.045,0.58,0.452,0,0
1353,12,3,2,41,53,2,0,True,powerplay,12.3,7.98,0.309,1.272,0.045,0.582,0.511,0,2
1354,12,3,3,41,53,0,0,True,powerplay,11.71,8.06,0.311,1.272,0.045,0.583,0.55,0,0
1355,12,3,4,41,53,4,0,True,powerplay,12.27,7.9,0.316,1.269,0.045,0.735,0.488,0,4
1356,12,3,5,41,53,4,0,True,powerplay,12.78,7.73,0.314,1.27,0.045,0.734,0.47,0,4
1357,12,3,6,41,53,0,0,True,powerplay,12.25,7.81,0.312,1.271,0.045,0.583,0.515,0,0
1358,12,4,1,31,52,4,0,True,powerplay,12.72,7.64,0.317,1.422,0.046,0.886,0.504,0,4
1359,12,4,2,31,52,0,1,False,powerplay,12.96,7.58,0.315,1.422,0.006,0.735,0.476,0,1
1360,12,4,2,31,52,1,0,True,powerplay,12.69,7.6,0.313,1.423,0.045,0.734,0.421,0,1
1361,12,4,3,41,52,0,0,True,powerplay,12.22,7.68,0.317,1.279,0.044,0.586,0.473,0,0
1362,12,4,4,41,52,1,0,True,powerplay,12.0,7.7,0.322,1.276,0.044,0.588,0.563,0,1
1363,12,4,5,31,52,4,0,True,powerplay,12.41,7.52,0.325,1.418,0.046,0.889,0.427,0,4
1364,12,4,6,31,52,1,0,True,powerplay,12.2,7.53,0.323,1.419,0.046,0.738,0.482,0,1
1365,12,5,1,31,57,1,0,True,powerplay,12.0,7.55,0.326,1.589,0.03,0.74,0.62,0,1
1366,12,5,2,41,57,0,0,True,powerplay,11.62,7.64,0.33,1.445,0.028,0.591,0.521,0,0
1367,12,5,3,41,57,1,0,True,powerplay,11.45,7.66,0.335,1.442,0.029,0.594,0.605,0,1
1368,12,5,4,31,57,0,0,True,powerplay,11.12,7.74,0.338,1.584,0.03,0.745,0.594,0,0
1369,12,5,5,31,57,4,0,True,powerplay,11.49,7.55,0.343,1.582,0.03,0.897,0.641,0,4
1370,12,5,6,31,57,1,0,True,powerplay,11.33,7.57,0.341,1.583,0.03,0.746,0.5,0,1
1371,12,6,1,31,55,1,0,True,middle,11.19,7.59,0.344,1.372,0.05,0.748,0.467,0,1
1372,12,6,2,41,55,1,0,True,middle,11.05,7.61,0.348,1.227,0.049,0.599,0.426,0,1
1373,12,6,3,31,55,0,0,True,middle,10.77,7.7,0.351,1.369,0.051,0.751,0.461,0,0
1374,12,6,4,31,55,1,0,True,middle,10.65,7.72,0.357,1.367,0.051,0.754,0.485,0,1
1375,12,6,5,41,55,0,0,True,middle,10.39,7.82,0.36,1.222,0.05,0.605,0.538,0,0
1376,12,6,6,41,55,1,0,True,middle,10.29,7.85,0.366,1.22,0.05,0.608,0.442,0,1
1377,12,7,1,41,59,0,0,True,middle,10.05,7.95,0.369,1.238,0.048,0.609,0.491,0,0
1378,12,7,2,41,59,4,0,True,middle,10.36,7.74,0.375,1.235,0.049,0.762,0.529,0,4
1379,12,7,3,41,59,4,0,True,middle,10.67,7.52,0.372,1.236,0.049,0.76,0.54,0,4
1380,12,7,4,41,59,1,0,True,middle,10.57,7.54,0.368,1.238,0.048,0.608,0.551,0,1
1381,12,7,5,31,59,2,0,True,middle,10.6,7.48,0.372,1.379,0.05,0.76,0.497,1,2
1382,12,7,6,32,59,0,0,True,middle,10.38,7.58,0.399,1.364,0.057,0.808,0.472,0,0
1383,12,8,1,41,54,2,0,True,middle,10.41,7.52,0.405,1.232,0.049,0.625,0.418,0,2
1384,12,8,2,41,54,0,1,False,middle,10.53,7.44,0.406,1.232,0.006,0.626,0.424,0,1
1385,12,8,2,41,54,0,0,True,middle,10.32,7.54,0.403,1.233,0.049,0.624,0.557,0,0
1386,12,8,3,41,54,1,0,True,middle,10.24,7.57,0.409,1.23,0.049,0.627,0.511,0,1
1387,12,8,4,32,54,0,0,True,middle,10.04,7.68,0.413,1.368,0.056,0.814,0.481,0,0
1388,12,8,5,32,54,1,0,True,middle,9.96,7.7,0.419,1.365,0.057,0.817,0.389,1,1
1389,12,8,6,41,54,0,0,True,middle,9.78,7.82,0.448,1.214,0.051,0.644,0.547,0,0
1390,12,9,1,33,53,0,0,True,middle,9.6,7.94,0.454,1.065,0.052,0.547,0.407,0,0
1391,12,9,2,33,53,1,0,True,middle,9.54,7.97,0.461,1.062,0.052,0.55,0.367,0,1
1392,12,9,3,41,53,0,0,True,middle,9.37,8.1,0.464,1.207,0.052,0.652,0.539,0,0
1393,12,9,4,41,53,3,0,True,middle,9.52,7.94,0.471,1.204,0.052,0.655,0.553,0,3
1394,12,9,5,33,53,1,0,True,middle,9.46,7.97,0.469,1.059,0.053,0.554,0.499,0,1
1395,12,9,6,41,53,1,0,True,middle,9.4,8.0,0.473,1.204,0.052,0.656,0.562,0,1
1396,12,10,1,41,52,1,0,True,middle,9.34,8.03,0.477,1.211,0.051,0.658,0.539,0,1
1397,12,10,2,33,52,0,0,True,middle,9.19,8.17,0.48,1.064,0.052,0.559,0.376,0,0
1398,12,10,3,33,52,0,0,True,middle,9.05,8.32,0.487,1.061,0.052,0.562,0.414,0,0
1399,12,10,4,33,52,0,0,True,middle,8.91,8.46,0.494,1.058,0.053,0.565,0.414,0,0
1400,12,10,5,33,52,1,0,True,middle,8.86,8.51,0.501,1.055,0.053,0.568,0.445,0,1
1401,12,10,6,41,52,0,0,True,middle,8.73,8.67,0.505,1.2,0.053,0.67,0.501,0,0
1402,12,11,1,33,57,0,2,True,middle,8.78,8.6,0.513,1.221,0.037,0.574,0.561,0,2
1403,12,11,2,33,57,1,0,True,middle,8.74,8.65,0.514,1.221,0.037,0.574,0.462,0,1
1404,12,11,3,41,57,0,0,True,middle,8.61,8.82,0.518,1.366,0.037,0.676,0.549,0,0
1405,12,11,4,41,57,0,1,True,middle,8.57,8.88,0.526,1.362,0.037,0.68,0.496,0,1
1406,12,11,5,33,57,0,0,True,middle,8.45,9.06,0.53,1.214,0.038,0.581,0.557,0,0
1407,12,11,6,33,57,0,0,True,middle,8.33,9.25,0.538,1.211,0.038,0.585,0.587,0,0
1408,12,12,1,41,55,1,0,True,middle,8.3,9.32,0.546,1.144,0.058,0.689,0.438,0,1
1409,12,12,2,33,55,1,0,True,middle,8.27,9.39,0.551,0.996,0.059,0.591,0.478,0,1
1410,12,12,3,41,55,0,0,True,middle,8.16,9.6,0.556,1.14,0.059,0.693,0.422,0,0
1411,12,12,4,41,55,0,0,True,middle,8.05,9.82,0.565,1.136,0.059,0.697,0.482,0,0
1412,12,12,5,41,55,0,0,True,middle,7.95,10.05,0.574,1.133,0.059,0.701,0.451,0,0
1413,12,12,6,41,55,2,0,True,middle,8.0,10.0,0.583,1.129,0.06,0.705,0.419,0,2
1414,12,13,1,33,59,0,0,True,middle,7.9,10.24,0.585,1.001,0.059,0.606,0.498,0,0
1415,12,13,2,33,59,0,0,True,middle,7.8,10.5,0.594,0.997,0.059,0.61,0.424,1,0
1416,12,13,3,42,59,1,0,True,middle,7.78,10.62,0.631,1.138,0.066,0.805,0.352,0,1
1417,12,13,4,41,59,0,0,True,middle,7.68,10.89,0.637,1.125,0.06,0.73,0.439,0,0
1418,12,13,5,41,59,2,0,True,middle,7.73,10.86,0.647,1.121,0.061,0.734,0.468,0,2
1419,12,13,6,41,59,0,1,True,middle,7.71,11.0,0.649,1.12,0.061,0.735,0.414,0,1
1420,12,14,1,41,54,0,0,True,middle,7.62,11.31,0.656,1.127,0.06,0.738,0.426,1,0
1421,12,14,2,44,54,1,0,True,middle,7.6,11.47,0.694,0.386,0.13,0.855,0,0,1
1422,12,14,3,42,54,0,0,True,middle,7.52,11.82,0.701,1.118,0.068,0.837,0.412,0,0
1423,12,14,4,42,54,0,0,True,middle,7.43,12.19,0.714,1.112,0.069,0.843,0.451,0,0
1424,12,14,5,42,54,1,0,True,middle,7.42,12.39,0.728,1.106,0.069,0.849,0.462,0,1
1425,12,14,6,44,54,1,0,True,middle,7.4,12.6,0.736,0.369,0.132,0.874,0,0,1
1426,12,15,1,44,53,1,0,True,death,7.38,12.83,0.745,0.365,0.151,0.878,0,0,1
1427,12,15,2,42,53,0,1,False,death,7.45,12.62,0.754,1.095,0.009,0.861,0.399,0,1
1428,12,15,2,42,53,0,0,True,death,7.37,13.07,0.748,1.098,0.088,0.858,0.468,0,0
1429,12,15,3,42,53,1,0,True,death,7.35,13.33,0.764,1.091,0.089,0.865,0.377,1,1
1430,12,15,4,44,53,0,1,True,death,7.34,13.62,0.8,0.342,0.153,0.903,0,0,1
1431,12,15,5,38,53,0,0,True,death,7.26,14.16,0.811,0.481,0.145,0.951,0,0,0
1432,12,15,6,38,53,6,0,True,death,7.56,13.25,0.825,0.475,0.146,1,0,0,6
1433,12,16,1,44,59,1,0,True,death,7.55,13.57,0.807,0.329,0.154,0.906,0,0,1
1434,12,16,2,38,59,0,1,False,death,7.61,13.3,0.819,0.468,0.015,0.954,0,0,1
1435,12,16,2,38,59,1,0,True,death,7.59,13.64,0.811,0.471,0.146,0.951,0,0,1
1436,12,16,3,44,59,1,0,True,death,7.58,14.0,0.823,0.323,0.155,0.913,0,0,1
1437,12,16,4,38,59,0,0,True,death,7.5,14.7,0.837,0.46,0.147,0.962,0,0,0
1438,12,16,5,38,59,1,0,True,death,7.49,15.16,0.839,0.459,0.147,0.963,0,0,1
1439,12,16,6,44,59,2,0,True,death,7.53,15.33,0.842,0.315,0.156,0.922,0,0,2
1440,12,17,1,38,57,4,0,True,death,7.69,14.82,0.845,0.647,0.129,1,0,0,4
1441,12,17,2,38,57,1,0,True,death,7.67,15.38,0.848,0.646,0.13,0.967,0,0,1
1442,12,17,3,44,57,1,0,True,death,7.66,16.0,0.851,0.501,0.138,0.926,0,1,1
1443,12,17,4,38,57,1,0,True,death,7.64,16.71,0.88,0.633,0.131,0.982,0.038,1,1
1444,12,17,5,40,57,1,0,True,death,7.63,17.54,0.908,0.719,0.104,0.837,0.234,0,1
1445,12,17,6,37,57,6,0,True,death,7.89,16.0,0.911,0.823,0.12,1,0.127,0,6
1446,12,18,1,40,57,0,0,True,death,7.82,17.45,0.914,0.716,0.104,0.84,0.111,0,0
1447,12,18,2,40,57,1,0,True,death,7.8,18.6,0.917,0.715,0.105,0.841,0.23,0,1
1448,12,18,3,37,57,0,0,True,death,7.73,20.67,0.92,0.819,0.12,1,0.155,0,0
1449,12,18,4,37,57,0,0,True,death,7.66,23.25,0.923,0.818,0.121,1,0.05,0,0
1450,12,18,5,37,57,3,0,True,death,7.75,24.0,0.925,0.817,0.121,1,0.169,1,3
1451,12,18,6,40,57,0,0,True,death,7.68,28.0,0.954,0.699,0.106,0.858,0.108,0,0
1452,12,19,1,39,52,0,0,True,death,7.62,33.6,0.957,0.577,0.13,0.931,0.059,1,0
1453,13,0,1,27,7,0,0,True,powerplay,0.0,,0.0,1.483,0.036,0.536,0.514,0,0
1454,13,0,2,27,7,1,0,True,powerplay,3.0,,0.003,1.482,0.036,0.537,0.425,0,1
1455,13,0,3,30,7,2,0,True,powerplay,6.0,,0.006,1.549,0.043,0.617,0.548,0,2
1456,13,0,4,30,7,6,0,True,powerplay,13.5,,0.009,1.548,0.044,0.768,0.561,0,6
1457,13,0,5,30,7,0,1,False,powerplay,15.0,,0.011,1.547,0.006,0.619,0.492,0,1
1458,13,0,5,30,7,2,0,True,powerplay,14.4,,0.011,1.547,0.044,0.619,0.492,0,2
1459,13,0,6,30,7,3,0,True,powerplay,15.0,,0.014,1.546,0.044,0.621,0.57,0,3
1460,13,1,1,30,9,0,0,True,powerplay,12.86,,0.017,1.583,0.04,0.622,0.453,0,0
1461,13,1,2,30,9,4,0,True,powerplay,14.25,,0.02,1.581,0.04,0.773,0.526,0,4
1462,13,1,3,30,9,2,0,True,powerplay,14.0,,0.023,1.58,0.041,0.625,0.444,0,2
1463,13,1,4,30,9,6,0,True,powerplay,16.2,,0.026,1.579,0.041,0.776,0.573,0,6
1464,13,1,5,30,9,4,0,True,powerplay,16.91,,0.028,1.578,0.041,0.777,0.456,1,4
1465,13,1,6,26,9,0,0,True,powerplay,15.5,,0.057,1.36,0.028,0.419,0.457,0,0
1466,13,2,1,27,14,1,0,True,powerplay,14.77,,0.06,1.496,0.035,0.563,0.55,0,1
1467,13,2,2,26,14,2,0,True,powerplay,14.57,,0.063,1.358,0.028,0.421,0.478,0,2
1468,13,2,3,26,14,0,0,True,powerplay,13.6,,0.066,1.357,0.028,0.423,0.582,1,0
1469,13,2,4,17,14,2,0,True,powerplay,13.5,,0.095,1.52,0.045,0.65,0.555,0,2
1470,13,2,5,17,14,1,0,True,powerplay,13.06,,0.097,1.519,0.045,0.651,0.517,0,1
1471,13,2,6,27,14,0,0,True,powerplay,12.33,,0.1,1.479,0.037,0.581,0.552,0,0
1472,13,3,1,17,8,4,0,True,powerplay,12.95,,0.103,1.574,0.04,0.803,0.542,0,4
1473,13,3,2,17,8,1,0,True,powerplay,12.6,,0.106,1.573,0.04,0.655,0.523,0,1
1474,13,3,3,27,8,2,0,True,powerplay,12.57,,0.109,1.532,0.032,0.585,0.485,0,2
1475,13,3,4,27,8,0,0,True,powerplay,12.0,,0.112,1.531,0.032,0.586,0.55,1,0
1476,13,3,5,19,8,0,0,True,powerplay,11.48,,0.14,1.396,0.03,0.484,0.541,1,0
1477,13,3,6,21,8,0,0,True,powerplay,11.0,,0.169,1.269,0.036,0.433,0.461,0,0
1478,13,4,1,17,10,4,0,True,powerplay,11.52,,0.172,1.554,0.042,0.835,0.45,0,4
1479,13,4,2,17,10,4,0,True,powerplay,12.0,,0.175,1.553,0.043,0.836,0.456,0,4
1480,13,4,3,17,10,0,1,False,powerplay,12.23,,0.178,1.552,0.006,0.687,0.569,0,1
1481,13,4,3,17,10,1,1,False,powerplay,12.69,,0.178,1.552,0.006,0.687,0.546,0,2
1482,13,4,3,21,10,1,0,True,powerplay,12.44,,0.178,1.274,0.035,0.437,0.411,0,1
1483,13,4,4,17,10,0,1,False,powerplay,12.67,,0.181,1.551,0.006,0.689,0.512,0,1
1484,13,4,4,17,10,0,0,True,powerplay,12.21,,0.181,1.551,0.043,0.689,0.533,0,0
1485,13,4,5,17,10,0,1,False,powerplay,12.43,,0.183,1.55,0.006,0.689,0.51,0,1
1486,13,4,5,17,10,0,0,True,powerplay,12.0,,0.183,1.55,0.043,0.689,0.594,0,0
1487,13,4,6,17,10,0,1,False,powerplay,12.21,,0.186,1.549,0.006,0.691,0.471,0,1
1488,13,4,6,17,10,0,0,True,powerplay,11.8,,0.186,1.549,0.043,0.691,0.573,1,0
1489,13,5,1,21,12,0,1,False,powerplay,12.0,,0.215,1.487,0.006,0.454,0.551,0,1
1490,13,5,1,21,12,4,0,True,powerplay,12.39,,0.215,1.487,0.015,0.604,0.505,0,4
1491,13,5,2,21,12,1,0,True,powerplay,12.19,,0.218,1.486,0.015,0.455,0.627,0,1
1492,13,5,3,29,12,0,0,True,powerplay,11.82,,0.221,1.035,0.053,0.521,0.099,0,0
1493,13,5,4,29,12,2,0,True,powerplay,11.82,,0.224,1.034,0.053,0.522,0.083,0,2
1494,13,5,5,29,12,1,0,True,powerplay,11.66,,0.226,1.033,0.053,0.523,0.112,0,1
1495,13,5,6,21,12,0,1,False,powerplay,11.83,,0.229,1.481,0.006,0.46,0.577,0,1
1496,13,5,6,21,12,1,0,True,powerplay,11.67,,0.229,1.481,0.016,0.46,0.637,0,1
1497,13,6,1,21,7,0,0,True,middle,11.35,,0.232,1.147,0.048,0.462,0.37,0,0
1498,13,6,2,21,7,0,0,True,middle,11.05,,0.235,1.146,0.048,0.463,0.462,0,0
1499,13,6,3,21,7,1,0,True,middle,10.92,,0.238,1.144,0.048,0.464,0.447,0,1
1500,13,6,4,29,7,0,0,True,middle,10.65,,0.241,0.693,0.086,0.53,0.003,0,0
1501,13,6,5,29,7,2,0,True,middle,10.68,,0.243,0.693,0.086,0.531,0,0,2
1502,13,6,6,29,7,2,0,True,middle,10.71,,0.246,0.691,0.086,0.532,0.082,0,2
1503,13,7,1,21,9,2,0,True,middle,10.74,,0.249,1.178,0.045,0.469,0.526,0,2
1504,13,7,2,21,9,0,0,True,middle,10.5,,0.252,1.177,0.045,0.471,0.487,0,0
1505,13,7,3,21,9,0,0,True,middle,10.27,,0.255,1.175,0.045,0.472,0.374,0,0
1506,13,7,4,21,9,0,1,False,middle,10.4,,0.258,1.174,0.006,0.473,0.442,0,1
1507,13,7,4,21,9,1,0,True,middle,10.3,,0.258,1.174,0.045,0.473,0.505,0,1
1508,13,7,5,29,9,0,0,True,middle,10.09,,0.26,0.724,0.083,0.538,0,0,0
1509,13,7,6,29,9,1,0,True,middle,10.0,,0.263,0.722,0.083,0.54,0.089,0,1
1510,13,8,1,29,14,1,0,True,middle,9.92,,0.266,0.721,0.083,0.541,0,0,1
1511,13,8,2,21,14,0,2,True,middle,9.96,,0.269,1.169,0.046,0.478,0.523,0,2
1512,13,8,3,21,14,0,0,True,middle,9.76,,0.272,1.168,0.046,0.48,0.377,0,0
1513,13,8,4,21,14,3,0,True,middle,9.92,,0.275,1.167,0.046,0.481,0.458,0,3
1514,13,8,5,29,14,1,0,True,middle,9.85,,0.277,0.716,0.084,0.546,0,0,1
1515,13,8,6,21,14,0,0,True,middle,9.67,,0.28,1.165,0.046,0.483,0.468,0,0
1516,13,9,1,29,8,0,0,True,middle,9.49,,0.283,0.771,0.079,0.549,0,0,0
1517,13,9,2,29,8,1,0,True,middle,9.43,,0.286,0.77,0.079,0.55,0.038,0,1
1518,13,9,3,21,8,2,0,True,middle,9.47,,0.289,1.218,0.041,0.487,0.448,0,2
1519,13,9,4,21,8,0,0,True,middle,9.31,,0.291,1.217,0.041,0.488,0.508,0,0
1520,13,9,5,21,8,1,0,True,middle,9.25,,0.294,1.216,0.041,0.489,0.467,0,1
1521,13,9,6,29,8,0,0,True,middle,9.1,,0.297,0.765,0.079,0.555,0,0,0
1522,13,10,1,21,10,0,0,True,middle,8.95,,0.3,1.223,0.041,0.492,0.46,0,0
1523,13,10,2,21,10,0,1,False,middle,9.05,,0.303,1.222,0.006,0.493,0.49,0,1
1524,13,10,2,21,10,0,0,True,middle,8.9,,0.303,1.222,0.041,0.493,0.466,0,0
1525,13,10,3,21,10,0,0,True,middle,8.76,,0.306,1.221,0.041,0.495,0.553,0,0
1526,13,10,4,21,10,0,0,True,middle,8.62,,0.308,1.22,0.041,0.496,0.531,0,0
1527,13,10,5,21,10,0,0,True,middle,8.49,,0.311,1.218,0.041,0.497,0.458,0,0
1528,13,10,6,21,10,2,0,True,middle,8.55,,0.314,1.217,0.041,0.498,0.525,0,2
1529,13,11,1,29,12,1,0,True,middle,8.51,,0.317,0.995,0.057,0.564,0.13,0,1
1530,13,11,2,21,12,0,0,True,middle,8.38,,0.32,1.443,0.02,0.501,0.511,0,0
1531,13,11,3,21,12,1,0,True,middle,8.35,,0.323,1.442,0.02,0.502,0.609,0,1
1532,13,11,4,29,12,0,0,True,middle,8.23,,0.326,0.991,0.058,0.568,0.087,0,0
1533,13,11,5,29,12,1,0,True,middle,8.2,,0.328,0.99,0.058,0.569,0.165,0,1
1534,13,11,6,21,12,0,0,True,middle,8.08,,0.331,1.439,0.02,0.506,0.635,0,0
1535,13,12,1,29,7,0,0,True,middle,7.97,,0.334,0.654,0.09,0.572,0.076,0,0
1536,13,12,2,29,7,2,0,True,middle,8.03,,0.337,0.653,0.09,0.573,0,0,2
1537,13,12,3,29,7,0,0,True,middle,7.92,,0.34,0.652,0.09,0.574,0.042,0,0
1538,13,12,4,29,7,1,0,True,middle,7.89,,0.343,0.651,0.09,0.576,0,0,1
1539,13,12,5,21,7,1,1,False,middle,8.05,,0.345,1.099,0.008,0.512,0.464,0,2
1540,13,12,5,29,7,0,0,True,middle,7.95,,0.345,0.65,0.09,0.577,0.026,1,0
1541,13,12,6,22,7,1,0,True,middle,7.92,,0.374,0.36,0.111,0.568,0,0,1
1542,13,13,1,22,9,1,0,True,middle,7.9,,0.377,0.397,0.107,0.57,0,0,1
1543,13,13,2,21,9,0,0,True,middle,7.8,,0.38,1.123,0.051,0.528,0.37,0,0
1544,13,13,3,21,9,0,0,True,middle,7.7,,0.383,1.122,0.051,0.529,0.422,0,0
1545,13,13,4,21,9,0,0,True,middle,7.61,,0.386,1.12,0.051,0.531,0.394,0,0
1546,13,13,5,21,9,4,0,True,middle,7.81,,0.388,1.119,0.051,0.682,0.501,0,4
1547,13,13,6,21,9,0,0,True,middle,7.71,,0.391,1.118,0.051,0.533,0.515,0,0
1548,13,14,1,22,14,0,0,True,middle,7.62,,0.394,0.39,0.108,0.577,0,1,0
1549,13,14,2,24,14,0,0,True,middle,7.53,,0.423,0.544,0.116,0.74,0,0,0
1550,13,14,3,24,14,0,0,True,middle,7.45,,0.426,0.543,0.116,0.742,0,0,0
1551,13,14,4,24,14,1,0,True,middle,7.43,,0.428,0.542,0.117,0.743,0,0,1
1552,13,14,5,21,14,0,0,True,middle,7.35,,0.431,1.101,0.053,0.551,0.482,0,0
1553,13,14,6,21,14,0,0,True,middle,7.27,,0.434,1.1,0.053,0.552,0.526,0,0
1554,13,15,1,24,8,0,0,True,death,7.19,,0.437,0.595,0.13,0.747,0,0,0
1555,13,15,2,24,8,6,0,True,death,7.5,,0.44,0.594,0.13,0.898,0,0,6
1556,13,15,3,24,8,4,0,True,death,7.68,,0.443,0.593,0.13,0.899,0,0,4
1557,13,15,4,24,8,1,0,True,death,7.66,,0.446,0.592,0.13,0.751,0,0,1
1558,13,15,5,21,8,1,0,True,death,7.64,,0.448,1.151,0.066,0.559,0.445,0,1
1559,13,15,6,24,8,4,0,True,death,7.81,,0.451,0.589,0.13,0.903,0,1,4
1560,13,16,1,21,12,0,1,False,death,7.88,,0.48,1.376,0.006,0.573,0.572,0,1
1561,13,16,1,21,12,6,0,True,death,8.16,,0.48,1.376,0.045,0.723,0.588,0,6
1562,13,16,2,21,12,0,0,True,death,8.08,,0.483,1.375,0.045,0.574,0.631,0,0
1563,13,16,3,21,12,0,0,True,death,8.0,,0.486,1.374,0.045,0.576,0.635,0,0
1564,13,16,4,21,12,0,1,False,death,8.06,,0.489,1.372,0.006,0.577,0.552,0,1
1565,13,16,4,21,12,0,0,True,death,7.98,,0.489,1.372,0.046,0.577,0.639,0,0
1566,13,16,5,21,12,1,0,True,death,7.96,,0.491,1.371,0.046,0.578,0.508,1,1
1567,13,16,6,23,12,0,0,True,death,7.88,,0.52,0.7,0.112,0.698,0,0,0
1568,13,17,1,25,12,1,0,True,death,7.86,,0.523,0.861,0.083,0.642,0.177,0,1
1569,13,17,2,23,12,0,0,True,death,7.79,,0.526,0.698,0.112,0.701,0,0,0
1570,13,17,3,23,12,1,0,True,death,7.77,,0.529,0.696,0.112,0.702,0,0,1
1571,13,17,4,25,12,1,0,True,death,7.75,,0.532,0.857,0.083,0.647,0.132,0,1
1572,13,17,5,23,12,2,0,True,death,7.79,,0.534,0.694,0.112,0.705,0.008,0,2
1573,13,17,6,23,12,4,0,True,death,7.94,,0.537,0.693,0.113,0.856,0,0,4
1574,13,18,1,25,14,1,0,True,death,7.93,,0.54,0.558,0.112,0.65,0,0,1
1575,13,18,2,23,14,0,0,True,death,7.85,,0.543,0.395,0.141,0.709,0,0,0
1576,13,18,3,23,14,1,0,True,death,7.84,,0.546,0.394,0.141,0.71,0,0,1
1577,13,18,4,25,14,1,0,True,death,7.82,,0.549,0.554,0.112,0.654,0.063,0,1
1578,13,18,5,23,14,1,0,True,death,7.81,,0.551,0.392,0.141,0.712,0,0,1
1579,13,18,6,25,14,4,0,True,death,7.95,,0.554,0.552,0.112,0.806,0,0,4
1580,13,19,1,23,9,1,0,True,death,7.93,,0.557,0.389,0.142,0.715,0,0,1
1581,13,19,2,25,9,0,0,True,death,7.86,,0.56,0.55,0.113,0.659,0,0,0
1582,13,19,3,25,9,1,0,True,death,7.85,,0.563,0.549,0.113,0.66,0.005,1,1
1583,14,0,1,15,29,1,0,True,powerplay,6.0,7.71,0.22,1.519,0.034,0.649,0.584,0,1
1584,14,0,2,1,29,0,0,True,powerplay,3.0,7.78,0.223,1.425,0.037,0.572,0.515,0,0
1585,14,0,3,1,29,1,0,True,powerplay,4.0,7.79,0.228,1.423,0.037,0.574,0.621,0,1
1586,14,0,4,15,29,1,0,True,powerplay,4.5,7.81,0.231,1.514,0.035,0.654,0.551,0,1
1587,14,0,5,1,29,0,0,True,powerplay,3.6,7.88,0.234,1.421,0.038,0.577,0.535,0,0
1588,14,0,6,1,29,0,0,True,powerplay,3.0,7.95,0.239,1.419,0.038,0.579,0.488,0,0
1589,14,1,1,15,22,1,0,True,powerplay,3.43,7.96,0.244,1.585,0.028,0.66,0.611,0,1
1590,14,1,2,1,22,1,0,True,powerplay,3.75,7.98,0.247,1.492,0.031,0.583,0.554,0,1
1591,14,1,3,15,22,2,0,True,powerplay,4.67,7.95,0.251,1.582,0.028,0.663,0.66,0,2
1592,14,1,4,15,22,0,0,True,powerplay,4.2,8.02,0.253,1.581,0.029,0.664,0.682,0,0
1593,14,1,5,15,22,0,0,True,powerplay,3.82,8.09,0.257,1.58,0.029,0.666,0.55,0,0
1594,14,1,6,15,22,4,0,True,powerplay,5.5,7.94,0.262,1.578,0.029,0.818,0.603,0,4
1595,14,2,1,1,24,1,0,True,powerplay,5.54,7.96,0.261,1.486,0.032,0.589,0.524,0,1
1596,14,2,2,15,24,6,0,True,powerplay,7.71,7.7,0.264,1.577,0.029,0.819,0.544,0,6
1597,14,2,3,15,24,4,0,True,powerplay,8.8,7.54,0.26,1.578,0.029,0.817,0.69,0,4
1598,14,2,4,15,24,4,0,True,powerplay,9.75,7.38,0.258,1.579,0.029,0.816,0.553,0,4
1599,14,2,5,15,24,1,0,True,powerplay,9.53,7.4,0.256,1.58,0.029,0.665,0.6,0,1
1600,14,2,6,1,24,0,0,True,powerplay,9.0,7.47,0.26,1.486,0.032,0.588,0.563,0,0
1601,14,3,1,15,23,1,0,True,powerplay,8.84,7.49,0.264,1.596,0.027,0.669,0.698,0,1
1602,14,3,2,1,23,4,0,True,powerplay,9.6,7.32,0.268,1.502,0.03,0.742,0.562,0,4
1603,14,3,3,1,23,0,0,True,powerplay,9.14,7.39,0.266,1.503,0.03,0.591,0.559,0,0
1604,14,3,4,1,23,0,0,True,powerplay,8.73,7.47,0.271,1.501,0.03,0.593,0.57,0,0
1605,14,3,5,1,23,0,0,True,powerplay,8.35,7.55,0.276,1.498,0.03,0.596,0.596,0,0
1606,14,3,6,1,23,1,0,True,powerplay,8.25,7.56,0.281,1.496,0.031,0.598,0.59,0,1
1607,14,4,1,1,25,2,0,True,powerplay,8.4,7.52,0.284,1.505,0.03,0.599,0.543,0,2
1608,14,4,2,1,25,1,0,True,powerplay,8.31,7.53,0.286,1.504,0.03,0.6,0.601,0,1
1609,14,4,3,15,25,4,0,True,powerplay,8.89,7.35,0.289,1.595,0.027,0.83,0.652,0,4
1610,14,4,4,15,25,0,0,True,powerplay,8.57,7.43,0.287,1.596,0.027,0.679,0.671,0,0
1611,14,4,5,15,25,1,0,True,powerplay,8.48,7.45,0.292,1.593,0.028,0.681,0.68,0,1
1612,14,4,6,1,25,0,0,True,powerplay,8.2,7.53,0.295,1.5,0.03,0.604,0.529,0,0
1613,14,5,1,15,29,1,0,True,powerplay,8.13,7.55,0.3,1.485,0.038,0.685,0.557,1,1
1614,14,5,2,1,29,0,0,True,powerplay,7.88,7.64,0.33,1.38,0.042,0.62,0.633,1,0
1615,14,5,3,13,29,0,0,True,powerplay,7.64,7.72,0.361,1.327,0.047,0.655,0.496,0,0
1616,14,5,4,13,29,1,0,True,powerplay,7.59,7.74,0.366,1.325,0.047,0.658,0.466,0,1
1617,14,5,5,6,29,1,0,True,powerplay,7.54,7.76,0.369,1.521,0.047,0.83,0.564,0,1
1618,14,5,6,13,29,0,0,True,powerplay,7.33,7.86,0.373,1.322,0.047,0.661,0.525,0,0
1619,14,6,1,6,22,2,0,True,middle,7.46,7.81,0.379,1.593,0.041,0.835,0.643,0,2
1620,14,6,2,6,22,1,0,True,middle,7.42,7.83,0.38,1.593,0.041,0.835,0.525,0,1
1621,14,6,3,13,22,0,1,False,middle,7.58,7.76,0.383,1.394,0.006,0.665,0.47,0,1
1622,14,6,3,13,22,1,0,True,middle,7.54,7.78,0.381,1.395,0.04,0.664,0.617,0,1
1623,14,6,4,6,22,4,0,True,middle,7.95,7.57,0.385,1.591,0.041,0.988,0.632,0,4
1624,14,6,5,6,22,4,0,True,middle,8.34,7.37,0.382,1.592,0.041,0.986,0.636,0,4
1625,14,6,6,6,22,1,0,True,middle,8.29,7.38,0.379,1.593,0.041,0.835,0.511,0,1
1626,14,7,1,6,24,1,0,True,middle,8.23,7.4,0.382,1.592,0.041,0.836,0.617,0,1
1627,14,7,2,13,24,0,0,True,middle,8.05,7.5,0.385,1.393,0.04,0.666,0.519,0,0
1628,14,7,3,13,24,4,0,True,middle,8.4,7.28,0.391,1.391,0.041,0.819,0.465,0,4
1629,14,7,4,13,24,1,0,True,middle,8.35,7.3,0.388,1.392,0.041,0.667,0.619,0,1
1630,14,7,5,6,24,4,0,True,middle,8.68,7.07,0.391,1.588,0.041,0.99,0.511,0,4
1631,14,7,6,6,24,0,0,True,middle,8.5,7.17,0.387,1.59,0.041,0.838,0.582,0,0
1632,14,8,1,13,23,2,0,True,middle,8.57,7.1,0.393,1.409,0.039,0.67,0.604,0,2
1633,14,8,2,13,23,0,0,True,middle,8.4,7.2,0.394,1.409,0.039,0.67,0.471,0,0
1634,14,8,3,13,23,1,0,True,middle,8.35,7.22,0.399,1.407,0.039,0.672,0.595,0,1
1635,14,8,4,6,23,0,0,True,middle,8.19,7.32,0.403,1.602,0.04,0.846,0.544,0,0
1636,14,8,5,6,23,0,0,True,middle,8.04,7.43,0.408,1.6,0.04,0.848,0.668,0,0
1637,14,8,6,6,23,1,0,True,middle,8.0,7.45,0.414,1.597,0.04,0.851,0.522,0,1
1638,14,9,1,6,25,6,0,True,middle,8.51,7.02,0.418,1.605,0.04,1,0.589,0,6
1639,14,9,2,6,25,3,0,True,middle,8.68,6.84,0.408,1.609,0.039,0.848,0.574,0,3
1640,14,9,3,13,25,1,0,True,middle,8.63,6.86,0.406,1.413,0.039,0.676,0.555,0,1
1641,14,9,4,6,25,1,0,True,middle,8.59,6.87,0.41,1.609,0.039,0.849,0.645,0,1
1642,14,9,5,13,25,6,0,True,middle,9.05,6.39,0.413,1.41,0.039,0.829,0.509,0,6
1643,14,9,6,13,25,4,0,True,middle,9.3,6.1,0.402,1.415,0.038,0.824,0.483,0,4
1644,14,10,1,6,29,1,0,True,middle,9.25,6.1,0.396,1.51,0.049,0.842,0.523,0,1
1645,14,10,2,13,29,1,0,True,middle,9.19,6.1,0.399,1.311,0.048,0.672,0.449,0,1
1646,14,10,3,6,29,1,0,True,middle,9.14,6.11,0.402,1.507,0.049,0.845,0.469,0,1
1647,14,10,4,13,29,1,0,True,middle,9.09,6.11,0.405,1.309,0.049,0.675,0.51,0,1
1648,14,10,5,6,29,0,0,True,middle,8.95,6.22,0.408,1.505,0.049,0.848,0.623,0,0
1649,14,10,6,6,29,1,0,True,middle,8.91,6.22,0.414,1.502,0.049,0.851,0.521,0,1
1650,14,11,1,6,22,0,0,True,middle,8.78,6.34,0.417,1.577,0.042,0.852,0.554,0,0
1651,14,11,2,6,22,4,0,True,middle,9.0,6.0,0.423,1.575,0.043,1,0.625,0,4
1652,14,11,3,6,22,0,0,True,middle,8.87,6.12,0.416,1.578,0.042,0.851,0.653,0,0
1653,14,11,4,6,22,6,0,True,middle,9.26,5.52,0.422,1.575,0.042,1,0.601,0,6
1654,14,11,5,6,22,4,0,True,middle,9.46,5.14,0.408,1.581,0.042,0.998,0.595,0,4
1655,14,11,6,6,22,1,0,True,middle,9.42,5.12,0.4,1.584,0.041,0.844,0.532,0,1
1656,14,12,1,6,24,2,0,True,middle,9.45,4.98,0.402,1.583,0.042,0.845,0.647,0,2
1657,14,12,2,6,24,6,0,True,middle,9.81,4.3,0.401,1.584,0.042,0.995,0.528,0,6
1658,14,12,3,6,24,6,0,True,middle,10.16,3.6,0.385,1.591,0.041,0.988,0.658,0,6
1659,14,12,4,6,24,2,0,True,middle,10.18,3.41,0.367,1.598,0.04,0.829,0.614,0,2
1660,14,12,5,6,24,6,0,True,middle,10.52,2.65,0.365,1.599,0.04,0.979,0.508,0,6
1661,14,12,6,6,24,3,0,True,middle,10.62,2.29,0.346,1.607,0.039,0.82,0.555,0,3
1662,14,13,1,6,23,4,0,True,middle,10.78,1.76,0.338,1.629,0.037,0.966,0.611,0,4
1663,14,13,2,6,23,3,0,True,middle,10.88,1.35,0.326,1.634,0.036,0.811,0.552,0,3
1664,14,13,3,13,23,1,0,True,middle,10.81,1.23,0.317,1.441,0.036,0.636,0.552,0,1
1665,14,13,4,6,23,1,0,True,middle,10.76,1.11,0.317,1.638,0.036,0.807,0.621,0,1
1666,14,13,5,13,23,1,0,True,middle,10.7,0.97,0.316,1.442,0.036,0.635,0.61,0,1
1667,14,13,6,6,23,2,0,True,middle,10.71,0.67,0.315,1.639,0.036,0.806,0.625,0,2
1668,14,14,1,13,25,0,0,True,middle,10.59,0.69,0.309,1.454,0.034,0.632,0.499,0,0
1669,14,14,2,13,25,0,1,False,middle,10.66,0.51,0.313,1.452,0.006,0.634,0.574,0,1
1670,14,14,2,13,25,1,0,True,middle,10.6,0.35,0.307,1.455,0.034,0.631,0.542,0,1
1671,14,14,3,6,25,4,0,True,middle,10.76,0.0,0.306,1.652,0.035,0.952,0.514,0,4
1672,15,0,1,15,44,1,0,True,powerplay,6.0,,0.0,1.554,0.03,0.55,0.602,0,1
1673,15,0,2,1,44,2,0,True,powerplay,9.0,,0.003,1.461,0.033,0.473,0.585,0,2
1674,15,0,3,1,44,1,0,True,powerplay,8.0,,0.006,1.459,0.033,0.474,0.547,0,1
1675,15,0,4,15,44,1,0,True,powerplay,7.5,,0.009,1.55,0.03,0.554,0.498,0,1
1676,15,0,5,1,44,0,0,True,powerplay,6.0,,0.011,1.457,0.033,0.476,0.489,0,0
1677,15,0,6,1,44,0,0,True,powerplay,5.0,,0.014,1.456,0.033,0.478,0.612,0,0
1678,15,1,1,15,38,1,0,True,powerplay,5.14,,0.017,1.566,0.029,0.558,0.63,0,1
1679,15,1,2,1,38,1,0,True,powerplay,5.25,,0.02,1.473,0.032,0.48,0.611,0,1
1680,15,1,3,15,38,0,0,True,powerplay,4.67,,0.023,1.564,0.029,0.56,0.568,0,0
1681,15,1,4,15,38,1,0,True,powerplay,4.8,,0.026,1.562,0.029,0.562,0.522,0,1
1682,15,1,5,1,38,1,0,True,powerplay,4.91,,0.028,1.469,0.032,0.484,0.487,0,1
1683,15,1,6,15,38,0,0,True,powerplay,4.5,,0.031,1.56,0.029,0.564,0.488,0,0
1684,15,2,1,1,40,2,0,True,powerplay,5.08,,0.034,1.591,0.02,0.487,0.587,0,2
1685,15,2,2,1,40,0,0,True,powerplay,4.71,,0.037,1.589,0.021,0.488,0.599,0,0
1686,15,2,3,1,40,0,2,True,powerplay,5.2,,0.04,1.588,0.021,0.489,0.626,0,2
1687,15,2,4,1,40,1,0,True,powerplay,5.25,,0.043,1.587,0.021,0.491,0.638,0,1
1688,15,2,5,15,40,0,0,True,powerplay,4.94,,0.045,1.678,0.018,0.57,0.621,0,0
1689,15,2,6,15,40,4,0,True,powerplay,6.0,,0.048,1.677,0.018,0.722,0.672,0,4
1690,15,3,1,1,37,4,0,True,powerplay,6.95,,0.051,1.631,0.017,0.644,0.594,0,4
1691,15,3,2,1,37,4,0,True,powerplay,7.8,,0.054,1.63,0.017,0.646,0.603,0,4
1692,15,3,3,1,37,1,0,True,powerplay,7.71,,0.057,1.628,0.017,0.497,0.649,0,1
1693,15,3,4,15,37,0,0,True,powerplay,7.36,,0.059,1.72,0.014,0.577,0.657,0,0
1694,15,3,5,15,37,1,0,True,powerplay,7.3,,0.062,1.719,0.014,0.578,0.564,0,1
1695,15,3,6,1,37,2,0,True,powerplay,7.5,,0.065,1.625,0.017,0.501,0.535,0,2
1696,15,4,1,15,39,6,0,True,powerplay,8.64,,0.068,1.735,0.013,0.731,0.63,0,6
1697,15,4,2,15,39,1,0,True,powerplay,8.54,,0.071,1.734,0.013,0.582,0.707,0,1
1698,15,4,3,1,39,1,0,True,powerplay,8.44,,0.074,1.64,0.016,0.505,0.562,0,1
1699,15,4,4,15,39,0,0,True,powerplay,8.14,,0.077,1.731,0.013,0.585,0.572,0,0
1700,15,4,5,15,39,1,0,True,powerplay,8.07,,0.079,1.731,0.013,0.586,0.7,0,1
1701,15,4,6,1,39,1,0,True,powerplay,8.0,,0.082,1.637,0.016,0.508,0.542,0,1
1702,15,5,1,1,42,1,0,True,powerplay,7.94,,0.085,1.683,0.012,0.51,0.634,0,1
1703,15,5,2,15,42,2,0,True,powerplay,8.06,,0.088,1.774,0.009,0.59,0.732,0,2
1704,15,5,3,15,42,4,0,True,powerplay,8.55,,0.091,1.773,0.009,0.741,0.606,0,4
1705,15,5,4,15,42,0,0,True,powerplay,8.29,,0.094,1.772,0.01,0.592,0.607,0,0
1706,15,5,5,15,42,4,0,True,powerplay,8.74,,0.096,1.771,0.01,0.743,0.677,0,4
1707,15,5,6,15,42,4,0,True,powerplay,9.17,,0.099,1.77,0.01,0.745,0.679,0,4
1708,15,6,1,1,44,1,0,True,middle,9.08,,0.102,1.419,0.037,0.517,0.583,0,1
1709,15,6,2,15,44,0,0,True,middle,8.84,,0.105,1.51,0.035,0.597,0.623,0,0
1710,15,6,3,15,44,4,0,True,middle,9.23,,0.108,1.509,0.035,0.749,0.602,0,4
1711,15,6,4,15,44,0,0,True,middle,9.0,,0.111,1.508,0.035,0.6,0.567,0,0
1712,15,6,5,15,44,1,0,True,middle,8.93,,0.113,1.507,0.035,0.601,0.521,0,1
1713,15,6,6,1,44,0,0,True,middle,8.71,,0.116,1.413,0.038,0.524,0.587,0,0
1714,15,7,1,15,38,1,0,True,middle,8.65,,0.119,1.523,0.033,0.604,0.639,1,1
1715,15,7,2,1,38,2,0,True,middle,8.73,,0.148,1.419,0.037,0.538,0.61,0,2
1716,15,7,3,1,38,0,0,True,middle,8.53,,0.151,1.418,0.038,0.539,0.493,0,0
1717,15,7,4,1,38,1,0,True,middle,8.48,,0.153,1.417,0.038,0.54,0.62,0,1
1718,15,7,5,6,38,1,0,True,middle,8.43,,0.156,1.572,0.041,0.734,0.576,0,1
1719,15,7,6,1,38,1,0,True,middle,8.38,,0.159,1.414,0.038,0.543,0.504,0,1
1720,15,8,1,1,40,0,0,True,middle,8.2,,0.162,1.537,0.026,0.544,0.542,0,0
1721,15,8,2,1,40,1,0,True,middle,8.16,,0.165,1.535,0.026,0.546,0.543,0,1
1722,15,8,3,6,40,6,0,True,middle,8.71,,0.168,1.691,0.03,0.89,0.543,0,6
1723,15,8,4,6,40,0,0,True,middle,8.54,,0.171,1.69,0.03,0.741,0.586,0,0
1724,15,8,5,6,40,1,0,True,middle,8.49,,0.173,1.689,0.03,0.742,0.654,0,1
1725,15,8,6,1,40,4,0,True,middle,8.78,,0.176,1.531,0.027,0.701,0.587,0,4
1726,15,9,1,6,37,0,0,True,middle,8.62,,0.179,1.734,0.026,0.745,0.54,0,0
1727,15,9,2,6,37,2,0,True,middle,8.68,,0.182,1.733,0.026,0.746,0.573,0,2
1728,15,9,3,6,37,1,0,True,middle,8.63,,0.185,1.732,0.026,0.748,0.583,0,1
1729,15,9,4,1,37,0,0,True,middle,8.48,,0.188,1.573,0.023,0.556,0.643,0,0
1730,15,9,5,1,37,4,0,True,middle,8.75,,0.19,1.573,0.023,0.707,0.64,0,4
1731,15,9,6,1,37,0,0,True,middle,8.6,,0.193,1.571,0.023,0.558,0.63,0,0
1732,15,10,1,6,39,1,0,True,middle,8.56,,0.196,1.746,0.025,0.752,0.653,0,1
1733,15,10,2,1,39,0,2,True,middle,8.61,,0.199,1.588,0.022,0.561,0.595,0,2
1734,15,10,3,1,39,0,1,True,middle,8.57,,0.202,1.587,0.022,0.562,0.546,0,1
1735,15,10,4,6,39,4,0,True,middle,8.81,,0.205,1.742,0.025,0.907,0.59,0,4
1736,15,10,5,6,39,2,0,True,middle,8.86,,0.207,1.742,0.026,0.757,0.596,0,2
1737,15,10,6,6,39,1,0,True,middle,8.82,,0.21,1.74,0.026,0.759,0.662,0,1
1738,15,11,1,6,42,0,0,True,middle,8.69,,0.213,1.787,0.021,0.76,0.613,0,0
1739,15,11,2,6,42,1,0,True,middle,8.65,,0.216,1.785,0.021,0.761,0.596,0,1
1740,15,11,3,1,42,4,0,True,middle,8.87,,0.219,1.627,0.018,0.72,0.605,0,4
1741,15,11,4,1,42,0,2,True,middle,8.91,,0.222,1.626,0.018,0.571,0.603,0,2
1742,15,11,5,1,42,2,0,True,middle,8.96,,0.224,1.625,0.018,0.572,0.706,0,2
1743,15,11,6,1,42,1,0,True,middle,8.92,,0.227,1.624,0.018,0.574,0.667,0,1
1744,15,12,1,1,44,1,0,True,middle,8.88,,0.23,1.365,0.043,0.575,0.577,0,1
1745,15,12,2,6,44,4,0,True,middle,9.08,,0.233,1.521,0.047,0.919,0.485,0,4
1746,15,12,3,6,44,0,0,True,middle,8.96,,0.236,1.52,0.047,0.77,0.531,0,0
1747,15,12,4,6,44,1,0,True,middle,8.92,,0.239,1.519,0.047,0.772,0.599,0,1
1748,15,12,5,1,44,0,0,True,middle,8.81,,0.241,1.361,0.043,0.58,0.604,0,0
1749,15,12,6,1,44,0,0,True,middle,8.69,,0.244,1.359,0.044,0.581,0.512,0,0
1750,15,13,1,6,38,0,0,True,middle,8.58,,0.247,1.534,0.045,0.775,0.57,0,0
1751,15,13,2,6,38,1,0,True,middle,8.55,,0.25,1.533,0.046,0.777,0.468,0,1
1752,15,13,3,1,38,4,0,True,middle,8.74,,0.253,1.375,0.042,0.735,0.524,0,4
1753,15,13,4,1,38,1,0,True,middle,8.71,,0.256,1.373,0.042,0.587,0.544,0,1
1754,15,13,5,6,38,0,0,True,middle,8.6,,0.258,1.53,0.046,0.78,0.53,0,0
1755,15,13,6,6,38,2,0,True,middle,8.64,,0.261,1.528,0.046,0.782,0.568,0,2
1756,15,14,1,1,40,0,0,True,middle,8.54,,0.264,1.494,0.031,0.59,0.569,0,0
1757,15,14,2,1,40,0,1,True,middle,8.51,,0.267,1.493,0.031,0.592,0.535,0,1
1758,15,14,3,6,40,0,0,True,middle,8.41,,0.27,1.648,0.035,0.786,0.646,0,0
1759,15,14,4,6,40,0,1,False,middle,8.48,,0.273,1.647,0.006,0.787,0.59,0,1
1760,15,14,4,6,40,0,0,True,middle,8.39,,0.273,1.647,0.035,0.787,0.609,0,0
1761,15,14,5,6,40,2,0,True,middle,8.43,,0.275,1.646,0.035,0.788,0.612,0,2
1762,15,14,6,6,40,4,0,True,middle,8.6,,0.278,1.645,0.035,0.939,0.59,0,4
1763,15,15,1,1,37,4,0,True,death,8.77,,0.281,1.534,0.045,0.748,0.678,0,4
1764,15,15,2,1,37,4,0,True,death,8.93,,0.284,1.533,0.045,0.749,0.612,0,4
1765,15,15,3,1,37,0,0,True,death,8.84,,0.287,1.532,0.045,0.601,0.687,0,0
1766,15,15,4,1,37,1,0,True,death,8.81,,0.29,1.531,0.045,0.602,0.566,0,1
1767,15,15,5,6,37,1,0,True,death,8.78,,0.292,1.687,0.049,0.796,0.546,0,1
1768,15,15,6,1,37,0,0,True,death,8.69,,0.295,1.529,0.046,0.604,0.616,0,0
1769,15,16,1,6,37,2,0,True,death,8.72,,0.298,1.684,0.049,0.798,0.68,0,2
1770,15,16,2,6,37,0,1,False,death,8.78,,0.301,1.683,0.006,0.8,0.675,0,1
1771,15,16,2,6,37,0,0,True,death,8.69,,0.301,1.683,0.05,0.8,0.602,1,0
1772,15,16,3,13,37,6,0,True,death,8.97,,0.33,1.474,0.05,0.791,0.614,0,6
1773,15,16,4,13,37,2,0,True,death,9.0,,0.333,1.472,0.051,0.643,0.521,0,2
1774,15,16,5,13,37,4,0,True,death,9.15,,0.335,1.472,0.051,0.794,0.517,0,4
1775,15,16,6,13,37,0,0,True,death,9.06,,0.338,1.47,0.051,0.645,0.514,0,0
1776,15,17,1,1,38,0,0,True,death,8.97,,0.341,1.338,0.064,0.625,0.619,1,0
1777,15,17,2,2,38,0,0,True,death,8.88,,0.37,1.172,0.073,0.624,0.394,0,0
1778,15,17,3,2,38,0,0,True,death,8.8,,0.373,1.171,0.073,0.625,0.449,0,0
1779,15,17,4,2,38,0,0,True,death,8.72,,0.376,1.169,0.073,0.626,0.378,0,0
1780,15,17,5,2,38,1,0,True,death,8.69,,0.378,1.169,0.073,0.627,0.408,0,1
1781,15,17,6,13,38,1,0,True,death,8.67,,0.381,1.281,0.069,0.664,0.535,0,1
1782,15,18,1,13,39,2,0,True,death,8.7,,0.384,1.47,0.051,0.666,0.556,0,2
1783,15,18,2,13,39,6,0,True,death,8.95,,0.387,1.469,0.051,0.817,0.522,0,6
1784,15,18,3,13,39,0,0,True,death,8.86,,0.39,1.468,0.051,0.668,0.623,0,0
1785,15,18,4,13,39,1,0,True,death,8.84,,0.393,1.466,0.052,0.67,0.626,0,1
1786,15,18,5,2,39,6,0,True,death,9.08,,0.395,1.352,0.056,0.785,0.472,0,6
1787,15,18,6,2,39,4,0,True,death,9.21,,0.398,1.351,0.056,0.786,0.533,0,4
1788,15,19,1,13,39,1,0,True,death,9.18,,0.401,1.463,0.052,0.673,0.636,1,1
1789,15,19,2,2,39,2,0,True,death,9.21,,0.43,1.337,0.058,0.651,0.573,0,2
1790,15,19,3,2,39,0,1,True,death,9.18,,0.433,1.336,0.058,0.652,0.472,0,1
1791,15,19,4,12,39,0,0,True,death,9.1,,0.435,1.282,0.064,0.646,0.491,0,0
1792,15,19,5,12,39,1,0,True,death,9.08,,0.438,1.281,0.064,0.647,0.384,0,1
1793,15,19,6,2,39,0,0,True,death,9.0,,0.441,1.333,0.058,0.656,0.472,0,0
1794,16,0,1,36,7,1,0,True,powerplay,6.0,9.08,0.259,1.225,0.04,0.495,0.442,0,1
1795,16,0,2,31,7,2,0,True,powerplay,9.0,9.05,0.262,1.388,0.048,0.711,0.551,0,2
1796,16,0,3,31,7,0,1,True,powerplay,8.0,9.08,0.264,1.387,0.049,0.712,0.532,0,1
1797,16,0,4,36,7,1,0,True,powerplay,7.5,9.1,0.268,1.221,0.041,0.499,0.543,0,1
1798,16,0,5,31,7,0,0,True,powerplay,6.0,9.18,0.271,1.384,0.049,0.715,0.532,0,0
1799,16,0,6,31,7,4,0,True,powerplay,9.0,9.05,0.276,1.382,0.049,0.867,0.409,0,4
1800,16,1,1,36,9,0,0,True,powerplay,7.71,9.13,0.276,1.256,0.037,0.503,0.533,0,0
1801,16,1,2,36,9,1,0,True,powerplay,7.5,9.16,0.281,1.254,0.038,0.505,0.548,0,1
1802,16,1,3,31,9,0,0,True,powerplay,6.67,9.24,0.284,1.416,0.046,0.721,0.5,0,0
1803,16,1,4,31,9,4,0,True,powerplay,8.4,9.11,0.29,1.414,0.046,0.873,0.451,0,4
1804,16,1,5,31,9,1,0,True,powerplay,8.18,9.14,0.289,1.414,0.046,0.723,0.554,0,1
1805,16,1,6,36,9,3,0,True,powerplay,9.0,9.06,0.292,1.249,0.038,0.51,0.515,0,3
1806,16,2,1,36,14,0,0,True,powerplay,8.31,9.14,0.293,1.249,0.038,0.51,0.434,0,0
1807,16,2,2,36,14,1,0,True,powerplay,8.14,9.17,0.298,1.247,0.038,0.513,0.52,0,1
1808,16,2,3,31,14,4,0,True,powerplay,9.2,9.03,0.302,1.409,0.047,0.879,0.438,0,4
1809,16,2,4,31,14,4,0,True,powerplay,10.12,8.88,0.3,1.41,0.047,0.878,0.436,0,4
1810,16,2,5,31,14,6,0,True,powerplay,11.65,8.62,0.299,1.41,0.047,0.877,0.565,0,6
1811,16,2,6,31,14,1,0,True,powerplay,11.33,8.65,0.294,1.412,0.046,0.725,0.528,0,1
1812,16,3,1,31,8,0,0,True,powerplay,10.74,8.73,0.298,1.468,0.041,0.727,0.565,0,0
1813,16,3,2,31,8,2,0,True,powerplay,10.8,8.7,0.303,1.466,0.041,0.729,0.54,0,2
1814,16,3,3,31,8,2,0,True,powerplay,10.86,8.67,0.305,1.465,0.041,0.73,0.451,1,2
1815,16,3,4,41,8,1,0,True,powerplay,10.64,8.69,0.333,1.31,0.041,0.593,0.438,0,1
1816,16,3,5,36,8,0,0,True,powerplay,10.17,8.78,0.337,1.287,0.035,0.53,0.482,0,0
1817,16,3,6,36,8,1,0,True,powerplay,10.0,8.81,0.342,1.285,0.035,0.532,0.57,0,1
1818,16,4,1,36,10,1,0,True,powerplay,9.84,8.84,0.346,1.293,0.034,0.534,0.578,0,1
1819,16,4,2,41,10,0,0,True,powerplay,9.46,8.94,0.349,1.313,0.041,0.6,0.534,0,0
1820,16,4,3,41,10,0,2,True,powerplay,9.56,8.9,0.355,1.31,0.041,0.603,0.432,0,2
1821,16,4,4,41,10,1,0,True,powerplay,9.43,8.93,0.357,1.309,0.041,0.604,0.479,0,1
1822,16,4,5,36,10,0,0,True,powerplay,9.1,9.03,0.36,1.287,0.035,0.541,0.593,0,0
1823,16,4,6,36,10,1,0,True,powerplay,9.0,9.07,0.366,1.285,0.035,0.543,0.551,0,1
1824,16,5,1,36,12,0,0,True,powerplay,8.71,9.17,0.37,1.512,0.014,0.545,0.621,0,0
1825,16,5,2,36,12,4,0,True,powerplay,9.19,9.0,0.376,1.509,0.014,0.698,0.599,0,4
1826,16,5,3,36,12,1,0,True,powerplay,9.09,9.03,0.374,1.51,0.014,0.547,0.619,0,1
1827,16,5,4,41,12,0,0,True,powerplay,8.82,9.14,0.377,1.53,0.021,0.613,0.583,0,0
1828,16,5,5,41,12,0,0,True,powerplay,8.57,9.25,0.383,1.527,0.021,0.615,0.64,0,0
1829,16,5,6,41,12,1,0,True,powerplay,8.5,9.29,0.389,1.525,0.021,0.618,0.624,0,1
1830,16,6,1,41,7,1,0,True,middle,8.43,9.33,0.393,1.19,0.053,0.62,0.54,0,1
1831,16,6,2,36,7,0,0,True,middle,8.21,9.44,0.397,1.167,0.047,0.557,0.498,0,0
1832,16,6,3,36,7,0,1,False,middle,8.37,9.37,0.403,1.164,0.006,0.56,0.486,0,1
1833,16,6,3,36,7,0,2,True,middle,8.46,9.33,0.401,1.165,0.047,0.559,0.434,0,2
1834,16,6,4,36,7,1,0,True,middle,8.4,9.38,0.403,1.164,0.047,0.56,0.547,1,1
1835,16,6,5,41,7,1,0,True,middle,8.34,9.42,0.433,1.173,0.055,0.638,0.391,0,1
1836,16,6,6,32,7,0,1,False,middle,8.49,9.34,0.437,1.31,0.006,0.825,0.491,0,1
1837,16,6,6,32,7,2,0,True,middle,8.57,9.31,0.435,1.311,0.062,0.824,0.427,0,2
1838,16,7,1,41,9,1,0,True,middle,8.51,9.35,0.437,1.209,0.051,0.64,0.509,0,1
1839,16,7,2,32,9,4,0,True,middle,8.86,9.16,0.441,1.346,0.058,0.977,0.415,0,4
1840,16,7,3,32,9,1,0,True,middle,8.8,9.2,0.438,1.348,0.058,0.826,0.396,0,1
1841,16,7,4,41,9,2,0,True,middle,8.87,9.16,0.442,1.207,0.052,0.642,0.482,0,2
1842,16,7,5,41,9,1,0,True,middle,8.81,9.21,0.444,1.206,0.052,0.643,0.45,0,1
1843,16,7,6,32,9,4,0,True,middle,9.12,9.0,0.448,1.343,0.059,0.98,0.464,0,4
1844,16,8,1,41,14,0,0,True,middle,8.94,9.13,0.445,1.206,0.052,0.643,0.428,0,0
1845,16,8,2,41,14,0,0,True,middle,8.76,9.26,0.452,1.203,0.052,0.646,0.409,0,0
1846,16,8,3,41,14,2,0,True,middle,8.82,9.22,0.458,1.2,0.052,0.649,0.52,0,2
1847,16,8,4,41,14,1,0,True,middle,8.77,9.26,0.46,1.199,0.052,0.65,0.416,0,1
1848,16,8,5,32,14,0,1,True,middle,8.72,9.31,0.464,1.337,0.06,0.837,0.404,0,1
1849,16,8,6,41,14,0,0,True,middle,8.56,9.45,0.468,1.196,0.053,0.653,0.417,0,0
1850,16,9,1,32,8,1,0,True,middle,8.51,9.51,0.475,1.389,0.055,0.842,0.56,0,1
1851,16,9,2,41,8,0,1,False,middle,8.62,9.42,0.48,1.248,0.006,0.659,0.561,0,1
1852,16,9,2,41,8,0,0,True,middle,8.46,9.56,0.477,1.249,0.048,0.658,0.501,0,0
1853,16,9,3,41,8,0,0,True,middle,8.32,9.71,0.484,1.247,0.048,0.661,0.469,0,0
1854,16,9,4,41,8,0,0,True,middle,8.17,9.87,0.491,1.244,0.048,0.664,0.433,0,0
1855,16,9,5,41,8,0,0,True,middle,8.03,10.03,0.498,1.241,0.049,0.667,0.476,0,0
1856,16,9,6,41,8,0,0,True,middle,7.9,10.2,0.506,1.237,0.049,0.671,0.501,0,0
1857,16,10,1,32,10,2,0,True,middle,7.97,10.17,0.513,1.383,0.055,0.859,0.513,0,2
1858,16,10,2,32,10,2,0,True,middle,8.03,10.14,0.515,1.382,0.055,0.86,0.526,0,2
1859,16,10,3,32,10,1,0,True,middle,8.0,10.21,0.517,1.381,0.056,0.861,0.494,0,1
1860,16,10,4,41,10,0,0,True,middle,7.88,10.39,0.522,1.24,0.049,0.678,0.536,0,0
1861,16,10,5,41,10,0,0,True,middle,7.75,10.58,0.53,1.237,0.049,0.681,0.562,0,0
1862,16,10,6,41,10,4,0,True,middle,8.0,10.33,0.538,1.233,0.05,0.835,0.48,0,4
1863,16,11,1,32,12,1,0,True,middle,7.97,10.42,0.534,1.603,0.034,0.869,0.653,0,1
1864,16,11,2,41,12,0,0,True,middle,7.85,10.62,0.54,1.461,0.028,0.686,0.652,0,0
1865,16,11,3,41,12,2,0,True,middle,7.91,10.59,0.548,1.458,0.028,0.689,0.641,0,2
1866,16,11,4,41,12,6,0,True,middle,8.31,10.08,0.55,1.457,0.028,0.84,0.663,0,6
1867,16,11,5,41,12,1,0,True,middle,8.28,10.16,0.538,1.462,0.028,0.685,0.667,0,1
1868,16,11,6,32,12,1,0,True,middle,8.25,10.25,0.543,1.599,0.035,0.873,0.511,0,1
1869,16,12,1,32,7,0,0,True,middle,8.14,10.47,0.549,1.263,0.067,0.876,0.404,0,0
1870,16,12,2,32,7,1,0,True,middle,8.11,10.57,0.558,1.259,0.067,0.88,0.512,0,1
1871,16,12,3,41,7,1,0,True,middle,8.08,10.67,0.564,1.118,0.061,0.697,0.429,0,1
1872,16,12,4,32,7,3,0,True,middle,8.21,10.5,0.569,1.255,0.068,0.885,0.479,1,3
1873,16,12,5,41,7,1,0,True,middle,8.18,10.6,0.593,1.106,0.062,0.71,0.419,0,1
1874,16,12,6,33,7,2,0,True,middle,8.23,10.57,0.599,0.957,0.063,0.612,0.408,0,2
1875,16,13,1,41,9,0,0,True,middle,8.13,10.83,0.601,1.14,0.059,0.713,0.467,0,0
1876,16,13,2,41,9,0,0,True,middle,8.03,11.1,0.611,1.136,0.059,0.718,0.443,0,0
1877,16,13,3,41,9,1,0,True,middle,8.0,11.23,0.622,1.131,0.06,0.723,0.533,0,1
1878,16,13,4,33,9,1,0,True,middle,7.98,11.37,0.628,0.983,0.061,0.625,0.399,0,1
1879,16,13,5,41,9,2,0,True,middle,8.02,11.35,0.635,1.126,0.06,0.729,0.469,0,2
1880,16,13,6,41,9,1,0,True,middle,8.0,11.5,0.637,1.125,0.06,0.73,0.503,0,1
1881,16,14,1,41,14,1,0,True,middle,7.98,11.66,0.645,1.122,0.061,0.733,0.419,0,1
1882,16,14,2,33,14,1,0,True,middle,7.95,11.82,0.652,0.973,0.062,0.636,0.493,0,1
1883,16,14,3,41,14,1,0,True,middle,7.93,12.0,0.659,1.116,0.061,0.739,0.458,0,1
1884,16,14,4,33,14,0,0,True,middle,7.84,12.38,0.667,0.966,0.062,0.643,0.404,0,0
1885,16,14,5,33,14,2,0,True,middle,7.89,12.39,0.681,0.96,0.063,0.649,0.369,0,2
1886,16,14,6,33,14,1,0,True,middle,7.87,12.6,0.684,0.959,0.063,0.651,0.459,0,1
1887,16,15,1,33,8,1,0,True,death,7.85,12.83,0.693,1.012,0.076,0.655,0.497,0,1
1888,16,15,2,41,8,1,0,True,death,7.83,13.07,0.702,1.155,0.076,0.759,0.542,0,1
1889,16,15,3,33,8,6,0,True,death,8.13,12.22,0.712,1.004,0.077,0.813,0.509,1,6
1890,16,15,4,42,8,0,0,True,death,8.04,12.69,0.717,1.159,0.082,0.844,0.513,0,0
1891,16,15,5,42,8,0,0,True,death,7.96,13.2,0.733,1.152,0.083,0.851,0.415,0,0
1892,16,15,6,42,8,1,0,True,death,7.94,13.5,0.75,1.145,0.084,0.859,0.408,0,1
1893,16,16,1,42,12,0,0,True,death,7.86,14.09,0.762,1.378,0.061,0.864,0.605,0,0
1894,16,16,2,42,12,1,0,True,death,7.84,14.45,0.779,1.371,0.062,0.872,0.611,0,1
1895,16,16,3,41,12,0,0,True,death,7.76,15.14,0.782,1.359,0.057,0.795,0.591,0,0
1896,16,16,4,41,12,1,0,True,death,7.74,15.6,0.785,1.358,0.057,0.796,0.534,0,1
1897,16,16,5,42,12,2,0,True,death,7.78,15.79,0.787,1.367,0.063,0.876,0.568,0,2
1898,16,16,6,42,12,1,0,True,death,7.76,16.33,0.79,1.366,0.063,0.877,0.607,0,1
1899,16,17,1,42,12,4,0,True,death,7.92,15.88,0.793,1.365,0.063,1,0.555,0,4
1900,16,17,2,42,12,1,0,True,death,7.9,16.5,0.796,1.364,0.063,0.88,0.603,0,1
1901,16,17,3,41,12,1,0,True,death,7.89,17.2,0.799,1.352,0.058,0.802,0.641,0,1
1902,16,17,4,42,12,0,0,True,death,7.81,18.43,0.802,1.361,0.063,0.882,0.5,0,0
1903,16,17,5,42,12,0,0,True,death,7.74,19.85,0.804,1.36,0.063,0.883,0.548,0,0
1904,16,17,6,42,12,0,1,True,death,7.72,21.0,0.807,1.359,0.063,0.885,0.593,0,1
1905,16,18,1,42,14,2,0,True,death,7.76,21.82,0.81,1.062,0.092,0.886,0.357,0,2
1906,16,18,2,42,14,0,2,True,death,7.8,22.8,0.813,1.061,0.092,0.887,0.391,1,2
1907,16,18,3,44,14,1,0,True,death,7.78,24.67,0.842,0.315,0.156,0.922,0,0,1
1908,16,18,4,41,14,1,0,True,death,7.77,27.0,0.845,1.038,0.088,0.823,0.516,0,1
1909,16,18,5,44,14,0,0,True,death,7.7,30.86,0.847,0.313,0.156,0.924,0,0,0
1910,16,18,6,44,14,0,0,True,death,7.63,36.0,0.85,0.311,0.156,0.925,0,0,0
1911,16,19,1,41,9,2,0,True,death,7.67,40.8,0.853,1.034,0.088,0.827,0.466,0,2
1912,16,19,2,41,9,2,0,True,death,7.71,48.0,0.856,1.033,0.088,0.828,0.545,0,2
1913,16,19,3,41,9,0,0,True,death,7.64,64.0,0.859,1.032,0.088,0.829,0.454,0,0
1914,16,19,4,41,9,6,0,True,death,7.88,78.0,0.862,1.031,0.089,0.981,0.459,0,6
1915,16,19,5,41,9,1,0,True,death,7.87,150.0,0.864,1.03,0.089,0.832,0.545,0,1
1916,16,19,6,44,9,0,0,True,death,7.8,150.0,0.867,0.304,0.157,0.933,0,0,0
1917,17,0,1,60,7,0,0,True,powerplay,0.0,,0.0,1.359,0.034,0.421,0.404,0,0
1918,17,0,2,60,7,0,0,True,powerplay,0.0,,0.003,1.358,0.034,0.423,0.421,0,0
1919,17,0,3,60,7,1,0,True,powerplay,2.0,,0.006,1.357,0.034,0.424,0.462,0,1
1920,17,0,4,46,7,0,0,True,powerplay,1.5,,0.009,1.358,0.035,0.468,0.46,0,0
1921,17,0,5,46,7,2,0,True,powerplay,3.6,,0.011,1.357,0.035,0.469,0.464,0,2
1922,17,0,6,46,7,0,0,True,powerplay,3.0,,0.014,1.356,0.035,0.471,0.429,0,0
1923,17,1,1,60,9,1,0,True,powerplay,3.43,,0.017,1.39,0.031,0.429,0.508,0,1
1924,17,1,2,46,9,0,0,True,powerplay,3.0,,0.02,1.391,0.032,0.473,0.508,0,0
1925,17,1,3,46,9,0,0,True,powerplay,2.67,,0.023,1.39,0.032,0.475,0.456,0,0
1926,17,1,4,46,9,0,0,True,powerplay,2.4,,0.026,1.389,0.032,0.476,0.494,0,0
1927,17,1,5,46,9,1,0,True,powerplay,2.73,,0.028,1.388,0.032,0.477,0.46,0,1
1928,17,1,6,60,9,0,0,True,powerplay,2.5,,0.031,1.384,0.032,0.435,0.432,0,0
1929,17,2,1,46,14,0,0,True,powerplay,2.31,,0.034,1.385,0.032,0.48,0.491,0,0
1930,17,2,2,46,14,0,0,True,powerplay,2.14,,0.037,1.384,0.032,0.481,0.432,0,0
1931,17,2,3,46,14,0,0,True,powerplay,2.0,,0.04,1.383,0.032,0.482,0.519,0,0
1932,17,2,4,46,14,1,0,True,powerplay,2.25,,0.043,1.382,0.033,0.484,0.483,0,1
1933,17,2,5,60,14,1,0,True,powerplay,2.47,,0.045,1.379,0.032,0.442,0.425,0,1
1934,17,2,6,46,14,2,0,True,powerplay,3.0,,0.048,1.38,0.033,0.486,0.397,0,2
1935,17,3,1,60,8,0,0,True,powerplay,2.84,,0.051,1.433,0.027,0.444,0.591,0,0
1936,17,3,2,60,8,0,0,True,powerplay,2.7,,0.054,1.432,0.027,0.446,0.485,0,0
1937,17,3,3,60,8,0,0,True,powerplay,2.57,,0.057,1.431,0.027,0.447,0.537,0,0
1938,17,3,4,60,8,0,0,True,powerplay,2.45,,0.059,1.43,0.027,0.448,0.492,0,0
1939,17,3,5,60,8,1,0,True,powerplay,2.61,,0.062,1.429,0.028,0.449,0.517,0,1
1940,17,3,6,46,8,0,0,True,powerplay,2.5,,0.065,1.43,0.028,0.494,0.493,0,0
1941,17,4,1,60,10,4,0,True,powerplay,3.36,,0.068,1.436,0.027,0.602,0.519,0,4
1942,17,4,2,60,10,2,0,True,powerplay,3.69,,0.071,1.434,0.027,0.453,0.523,0,2
1943,17,4,3,60,10,1,0,True,powerplay,3.78,,0.074,1.433,0.027,0.455,0.589,0,1
1944,17,4,4,46,10,4,0,True,powerplay,4.5,,0.077,1.434,0.028,0.649,0.489,0,4
1945,17,4,5,46,10,0,0,True,powerplay,4.34,,0.079,1.433,0.028,0.5,0.477,0,0
1946,17,4,6,46,10,1,0,True,powerplay,4.4,,0.082,1.432,0.028,0.501,0.422,0,1
1947,17,5,1,46,12,0,0,True,powerplay,4.26,,0.085,1.659,0.006,0.503,0.547,0,0
1948,17,5,2,46,12,1,0,True,powerplay,4.31,,0.088,1.658,0.006,0.504,0.591,0,1
1949,17,5,3,60,12,4,0,True,powerplay,4.91,,0.091,1.654,0.006,0.612,0.615,0,4
1950,17,5,4,60,12,4,0,True,powerplay,5.47,,0.094,1.653,0.006,0.614,0.59,0,4
1951,17,5,5,60,12,1,0,True,powerplay,5.49,,0.096,1.652,0.006,0.465,0.552,0,1
1952,17,5,6,46,12,0,0,True,powerplay,5.33,,0.099,1.653,0.007,0.509,0.632,0,0
1953,17,6,1,60,7,0,0,True,middle,5.19,,0.102,1.317,0.039,0.467,0.552,0,0
1954,17,6,2,60,7,0,0,True,middle,5.05,,0.105,1.315,0.039,0.469,0.471,0,0
1955,17,6,3,60,7,4,0,True,middle,5.54,,0.108,1.314,0.039,0.62,0.543,0,4
1956,17,6,4,60,7,1,0,True,middle,5.55,,0.111,1.313,0.039,0.471,0.49,0,1
1957,17,6,5,46,7,2,0,True,middle,5.71,,0.113,1.314,0.039,0.515,0.509,0,2
1958,17,6,6,46,7,0,0,True,middle,5.57,,0.116,1.313,0.04,0.516,0.493,0,0
1959,17,7,1,60,9,4,0,True,middle,6.0,,0.119,1.347,0.036,0.625,0.448,0,4
1960,17,7,2,60,9,1,0,True,middle,6.0,,0.122,1.346,0.036,0.476,0.457,0,1
1961,17,7,3,46,9,1,0,True,middle,6.0,,0.125,1.347,0.036,0.521,0.422,0,1
1962,17,7,4,60,9,4,0,True,middle,6.39,,0.128,1.344,0.036,0.629,0.537,0,4
1963,17,7,5,60,9,0,0,True,middle,6.26,,0.13,1.343,0.036,0.48,0.478,0,0
1964,17,7,6,60,9,4,0,True,middle,6.62,,0.133,1.342,0.036,0.631,0.573,0,4
1965,17,8,1,46,14,1,0,True,middle,6.61,,0.136,1.343,0.037,0.525,0.445,0,1
1966,17,8,2,60,14,0,2,True,middle,6.72,,0.139,1.339,0.037,0.484,0.477,0,2
1967,17,8,3,60,14,0,0,True,middle,6.59,,0.142,1.338,0.037,0.485,0.436,0,0
1968,17,8,4,60,14,4,0,True,middle,6.92,,0.145,1.337,0.037,0.637,0.454,0,4
1969,17,8,5,60,14,2,0,True,middle,7.02,,0.147,1.336,0.037,0.488,0.507,0,2
1970,17,8,6,60,14,6,0,True,middle,7.56,,0.15,1.334,0.037,0.639,0.51,0,6
1971,17,9,1,46,8,1,1,False,middle,7.78,,0.153,1.393,0.006,0.533,0.547,0,2
1972,17,9,1,60,8,0,0,True,middle,7.64,,0.153,1.39,0.032,0.49,0.491,0,0
1973,17,9,2,60,8,0,0,True,middle,7.5,,0.156,1.389,0.032,0.492,0.457,0,0
1974,17,9,3,60,8,1,0,True,middle,7.47,,0.159,1.388,0.032,0.493,0.563,0,1
1975,17,9,4,46,8,6,0,True,middle,7.97,,0.162,1.389,0.033,0.687,0.541,0,6
1976,17,9,5,46,8,1,0,True,middle,7.93,,0.164,1.388,0.033,0.538,0.485,0,1
1977,17,9,6,60,8,0,0,True,middle,7.8,,0.167,1.384,0.032,0.497,0.471,0,0
1978,17,10,1,46,10,1,0,True,middle,7.77,,0.17,1.395,0.032,0.541,0.531,0,1
1979,17,10,2,60,10,0,0,True,middle,7.65,,0.173,1.391,0.032,0.499,0.519,0,0
1980,17,10,3,60,10,4,0,True,middle,7.9,,0.176,1.39,0.032,0.651,0.537,0,4
1981,17,10,4,60,10,4,0,True,middle,8.16,,0.179,1.389,0.032,0.652,0.448,0,4
1982,17,10,5,60,10,0,0,True,middle,8.03,,0.181,1.388,0.032,0.503,0.467,0,0
1983,17,10,6,60,10,2,0,True,middle,8.09,,0.184,1.387,0.032,0.504,0.459,0,2
1984,17,11,1,46,12,4,0,True,middle,8.33,,0.187,1.616,0.011,0.698,0.641,0,4
1985,17,11,2,46,12,4,0,True,middle,8.56,,0.19,1.615,0.011,0.7,0.532,1,4
1986,17,11,3,56,12,1,0,True,middle,8.52,,0.219,1.709,0.023,0.684,0.521,0,1
1987,17,11,4,60,12,2,0,True,middle,8.57,,0.222,1.599,0.012,0.521,0.672,1,2
1988,17,11,5,58,12,0,0,True,middle,8.45,,0.25,1.511,0.022,0.527,0.616,0,0
1989,17,11,6,58,12,1,0,True,middle,8.42,,0.253,1.51,0.022,0.528,0.534,0,1
1990,17,12,1,58,7,1,0,True,middle,8.38,,0.256,1.175,0.054,0.529,0.355,0,1
1991,17,12,2,56,7,0,0,True,middle,8.27,,0.259,1.359,0.057,0.702,0.512,0,0
1992,17,12,3,56,7,6,0,True,middle,8.64,,0.262,1.358,0.057,0.854,0.529,0,6
1993,17,12,4,56,7,2,0,True,middle,8.68,,0.265,1.357,0.057,0.705,0.499,0,2
1994,17,12,5,56,7,4,0,True,middle,8.88,,0.267,1.356,0.057,0.856,0.432,0,4
1995,17,12,6,56,7,0,0,True,middle,8.77,,0.27,1.354,0.058,0.707,0.47,0,0
1996,17,13,1,58,9,1,0,True,middle,8.73,,0.273,1.206,0.051,0.537,0.426,0,1
1997,17,13,2,56,9,4,0,True,middle,8.92,,0.276,1.39,0.054,0.86,0.543,0,4
1998,17,13,3,56,9,6,0,True,middle,9.26,,0.279,1.389,0.054,0.861,0.465,0,6
1999,17,13,4,56,9,0,0,True,middle,9.15,,0.282,1.387,0.054,0.713,0.454,0,0
2000,17,13,5,56,9,1,0,True,middle,9.11,,0.284,1.387,0.055,0.714,0.461,0,1
2001,17,13,6,58,9,0,0,True,middle,9.0,,0.287,1.2,0.051,0.543,0.486,0,0
2002,17,14,1,56,14,0,0,True,middle,8.89,,0.29,1.384,0.055,0.716,0.475,0,0
2003,17,14,2,56,14,1,0,True,middle,8.86,,0.293,1.383,0.055,0.718,0.542,0,1
2004,17,14,3,58,14,1,0,True,middle,8.83,,0.296,1.196,0.052,0.547,0.404,0,1
2005,17,14,4,56,14,1,0,True,middle,8.8,,0.298,1.381,0.055,0.72,0.484,0,1
2006,17,14,5,58,14,1,0,True,middle,8.76,,0.301,1.194,0.052,0.55,0.445,0,1
2007,17,14,6,56,14,0,0,True,middle,8.67,,0.304,1.378,0.055,0.723,0.419,0,0
2008,17,15,1,58,8,1,0,True,death,8.64,,0.307,1.249,0.065,0.552,0.488,0,1
2009,17,15,2,56,8,0,0,True,death,8.54,,0.31,1.433,0.068,0.725,0.555,0,0
2010,17,15,3,56,8,6,0,True,death,8.84,,0.313,1.432,0.068,0.877,0.546,0,6
2011,17,15,4,56,8,1,0,True,death,8.81,,0.316,1.43,0.068,0.728,0.568,0,1
2012,17,15,5,58,8,2,0,True,death,8.84,,0.318,1.244,0.065,0.557,0.384,0,2
2013,17,15,6,58,8,0,0,True,death,8.75,,0.321,1.243,0.066,0.559,0.446,0,0
2014,17,16,1,56,12,4,0,True,death,8.91,,0.324,1.665,0.046,0.882,0.559,0,4
2015,17,16,2,56,12,4,0,True,death,9.06,,0.327,1.664,0.046,0.883,0.52,0,4
2016,17,16,3,56,12,2,0,True,death,9.09,,0.33,1.663,0.046,0.734,0.585,0,2
2017,17,16,4,56,12,4,0,True,death,9.24,,0.333,1.661,0.047,0.886,0.581,0,4
2018,17,16,5,56,12,1,0,True,death,9.21,,0.335,1.66,0.047,0.736,0.629,0,1
2019,17,16,6,58,12,0,0,True,death,9.12,,0.338,1.474,0.044,0.566,0.556,0,0
2020,17,17,1,56,12,1,0,True,death,9.09,,0.341,1.658,0.047,0.739,0.644,0,1
2021,17,17,2,58,12,0,0,True,death,9.0,,0.344,1.471,0.044,0.569,0.604,0,0
2022,17,17,3,58,12,1,0,True,death,8.97,,0.347,1.47,0.044,0.57,0.552,0,1
2023,17,17,4,56,12,2,0,True,death,9.0,,0.35,1.654,0.047,0.743,0.584,0,2
2024,17,17,5,56,12,1,0,True,death,8.97,,0.352,1.653,0.047,0.744,0.584,0,1
2025,17,17,6,58,12,0,0,True,death,8.89,,0.355,1.467,0.044,0.574,0.492,1,0
2026,17,18,1,56,14,1,0,True,death,8.86,,0.384,1.345,0.077,0.759,0.515,0,1
2027,17,18,2,57,14,1,0,True,death,8.84,,0.387,1.322,0.075,0.803,0.454,0,1
2028,17,18,3,56,14,0,0,True,death,8.76,,0.39,1.342,0.077,0.761,0.52,0,0
2029,17,18,4,56,14,2,1,False,death,8.92,,0.393,1.341,0.012,0.763,0.5,0,3
2030,17,18,4,56,14,2,0,True,death,8.95,,0.393,1.341,0.077,0.763,0.519,0,2
2031,17,18,5,56,14,1,0,True,death,8.92,,0.395,1.34,0.078,0.763,0.532,0,1
2032,17,18,6,57,14,1,0,True,death,8.89,,0.398,1.317,0.076,0.808,0.423,0,1
2033,17,19,1,57,9,6,0,True,death,9.13,,0.401,1.316,0.076,0.959,0.408,0,6
2034,17,19,2,57,9,1,0,True,death,9.1,,0.404,1.315,0.076,0.81,0.362,0,1
2035,17,19,3,56,9,0,0,True,death,9.03,,0.407,1.335,0.078,0.769,0.509,0,0
2036,17,19,4,56,9,6,0,True,death,9.25,,0.41,1.334,0.078,0.92,0.403,0,6
2037,17,19,5,56,9,0,0,True,death,9.18,,0.412,1.333,0.078,0.771,0.509,0,0
2038,17,19,6,56,9,6,0,True,death,9.4,,0.415,1.332,0.078,0.922,0.398,0,6
2039,18,0,1,15,55,4,0,True,powerplay,24.0,9.33,0.27,1.46,0.04,0.822,0.54,0,4
2040,18,0,2,15,55,4,0,True,powerplay,24.0,9.2,0.269,1.46,0.04,0.821,0.567,0,4
2041,18,0,3,15,55,0,0,True,powerplay,16.0,9.28,0.269,1.46,0.04,0.671,0.545,0,0
2042,18,0,4,15,55,1,0,True,powerplay,13.5,9.31,0.274,1.458,0.04,0.673,0.606,0,1
2043,18,0,5,1,55,0,0,True,powerplay,10.8,9.39,0.277,1.365,0.043,0.596,0.532,0,0
2044,18,0,6,1,55,1,0,True,powerplay,10.0,9.42,0.282,1.363,0.043,0.598,0.498,0,1
2045,18,1,1,1,59,0,0,True,powerplay,8.57,9.5,0.286,1.38,0.042,0.6,0.536,1,0
2046,18,1,2,6,59,2,0,True,powerplay,9.0,9.48,0.317,1.524,0.047,0.807,0.567,0,2
2047,18,1,3,6,59,3,0,True,powerplay,10.0,9.41,0.32,1.523,0.047,0.808,0.6,0,3
2048,18,1,4,15,59,4,0,True,powerplay,11.4,9.27,0.32,1.458,0.041,0.844,0.638,0,4
2049,18,1,5,15,59,3,0,True,powerplay,12.0,9.19,0.319,1.458,0.041,0.694,0.561,0,3
2050,18,1,6,6,59,1,0,True,powerplay,11.5,9.22,0.32,1.523,0.047,0.808,0.525,1,1
2051,18,2,1,13,54,1,0,True,powerplay,11.08,9.25,0.349,1.323,0.047,0.65,0.551,0,1
2052,18,2,2,15,54,4,0,True,powerplay,12.0,9.11,0.353,1.454,0.041,0.859,0.548,0,4
2053,18,2,3,15,54,0,0,True,powerplay,11.2,9.2,0.352,1.454,0.041,0.708,0.597,0,0
2054,18,2,4,15,54,4,1,False,powerplay,13.2,8.91,0.357,1.452,0.006,0.861,0.55,0,5
2055,18,2,4,15,54,1,0,True,powerplay,12.75,8.94,0.349,1.455,0.041,0.707,0.612,0,1
2056,18,2,5,13,54,1,0,True,powerplay,12.35,8.97,0.353,1.321,0.047,0.652,0.513,0,1
2057,18,2,6,15,54,1,0,True,powerplay,12.0,9.0,0.356,1.452,0.041,0.71,0.498,0,1
2058,18,3,1,15,53,1,0,True,powerplay,11.68,9.03,0.36,1.451,0.042,0.712,0.529,0,1
2059,18,3,2,13,53,0,0,True,powerplay,11.1,9.12,0.364,1.317,0.048,0.657,0.452,0,0
2060,18,3,3,13,53,0,0,True,powerplay,10.57,9.21,0.369,1.315,0.048,0.659,0.441,0,0
2061,18,3,4,13,53,2,0,True,powerplay,10.64,9.18,0.375,1.312,0.048,0.662,0.458,0,2
2062,18,3,5,13,53,1,0,True,powerplay,10.43,9.22,0.377,1.311,0.048,0.663,0.537,0,1
2063,18,3,6,15,53,6,0,True,powerplay,11.5,8.94,0.381,1.442,0.042,0.871,0.596,0,6
2064,18,4,1,13,52,0,0,True,powerplay,11.04,9.03,0.375,1.322,0.047,0.662,0.574,0,0
2065,18,4,2,13,52,0,0,True,powerplay,10.62,9.13,0.381,1.319,0.048,0.664,0.494,0,0
2066,18,4,3,13,52,1,0,True,powerplay,10.44,9.16,0.387,1.316,0.048,0.667,0.429,0,1
2067,18,4,4,15,52,6,0,True,powerplay,11.36,8.87,0.39,1.448,0.042,0.876,0.577,0,6
2068,18,4,5,15,52,0,0,True,powerplay,10.97,8.97,0.385,1.45,0.042,0.723,0.574,0,0
2069,18,4,6,15,52,0,0,True,powerplay,10.6,9.07,0.39,1.448,0.042,0.726,0.526,0,0
2070,18,5,1,13,57,4,0,True,powerplay,11.03,8.9,0.396,1.484,0.032,0.821,0.55,0,4
2071,18,5,2,13,57,1,0,True,powerplay,10.88,8.93,0.394,1.485,0.032,0.67,0.556,0,1
2072,18,5,3,15,57,1,0,True,powerplay,10.73,8.97,0.398,1.616,0.026,0.729,0.684,0,1
2073,18,5,4,13,57,1,0,True,powerplay,10.59,9.0,0.402,1.482,0.032,0.674,0.605,0,1
2074,18,5,5,15,57,4,0,True,powerplay,10.97,8.82,0.405,1.613,0.026,0.882,0.574,0,4
2075,18,5,6,15,57,1,0,True,powerplay,10.83,8.86,0.403,1.614,0.026,0.731,0.679,0,1
2076,18,6,1,15,55,0,0,True,middle,10.54,8.96,0.407,1.402,0.046,0.733,0.612,0,0
2077,18,6,2,15,55,1,0,True,middle,10.42,9.0,0.413,1.4,0.047,0.736,0.567,0,1
2078,18,6,3,13,55,2,0,True,middle,10.46,8.96,0.417,1.266,0.053,0.681,0.568,0,2
2079,18,6,4,13,55,1,0,True,middle,10.35,9.0,0.419,1.265,0.053,0.681,0.449,0,1
2080,18,6,5,15,55,6,0,True,middle,10.98,8.66,0.422,1.396,0.047,0.89,0.526,0,6
2081,18,6,6,15,55,4,0,True,middle,11.29,8.46,0.416,1.399,0.047,0.887,0.525,0,4
2082,18,7,1,13,59,2,0,True,middle,11.3,8.42,0.413,1.287,0.051,0.679,0.574,0,2
2083,18,7,2,13,59,0,0,True,middle,11.05,8.53,0.414,1.286,0.051,0.679,0.44,0,0
2084,18,7,3,13,59,0,0,True,middle,10.8,8.64,0.42,1.284,0.051,0.682,0.494,0,0
2085,18,7,4,13,59,1,0,True,middle,10.7,8.68,0.426,1.281,0.051,0.685,0.543,0,1
2086,18,7,5,15,59,1,0,True,middle,10.6,8.71,0.43,1.412,0.046,0.744,0.499,0,1
2087,18,7,6,13,59,4,0,True,middle,10.88,8.5,0.434,1.278,0.052,0.838,0.483,0,4
2088,18,8,1,15,54,1,0,True,middle,10.78,8.54,0.431,1.421,0.045,0.744,0.539,0,1
2089,18,8,2,13,54,0,0,True,middle,10.56,8.66,0.435,1.287,0.051,0.689,0.553,0,0
2090,18,8,3,13,54,0,0,True,middle,10.35,8.78,0.441,1.284,0.051,0.691,0.45,0,0
2091,18,8,4,13,54,0,0,True,middle,10.15,8.91,0.447,1.282,0.051,0.694,0.572,0,0
2092,18,8,5,13,54,0,0,True,middle,9.96,9.04,0.454,1.279,0.052,0.697,0.58,0,0
2093,18,8,6,13,54,0,1,True,middle,9.89,9.09,0.46,1.276,0.052,0.7,0.465,0,1
2094,18,9,1,13,53,2,0,True,middle,9.93,9.05,0.465,1.274,0.052,0.702,0.426,0,2
2095,18,9,2,13,53,0,0,True,middle,9.75,9.19,0.466,1.274,0.052,0.703,0.478,0,0
2096,18,9,3,13,53,1,0,True,middle,9.68,9.24,0.473,1.271,0.053,0.706,0.439,0,1
2097,18,9,4,15,53,0,2,True,middle,9.72,9.19,0.478,1.401,0.047,0.765,0.651,0,2
2098,18,9,5,15,53,1,0,True,middle,9.66,9.25,0.479,1.401,0.047,0.766,0.544,0,1
2099,18,9,6,13,53,0,1,True,middle,9.6,9.3,0.483,1.267,0.053,0.71,0.571,0,1
2100,18,10,1,13,52,0,0,True,middle,9.44,9.46,0.488,1.274,0.052,0.712,0.479,0,0
2101,18,10,2,13,52,1,0,True,middle,9.39,9.52,0.495,1.271,0.053,0.716,0.467,1,1
2102,18,10,3,15,52,2,0,True,middle,9.43,9.47,0.526,1.39,0.048,0.787,0.622,0,2
2103,18,10,4,15,52,1,0,True,middle,9.38,9.54,0.527,1.39,0.048,0.787,0.62,0,1
2104,18,10,5,2,52,0,2,True,middle,9.42,9.49,0.532,1.142,0.059,0.697,0.496,0,2
2105,18,10,6,2,52,0,0,True,middle,9.27,9.67,0.533,1.142,0.059,0.697,0.442,0,0
2106,18,11,1,15,57,6,0,True,middle,9.67,9.17,0.541,1.556,0.032,0.943,0.655,0,6
2107,18,11,2,15,57,2,0,True,middle,9.71,9.12,0.53,1.56,0.032,0.789,0.609,0,2
2108,18,11,3,15,57,0,0,True,middle,9.57,9.29,0.531,1.56,0.032,0.789,0.611,0,0
2109,18,11,4,15,57,0,0,True,middle,9.43,9.48,0.539,1.556,0.032,0.793,0.629,0,0
2110,18,11,5,15,57,0,0,True,middle,9.3,9.67,0.547,1.553,0.033,0.796,0.582,0,0
2111,18,11,6,15,57,0,1,False,middle,9.38,9.55,0.555,1.55,0.006,0.8,0.66,0,1
2112,18,11,6,15,57,1,0,True,middle,9.33,9.62,0.552,1.551,0.033,0.798,0.653,0,1
2113,18,12,1,15,55,2,0,True,middle,9.37,9.57,0.557,1.339,0.053,0.801,0.589,0,2
2114,18,12,2,15,55,1,0,True,middle,9.32,9.65,0.558,1.339,0.053,0.801,0.555,0,1
2115,18,12,3,2,55,0,0,True,middle,9.2,9.87,0.563,1.091,0.064,0.71,0.458,0,0
2116,18,12,4,2,55,2,0,True,middle,9.24,9.82,0.573,1.087,0.064,0.715,0.343,0,2
2117,18,12,5,2,55,0,0,True,middle,9.12,10.05,0.574,1.086,0.064,0.715,0.362,0,0
2118,18,12,6,2,55,0,0,True,middle,9.0,10.29,0.583,1.082,0.065,0.719,0.387,0,0
2119,18,13,1,15,59,2,0,True,middle,9.04,10.24,0.593,1.343,0.053,0.817,0.601,0,2
2120,18,13,2,15,59,1,0,True,middle,9.0,10.35,0.594,1.343,0.053,0.817,0.554,1,1
2121,18,13,3,2,59,0,0,True,middle,8.89,10.62,0.626,1.083,0.065,0.739,0.48,0,0
2122,18,13,4,2,59,0,0,True,middle,8.78,10.89,0.637,1.079,0.065,0.744,0.461,0,0
2123,18,13,5,2,59,0,0,True,middle,8.67,11.19,0.647,1.075,0.066,0.748,0.49,0,0
2124,18,13,6,2,59,3,0,True,middle,8.79,11.0,0.659,1.07,0.066,0.754,0.403,0,3
2125,18,14,1,2,54,4,0,True,middle,8.96,10.63,0.656,1.08,0.065,0.902,0.457,1,4
2126,18,14,2,7,54,0,0,True,middle,8.86,10.94,0.675,0.361,0.106,0.661,0,0,0
2127,18,14,3,7,54,1,0,True,middle,8.83,11.09,0.686,0.357,0.106,0.666,0,0,1
2128,18,14,4,12,54,1,0,True,middle,8.8,11.25,0.693,1.012,0.073,0.762,0.459,0,1
2129,18,14,5,7,54,1,0,True,middle,8.76,11.42,0.701,0.35,0.107,0.673,0,0,1
2130,18,14,6,12,54,0,0,True,middle,8.67,11.8,0.708,1.005,0.074,0.769,0.33,0,0
2131,18,15,1,7,53,4,0,True,death,8.84,11.38,0.722,0.342,0.126,0.832,0,0,4
2132,18,15,2,7,53,1,0,True,death,8.8,11.57,0.713,0.345,0.125,0.678,0,0,1
2133,18,15,3,12,53,1,0,True,death,8.77,11.78,0.721,1.0,0.093,0.774,0.394,0,1
2134,18,15,4,7,53,0,0,True,death,8.68,12.23,0.73,0.338,0.126,0.686,0,0,0
2135,18,15,5,7,53,4,0,True,death,8.84,11.76,0.746,0.332,0.127,0.843,0,0,4
2136,18,15,6,7,53,0,2,True,death,8.88,11.75,0.735,0.336,0.126,0.688,0,0,2
2137,18,16,1,12,59,6,0,True,death,9.15,10.7,0.738,0.983,0.094,0.932,0.342,0,6
2138,18,16,2,12,59,0,0,True,death,9.06,11.18,0.711,0.994,0.093,0.77,0.445,0,0
2139,18,16,3,12,59,2,0,True,death,9.09,11.14,0.727,0.988,0.094,0.777,0.348,0,2
2140,18,16,4,12,59,0,0,True,death,9.0,11.7,0.729,0.987,0.094,0.778,0.384,0,0
2141,18,16,5,12,59,1,0,True,death,8.97,12.0,0.748,0.979,0.095,0.787,0.337,1,1
2142,18,16,6,7,59,0,0,True,death,8.88,12.67,0.785,0.306,0.129,0.71,0,0,0
2143,18,17,1,9,57,1,0,True,death,8.85,13.06,0.807,0.861,0.111,0.906,0.111,0,1
2144,18,17,2,7,57,2,0,True,death,8.88,13.12,0.821,0.481,0.113,0.727,0.043,0,2
2145,18,17,3,7,57,1,0,True,death,8.86,13.6,0.826,0.479,0.113,0.729,0,0,1
2146,18,17,4,9,57,1,0,True,death,8.83,14.14,0.842,0.846,0.113,0.922,0.113,0,1
2147,18,17,5,7,57,1,0,True,death,8.8,14.77,0.856,0.466,0.114,0.742,0.035,0,1
2148,18,17,6,9,57,4,0,True,death,8.94,14.0,0.859,0.839,0.114,1,0.175,0,4
2149,18,18,1,7,57,2,0,True,death,8.97,14.18,0.862,0.464,0.115,0.745,0,0,2
2150,18,18,2,7,57,2,0,True,death,9.0,14.4,0.865,0.463,0.115,0.746,0,0,2
2151,18,18,3,7,57,0,0,True,death,8.92,16.0,0.868,0.461,0.115,0.748,0,0,0
2152,18,18,4,7,57,2,0,True,death,8.95,16.5,0.871,0.46,0.115,0.749,0.013,0,2
2153,18,18,5,7,57,1,0,True,death,8.92,18.0,0.873,0.459,0.115,0.75,0,0,1
2154,18,18,6,9,57,1,0,True,death,8.89,20.0,0.876,0.832,0.114,0.937,0.197,0,1
2155,18,19,1,9,52,2,0,True,death,8.92,21.6,0.879,0.659,0.131,0.938,0.053,0,2
2156,18,19,2,9,52,0,0,True,death,8.84,27.0,0.882,0.658,0.131,0.94,0.009,1,0
2157,18,19,3,14,52,4,0,True,death,8.97,28.0,0.911,0.354,0.146,1,0,0,4
2158,18,19,4,14,52,6,0,True,death,9.2,24.0,0.914,0.353,0.146,1,0,0,6
2159,18,19,5,14,52,1,0,True,death,9.18,42.0,0.916,0.352,0.147,0.891,0,0,1
2160,18,19,6,7,52,1,0,True,death,9.15,36.0,0.919,0.268,0.134,0.771,0,1,1
2161,19,0,1,36,29,4,0,True,powerplay,24.0,,0.0,1.391,0.023,0.529,0.593,0,4
2162,19,0,2,36,29,0,0,True,powerplay,12.0,,0.003,1.39,0.023,0.38,0.577,0,0
2163,19,0,3,36,29,2,0,True,powerplay,12.0,,0.006,1.388,0.023,0.381,0.438,0,2
2164,19,0,4,36,29,2,0,True,powerplay,12.0,,0.009,1.387,0.024,0.383,0.451,0,2
2165,19,0,5,36,29,0,1,True,powerplay,10.8,,0.011,1.386,0.024,0.384,0.44,0,1
2166,19,0,6,31,29,0,0,True,powerplay,9.0,,0.014,1.549,0.032,0.599,0.576,0,0
2167,19,1,1,36,22,2,0,True,powerplay,9.43,,0.017,1.46,0.017,0.386,0.49,0,2
2168,19,1,2,36,22,1,0,True,powerplay,9.0,,0.02,1.459,0.017,0.388,0.618,0,1
2169,19,1,3,31,22,1,0,True,powerplay,8.67,,0.023,1.621,0.025,0.603,0.51,0,1
2170,19,1,4,36,22,0,0,True,powerplay,7.8,,0.026,1.456,0.017,0.39,0.474,0,0
2171,19,1,5,36,22,0,1,True,powerplay,7.64,,0.028,1.455,0.017,0.391,0.518,0,1
2172,19,1,6,31,22,4,0,True,powerplay,9.0,,0.031,1.618,0.025,0.757,0.503,0,4
2173,19,2,1,36,24,1,0,True,powerplay,8.77,,0.034,1.453,0.017,0.394,0.489,0,1
2174,19,2,2,31,24,1,0,True,powerplay,8.57,,0.037,1.615,0.026,0.61,0.477,0,1
2175,19,2,3,36,24,2,0,True,powerplay,8.8,,0.04,1.45,0.018,0.397,0.523,0,2
2176,19,2,4,36,24,4,0,True,powerplay,9.75,,0.043,1.449,0.018,0.548,0.483,0,4
2177,19,2,5,36,24,2,0,True,powerplay,9.88,,0.045,1.448,0.018,0.399,0.585,0,2
2178,19,2,6,36,24,1,0,True,powerplay,9.67,,0.048,1.447,0.018,0.4,0.6,0,1
2179,19,3,1,36,23,1,0,True,powerplay,9.47,,0.051,1.465,0.016,0.402,0.528,0,1
2180,19,3,2,31,23,1,0,True,powerplay,9.3,,0.054,1.627,0.025,0.617,0.486,0,1
2181,19,3,3,36,23,4,0,True,powerplay,10.0,,0.057,1.462,0.017,0.554,0.561,0,4
2182,19,3,4,36,23,0,0,True,powerplay,9.55,,0.059,1.461,0.017,0.405,0.617,0,0
2183,19,3,5,36,23,0,0,True,powerplay,9.13,,0.062,1.46,0.017,0.406,0.607,0,0
2184,19,3,6,36,23,1,0,True,powerplay,9.0,,0.065,1.459,0.017,0.408,0.614,0,1
2185,19,4,1,36,25,1,0,True,powerplay,8.88,,0.068,1.467,0.016,0.409,0.536,0,1
2186,19,4,2,31,25,1,0,True,powerplay,8.77,,0.071,1.63,0.024,0.625,0.504,0,1
2187,19,4,3,36,25,1,0,True,powerplay,8.67,,0.074,1.464,0.017,0.412,0.541,0,1
2188,19,4,4,31,25,0,0,True,powerplay,8.36,,0.077,1.627,0.025,0.628,0.583,0,0
2189,19,4,5,31,25,1,0,True,powerplay,8.28,,0.079,1.626,0.025,0.628,0.588,0,1
2190,19,4,6,36,25,0,0,True,powerplay,8.0,,0.082,1.461,0.017,0.415,0.589,0,0
2191,19,5,1,31,29,1,0,True,powerplay,7.94,,0.085,1.519,0.035,0.631,0.496,0,1
2192,19,5,2,36,29,1,0,True,powerplay,7.88,,0.088,1.354,0.027,0.418,0.461,0,1
2193,19,5,3,31,29,0,0,True,powerplay,7.64,,0.091,1.517,0.035,0.634,0.523,0,0
2194,19,5,4,31,29,1,0,True,powerplay,7.59,,0.094,1.515,0.035,0.635,0.423,0,1
2195,19,5,5,36,29,1,0,True,powerplay,7.54,,0.096,1.35,0.028,0.422,0.455,0,1
2196,19,5,6,31,29,0,0,True,powerplay,7.33,,0.099,1.513,0.036,0.637,0.506,0,0
2197,19,6,1,36,22,1,0,True,middle,7.3,,0.102,1.424,0.021,0.424,0.576,0,1
2198,19,6,2,31,22,0,0,True,middle,7.11,,0.105,1.587,0.029,0.64,0.593,0,0
2199,19,6,3,31,22,1,0,True,middle,7.08,,0.108,1.586,0.029,0.641,0.585,0,1
2200,19,6,4,36,22,4,0,True,middle,7.5,,0.111,1.42,0.021,0.579,0.592,0,4
2201,19,6,5,36,22,1,0,True,middle,7.46,,0.113,1.42,0.021,0.429,0.565,0,1
2202,19,6,6,31,22,0,0,True,middle,7.29,,0.116,1.582,0.029,0.645,0.567,0,0
2203,19,7,1,36,24,0,0,True,middle,7.12,,0.119,1.417,0.021,0.432,0.491,0,0
2204,19,7,2,36,24,1,0,True,middle,7.09,,0.122,1.416,0.021,0.433,0.567,0,1
2205,19,7,3,31,24,6,0,True,middle,7.73,,0.125,1.578,0.03,0.799,0.527,0,6
2206,19,7,4,31,24,0,0,True,middle,7.57,,0.128,1.577,0.03,0.65,0.551,0,0
2207,19,7,5,31,24,0,0,True,middle,7.4,,0.13,1.576,0.03,0.651,0.453,0,0
2208,19,7,6,31,24,1,1,False,middle,7.66,,0.133,1.575,0.006,0.653,0.549,0,2
2209,19,7,6,36,24,1,0,True,middle,7.62,,0.133,1.411,0.022,0.438,0.624,0,1
2210,19,8,1,36,23,1,0,True,middle,7.59,,0.136,1.429,0.02,0.44,0.499,0,1
2211,19,8,2,31,23,0,0,True,middle,7.44,,0.139,1.592,0.028,0.655,0.615,0,0
2212,19,8,3,31,23,0,2,True,middle,7.53,,0.142,1.59,0.029,0.657,0.517,0,2
2213,19,8,4,31,23,2,0,True,middle,7.62,,0.145,1.589,0.029,0.658,0.518,0,2
2214,19,8,5,31,23,0,0,True,middle,7.47,,0.147,1.588,0.029,0.659,0.611,0,0
2215,19,8,6,31,23,2,0,True,middle,7.56,,0.15,1.587,0.029,0.66,0.53,0,2
2216,19,9,1,36,25,0,0,True,middle,7.42,,0.153,1.431,0.02,0.447,0.496,0,0
2217,19,9,2,36,25,2,0,True,middle,7.5,,0.156,1.43,0.02,0.449,0.492,0,2
2218,19,9,3,36,25,2,0,True,middle,7.58,,0.159,1.429,0.02,0.45,0.53,0,2
2219,19,9,4,36,25,2,0,True,middle,7.66,,0.162,1.427,0.021,0.451,0.595,0,2
2220,19,9,5,36,25,0,0,True,middle,7.53,,0.164,1.427,0.021,0.452,0.614,0,0
2221,19,9,6,36,25,1,0,True,middle,7.5,,0.167,1.425,0.021,0.454,0.577,0,1
2222,19,10,1,36,29,0,0,True,middle,7.38,,0.17,1.319,0.031,0.455,0.48,0,0
2223,19,10,2,36,29,0,1,True,middle,7.35,,0.173,1.318,0.031,0.456,0.574,0,1
2224,19,10,3,31,29,0,0,True,middle,7.24,,0.176,1.481,0.039,0.672,0.468,0,0
2225,19,10,4,31,29,0,0,True,middle,7.12,,0.179,1.48,0.039,0.673,0.457,0,0
2226,19,10,5,31,29,0,0,True,middle,7.02,,0.181,1.479,0.039,0.674,0.47,0,0
2227,19,10,6,31,29,1,0,True,middle,7.0,,0.184,1.477,0.04,0.676,0.508,0,1
2228,19,11,1,31,22,0,0,True,middle,6.9,,0.187,1.552,0.032,0.677,0.544,0,0
2229,19,11,2,31,22,0,0,True,middle,6.79,,0.19,1.551,0.033,0.678,0.532,0,0
2230,19,11,3,31,22,1,0,True,middle,6.78,,0.193,1.55,0.033,0.68,0.497,0,1
2231,19,11,4,36,22,4,0,True,middle,7.03,,0.196,1.385,0.025,0.617,0.551,0,4
2232,19,11,5,36,22,0,0,True,middle,6.93,,0.198,1.384,0.025,0.468,0.597,0,0
2233,19,11,6,36,22,0,0,True,middle,6.83,,0.201,1.383,0.025,0.469,0.515,0,0
2234,19,12,1,31,24,4,0,True,middle,7.07,,0.204,1.545,0.033,0.835,0.55,0,4
2235,19,12,2,31,24,4,0,True,middle,7.3,,0.207,1.544,0.033,0.836,0.551,0,4
2236,19,12,3,31,24,2,0,True,middle,7.36,,0.21,1.543,0.033,0.687,0.541,0,2
2237,19,12,4,31,24,4,0,True,middle,7.58,,0.213,1.541,0.034,0.839,0.477,0,4
2238,19,12,5,31,24,1,0,True,middle,7.56,,0.215,1.541,0.034,0.69,0.497,0,1
2239,19,12,6,36,24,0,0,True,middle,7.46,,0.218,1.375,0.026,0.477,0.625,0,0
2240,19,13,1,31,23,1,0,True,middle,7.44,,0.221,1.557,0.032,0.692,0.547,0,1
2241,19,13,2,36,23,0,0,True,middle,7.35,,0.224,1.392,0.024,0.479,0.545,0,0
2242,19,13,3,36,23,0,1,True,middle,7.33,,0.227,1.391,0.024,0.481,0.618,0,1
2243,19,13,4,31,23,4,0,True,middle,7.54,,0.23,1.553,0.032,0.846,0.589,0,4
2244,19,13,5,31,23,4,0,True,middle,7.73,,0.232,1.553,0.033,0.847,0.475,0,4
2245,19,13,6,31,23,0,0,True,middle,7.64,,0.235,1.551,0.033,0.699,0.534,0,0
2246,19,14,1,36,25,2,0,True,middle,7.69,,0.238,1.396,0.024,0.486,0.506,0,2
2247,19,14,2,36,25,0,0,True,middle,7.6,,0.241,1.394,0.024,0.487,0.568,0,0
2248,19,14,3,36,25,1,0,True,middle,7.59,,0.244,1.393,0.024,0.488,0.615,0,1
2249,19,14,4,31,25,1,0,True,middle,7.57,,0.246,1.556,0.032,0.704,0.463,0,1
2250,19,14,5,36,25,1,0,True,middle,7.55,,0.249,1.391,0.024,0.491,0.545,0,1
2251,19,14,6,31,25,4,0,True,middle,7.73,,0.252,1.554,0.033,0.856,0.555,0,4
2252,19,15,1,36,29,4,0,True,death,7.91,,0.255,1.284,0.053,0.643,0.531,0,4
2253,19,15,2,36,29,4,0,True,death,8.09,,0.258,1.282,0.053,0.645,0.485,0,4
2254,19,15,3,36,29,3,0,True,death,8.19,,0.261,1.281,0.053,0.496,0.447,0,3
2255,19,15,4,31,29,0,1,False,death,8.26,,0.264,1.444,0.006,0.712,0.437,0,1
2256,19,15,4,31,29,1,0,True,death,8.23,,0.264,1.444,0.061,0.712,0.436,0,1
2257,19,15,5,36,29,1,0,True,death,8.21,,0.266,1.279,0.053,0.498,0.523,0,1
2258,19,15,6,31,29,0,0,True,death,8.12,,0.269,1.442,0.061,0.714,0.438,0,0
2259,19,16,1,36,23,6,0,True,death,8.41,,0.272,1.372,0.044,0.651,0.608,0,6
2260,19,16,2,36,23,6,0,True,death,8.69,,0.275,1.371,0.045,0.652,0.606,0,6
2261,19,16,3,36,23,2,0,True,death,8.73,,0.278,1.369,0.045,0.504,0.503,0,2
2262,19,16,4,36,23,2,0,True,death,8.76,,0.281,1.368,0.045,0.505,0.594,0,2
2263,19,16,5,36,23,6,0,True,death,9.03,,0.283,1.367,0.045,0.656,0.607,0,6
2264,19,16,6,36,23,4,0,True,death,9.18,,0.286,1.366,0.045,0.657,0.573,0,4
2265,19,17,1,31,22,1,0,True,death,9.15,,0.289,1.51,0.055,0.723,0.512,0,1
2266,19,17,2,36,22,4,0,True,death,9.29,,0.292,1.344,0.047,0.66,0.592,0,4
2267,19,17,3,36,22,0,0,True,death,9.2,,0.295,1.343,0.047,0.511,0.593,0,0
2268,19,17,4,36,22,2,0,True,death,9.23,,0.298,1.342,0.047,0.513,0.593,1,2
2269,19,17,5,41,22,0,0,True,death,9.14,,0.326,1.351,0.055,0.59,0.507,0,0
2270,19,17,6,41,22,1,0,True,death,9.11,,0.329,1.35,0.055,0.591,0.516,1,1
2271,19,18,1,32,25,2,0,True,death,9.14,,0.358,1.505,0.061,0.79,0.466,0,2
2272,19,18,2,32,25,4,0,True,death,9.27,,0.361,1.504,0.061,0.941,0.509,0,4
2273,19,18,3,32,25,1,0,True,death,9.24,,0.364,1.503,0.061,0.792,0.533,0,1
2274,19,18,4,31,25,3,0,True,death,9.32,,0.367,1.505,0.056,0.758,0.594,1,3
2275,19,18,5,32,25,1,0,True,death,9.29,,0.395,1.49,0.063,0.806,0.559,0,1
2276,19,18,6,33,25,1,0,True,death,9.26,,0.398,1.203,0.056,0.522,0.438,0,1
2277,19,19,1,33,24,1,0,True,death,9.23,,0.401,1.173,0.059,0.523,0.497,0,1
2278,19,19,2,32,24,4,0,True,death,9.36,,0.404,1.457,0.066,0.96,0.501,0,4
2279,19,19,3,32,24,0,0,True,death,9.28,,0.407,1.456,0.066,0.812,0.475,0,0
2280,19,19,4,32,24,0,0,True,death,9.2,,0.41,1.455,0.066,0.813,0.577,1,0
2281,19,19,5,42,24,0,0,True,death,9.13,,0.438,1.314,0.066,0.719,0.447,0,0
2282,19,19,6,42,24,1,0,True,death,9.1,,0.441,1.313,0.066,0.72,0.468,0,1
2283,20,0,1,27,44,0,0,True,powerplay,0.0,9.23,0.261,1.373,0.048,0.653,0.518,0,0
2284,20,0,2,27,44,1,0,True,powerplay,3.0,9.25,0.267,1.371,0.048,0.656,0.477,0,1
2285,20,0,3,30,44,0,0,True,powerplay,2.0,9.33,0.27,1.438,0.055,0.736,0.457,0,0
2286,20,0,4,30,44,0,0,True,powerplay,1.5,9.41,0.275,1.436,0.056,0.738,0.529,0,0
2287,20,0,5,30,44,0,0,True,powerplay,1.2,9.5,0.28,1.434,0.056,0.74,0.529,0,0
2288,20,0,6,30,44,0,1,False,powerplay,2.4,9.44,0.286,1.432,0.006,0.743,0.579,0,1
2289,20,0,6,30,44,1,0,True,powerplay,3.0,9.47,0.284,1.432,0.056,0.742,0.535,0,1
2290,20,1,1,30,38,0,0,True,powerplay,2.57,9.56,0.288,1.45,0.054,0.744,0.452,0,0
2291,20,1,2,30,38,1,0,True,powerplay,3.0,9.59,0.293,1.448,0.055,0.746,0.527,0,1
2292,20,1,3,27,38,2,0,True,powerplay,4.0,9.57,0.297,1.377,0.048,0.669,0.584,0,2
2293,20,1,4,27,38,0,1,True,powerplay,4.2,9.6,0.299,1.376,0.048,0.67,0.463,0,1
2294,20,1,5,30,38,4,0,True,powerplay,6.0,9.47,0.303,1.443,0.055,0.901,0.573,0,4
2295,20,1,6,30,38,2,0,True,powerplay,6.5,9.44,0.302,1.444,0.055,0.75,0.442,0,2
2296,20,2,1,27,40,0,0,True,powerplay,6.0,9.53,0.304,1.498,0.036,0.673,0.635,0,0
2297,20,2,2,27,40,1,0,True,powerplay,6.0,9.57,0.309,1.496,0.036,0.675,0.484,0,1
2298,20,2,3,30,40,1,0,True,powerplay,6.0,9.6,0.313,1.563,0.044,0.755,0.487,0,1
2299,20,2,4,27,40,1,0,True,powerplay,6.0,9.63,0.317,1.493,0.037,0.678,0.623,0,1
2300,20,2,5,30,40,0,0,True,powerplay,5.65,9.73,0.32,1.56,0.044,0.758,0.529,0,0
2301,20,2,6,30,40,3,0,True,powerplay,6.33,9.65,0.326,1.558,0.044,0.761,0.538,0,3
2302,20,3,1,30,37,1,0,True,powerplay,6.32,9.68,0.327,1.605,0.04,0.761,0.56,1,1
2303,20,3,2,27,37,2,0,True,powerplay,6.6,9.66,0.356,1.524,0.034,0.696,0.506,0,2
2304,20,3,3,27,37,0,1,True,powerplay,6.57,9.7,0.359,1.523,0.034,0.697,0.574,0,1
2305,20,3,4,26,37,0,0,True,powerplay,6.27,9.8,0.363,1.384,0.027,0.556,0.504,0,0
2306,20,3,5,26,37,0,0,True,powerplay,6.0,9.9,0.368,1.382,0.027,0.558,0.528,0,0
2307,20,3,6,26,37,1,0,True,powerplay,6.0,9.94,0.374,1.38,0.027,0.561,0.542,0,1
2308,20,4,1,26,39,2,0,True,powerplay,6.24,9.92,0.378,1.397,0.026,0.563,0.548,0,2
2309,20,4,2,26,39,0,1,False,powerplay,6.48,9.85,0.38,1.396,0.006,0.564,0.649,0,1
2310,20,4,2,26,39,0,0,True,powerplay,6.23,9.96,0.378,1.397,0.026,0.563,0.572,0,0
2311,20,4,3,26,39,1,0,True,powerplay,6.22,10.0,0.384,1.394,0.026,0.566,0.612,0,1
2312,20,4,4,27,39,6,0,True,powerplay,7.29,9.72,0.388,1.529,0.033,0.86,0.536,0,6
2313,20,4,5,27,39,0,0,True,powerplay,7.03,9.82,0.383,1.532,0.033,0.708,0.532,0,0
2314,20,4,6,27,39,1,0,True,powerplay,7.0,9.87,0.389,1.529,0.033,0.711,0.665,0,1
2315,20,5,1,27,42,0,2,True,powerplay,7.16,9.84,0.393,1.575,0.029,0.713,0.612,0,2
2316,20,5,2,27,42,0,0,True,powerplay,6.94,9.95,0.395,1.574,0.029,0.713,0.667,0,0
2317,20,5,3,27,42,2,0,True,powerplay,7.09,9.93,0.401,1.572,0.029,0.716,0.656,0,2
2318,20,5,4,27,42,0,0,True,powerplay,6.88,10.05,0.403,1.571,0.03,0.717,0.649,0,0
2319,20,5,5,27,42,4,0,True,powerplay,7.37,9.88,0.409,1.568,0.03,0.87,0.572,0,4
2320,20,5,6,27,42,1,0,True,powerplay,7.33,9.93,0.407,1.569,0.03,0.719,0.595,0,1
2321,20,6,1,27,44,1,0,True,middle,7.3,9.98,0.412,1.31,0.055,0.721,0.5,0,1
2322,20,6,2,26,44,1,0,True,middle,7.26,10.02,0.416,1.171,0.047,0.58,0.565,0,1
2323,20,6,3,27,44,2,0,True,middle,7.38,10.0,0.42,1.306,0.055,0.725,0.507,0,2
2324,20,6,4,27,44,3,0,True,middle,7.65,9.9,0.422,1.306,0.055,0.726,0.475,0,3
2325,20,6,5,26,44,0,0,True,middle,7.46,10.03,0.422,1.169,0.048,0.583,0.432,0,0
2326,20,6,6,26,44,1,0,True,middle,7.43,10.08,0.429,1.166,0.048,0.586,0.439,0,1
2327,20,7,1,26,38,0,0,True,middle,7.26,10.21,0.433,1.183,0.046,0.588,0.516,0,0
2328,20,7,2,26,38,1,0,True,middle,7.23,10.26,0.44,1.18,0.047,0.591,0.49,0,1
2329,20,7,3,27,38,0,0,True,middle,7.07,10.4,0.444,1.315,0.054,0.736,0.47,1,0
2330,20,7,4,17,38,4,0,True,middle,7.43,10.22,0.477,1.341,0.064,0.972,0.472,0,4
2331,20,7,5,17,38,2,0,True,middle,7.53,10.19,0.474,1.342,0.064,0.82,0.537,0,2
2332,20,7,6,17,38,0,0,True,middle,7.38,10.33,0.476,1.341,0.064,0.821,0.455,0,0
2333,20,8,1,26,40,2,0,True,middle,7.47,10.31,0.483,1.286,0.037,0.61,0.511,0,2
2334,20,8,2,26,40,0,2,True,middle,7.56,10.29,0.485,1.285,0.037,0.611,0.485,0,2
2335,20,8,3,26,40,0,0,True,middle,7.41,10.43,0.488,1.284,0.037,0.612,0.519,1,0
2336,20,8,4,19,40,0,0,True,middle,7.27,10.59,0.52,1.284,0.042,0.655,0.571,0,0
2337,20,8,5,19,40,0,0,True,middle,7.13,10.75,0.528,1.28,0.043,0.659,0.549,0,0
2338,20,8,6,19,40,0,0,True,middle,7.0,10.91,0.535,1.278,0.043,0.662,0.469,0,0
2339,20,9,1,17,37,6,0,True,middle,7.53,10.52,0.543,1.484,0.051,1,0.499,0,6
2340,20,9,2,17,37,4,0,True,middle,7.82,10.31,0.534,1.488,0.051,0.997,0.578,0,4
2341,20,9,3,17,37,6,0,True,middle,8.32,9.9,0.531,1.489,0.05,0.996,0.559,0,6
2342,20,9,4,17,37,1,0,True,middle,8.28,9.97,0.522,1.493,0.05,0.842,0.592,0,1
2343,20,9,5,19,37,0,0,True,middle,8.14,10.13,0.527,1.329,0.038,0.659,0.59,0,0
2344,20,9,6,19,37,2,0,True,middle,8.2,10.1,0.535,1.325,0.039,0.662,0.527,0,2
2345,20,10,1,17,39,0,0,True,middle,8.07,10.27,0.537,1.506,0.049,0.849,0.546,0,0
2346,20,10,2,17,39,0,0,True,middle,7.94,10.45,0.544,1.503,0.049,0.852,0.577,0,0
2347,20,10,3,17,39,2,0,True,middle,8.0,10.42,0.552,1.5,0.05,0.856,0.622,0,2
2348,20,10,4,17,39,0,0,True,middle,7.88,10.61,0.554,1.499,0.05,0.856,0.643,1,0
2349,20,10,5,21,39,0,0,True,middle,7.75,10.8,0.588,1.207,0.044,0.622,0.472,0,0
2350,20,10,6,21,39,0,0,True,middle,7.64,11.0,0.597,1.203,0.044,0.626,0.501,0,0
2351,20,11,1,19,42,1,0,True,middle,7.61,11.09,0.605,1.362,0.035,0.694,0.552,0,1
2352,20,11,2,21,42,0,0,True,middle,7.5,11.31,0.611,1.245,0.04,0.632,0.505,0,0
2353,20,11,3,21,42,1,0,True,middle,7.48,11.41,0.62,1.241,0.041,0.636,0.478,0,1
2354,20,11,4,19,42,0,0,True,middle,7.37,11.64,0.626,1.354,0.036,0.703,0.549,0,0
2355,20,11,5,19,42,0,0,True,middle,7.27,11.88,0.635,1.35,0.037,0.707,0.583,0,0
2356,20,11,6,19,42,0,0,True,middle,7.17,12.12,0.645,1.346,0.037,0.712,0.623,0,0
2357,20,12,1,21,44,0,0,True,middle,7.07,12.38,0.654,0.97,0.067,0.651,0.436,0,0
2358,20,12,2,21,44,1,0,True,middle,7.05,12.52,0.665,0.965,0.067,0.656,0.514,0,1
2359,20,12,3,19,44,0,0,True,middle,6.96,12.8,0.671,1.078,0.063,0.723,0.537,0,0
2360,20,12,4,19,44,2,0,True,middle,7.03,12.82,0.682,1.073,0.063,0.728,0.561,0,2
2361,20,12,5,19,44,0,0,True,middle,6.94,13.12,0.686,1.071,0.064,0.73,0.413,0,0
2362,20,12,6,19,44,2,0,True,middle,7.0,13.14,0.697,1.067,0.064,0.735,0.464,0,2
2363,20,13,1,21,38,0,0,True,middle,6.91,13.46,0.7,0.969,0.067,0.672,0.427,0,0
2364,20,13,2,21,38,0,0,True,middle,6.82,13.8,0.712,0.964,0.068,0.678,0.518,0,0
2365,20,13,3,21,38,0,0,True,middle,6.74,14.15,0.725,0.959,0.068,0.683,0.5,0,0
2366,20,13,4,21,38,1,0,True,middle,6.73,14.37,0.734,0.955,0.069,0.687,0.469,1,1
2367,20,13,5,19,38,1,0,True,middle,6.72,14.59,0.762,1.058,0.065,0.764,0.559,1,1
2368,20,13,6,29,38,2,0,True,middle,6.79,14.67,0.791,0.481,0.109,0.777,0.042,0,2
2369,20,14,1,22,40,0,0,True,middle,6.71,15.09,0.794,0.326,0.116,0.757,0,0,0
2370,20,14,2,22,40,0,0,True,middle,6.63,15.53,0.797,0.325,0.116,0.759,0,0,0
2371,20,14,3,22,40,1,0,True,middle,6.62,15.82,0.8,0.324,0.116,0.76,0,0,1
2372,20,14,4,29,40,1,0,True,middle,6.61,16.12,0.802,0.601,0.097,0.782,0.055,0,1
2373,20,14,5,22,40,2,0,True,middle,6.67,16.26,0.805,0.322,0.116,0.762,0,1,2
2374,20,14,6,24,40,0,0,True,middle,6.6,16.8,0.834,0.476,0.125,0.925,0,0,0
2375,20,15,1,29,37,0,0,True,death,6.53,17.38,0.837,0.634,0.112,0.798,0.132,0,0
2376,20,15,2,29,37,0,0,True,death,6.46,18.0,0.84,0.632,0.113,0.799,0.103,1,0
2377,20,15,3,23,37,0,1,False,death,6.52,17.79,0.869,0.411,0.014,0.855,0,0,1
2378,20,15,3,23,37,1,0,True,death,6.52,18.22,0.869,0.411,0.141,0.855,0,0,1
2379,20,15,4,24,37,1,0,True,death,6.51,18.69,0.872,0.508,0.14,0.942,0,1,1
2380,20,15,5,23,37,0,0,True,death,6.44,19.44,0.9,0.398,0.142,0.869,0,1,0
2381,21,0,1,27,55,1,0,True,powerplay,6.0,,0.0,1.502,0.034,0.536,0.584,0,1
2382,21,0,2,30,55,1,0,True,powerplay,6.0,,0.003,1.569,0.041,0.616,0.461,0,1
2383,21,0,3,27,55,1,0,True,powerplay,6.0,,0.006,1.499,0.034,0.538,0.499,0,1
2384,21,0,4,30,55,2,0,True,powerplay,7.5,,0.009,1.567,0.042,0.618,0.552,0,2
2385,21,0,5,30,55,0,1,True,powerplay,7.2,,0.011,1.566,0.042,0.619,0.47,0,1
2386,21,0,6,27,55,2,0,True,powerplay,8.0,,0.014,1.496,0.035,0.542,0.537,0,2
2387,21,1,1,30,59,1,0,True,powerplay,7.71,,0.017,1.583,0.04,0.622,0.548,0,1
2388,21,1,2,27,59,2,0,True,powerplay,8.25,,0.02,1.513,0.033,0.545,0.479,0,2
2389,21,1,3,27,59,1,0,True,powerplay,8.0,,0.023,1.511,0.033,0.546,0.54,0,1
2390,21,1,4,30,59,0,0,True,powerplay,7.2,,0.026,1.579,0.041,0.626,0.442,0,0
2391,21,1,5,30,59,0,0,True,powerplay,6.55,,0.028,1.578,0.041,0.627,0.565,0,0
2392,21,1,6,30,59,0,0,True,powerplay,6.0,,0.031,1.577,0.041,0.628,0.598,0,0
2393,21,2,1,27,54,1,0,True,powerplay,6.0,,0.034,1.516,0.033,0.551,0.558,0,1
2394,21,2,2,30,54,6,0,True,powerplay,8.14,,0.037,1.584,0.04,0.781,0.564,0,6
2395,21,2,3,30,54,0,0,True,powerplay,7.6,,0.04,1.582,0.04,0.632,0.448,0,0
2396,21,2,4,30,54,1,0,True,powerplay,7.5,,0.043,1.581,0.041,0.634,0.488,0,1
2397,21,2,5,27,54,0,2,True,powerplay,7.76,,0.045,1.512,0.033,0.556,0.596,0,2
2398,21,2,6,27,54,1,0,True,powerplay,7.67,,0.048,1.51,0.034,0.557,0.594,0,1
2399,21,3,1,27,53,2,0,True,powerplay,7.89,,0.051,1.509,0.034,0.559,0.482,0,2
2400,21,3,2,27,53,4,0,True,powerplay,8.7,,0.054,1.508,0.034,0.71,0.599,0,4
2401,21,3,3,27,53,1,0,True,powerplay,8.57,,0.057,1.507,0.034,0.561,0.521,0,1
2402,21,3,4,30,53,2,0,True,powerplay,8.73,,0.059,1.574,0.041,0.641,0.578,0,2
2403,21,3,5,30,53,0,1,True,powerplay,8.61,,0.062,1.573,0.041,0.642,0.502,0,1
2404,21,3,6,27,53,4,0,True,powerplay,9.25,,0.065,1.503,0.034,0.715,0.57,0,4
2405,21,4,1,30,52,0,0,True,powerplay,8.88,,0.068,1.58,0.041,0.645,0.533,0,0
2406,21,4,2,30,52,0,1,False,powerplay,9.12,,0.071,1.579,0.006,0.646,0.482,0,1
2407,21,4,2,30,52,4,0,True,powerplay,9.69,,0.071,1.579,0.041,0.796,0.485,0,4
2408,21,4,3,30,52,1,0,True,powerplay,9.56,,0.074,1.578,0.041,0.648,0.457,0,1
2409,21,4,4,27,52,0,0,True,powerplay,9.21,,0.077,1.508,0.034,0.57,0.472,0,0
2410,21,4,5,27,52,0,0,True,powerplay,8.9,,0.079,1.507,0.034,0.571,0.542,0,0
2411,21,4,6,27,52,0,0,True,powerplay,8.6,,0.082,1.506,0.034,0.573,0.606,0,0
2412,21,5,1,30,57,0,0,True,powerplay,8.32,,0.085,1.745,0.025,0.653,0.537,0,0
2413,21,5,2,30,57,0,0,True,powerplay,8.06,,0.088,1.743,0.025,0.654,0.605,0,0
2414,21,5,3,30,57,0,1,True,powerplay,8.0,,0.091,1.742,0.025,0.655,0.59,0,1
2415,21,5,4,27,57,0,0,True,powerplay,7.76,,0.094,1.672,0.018,0.578,0.636,0,0
2416,21,5,5,27,57,0,1,False,powerplay,7.94,,0.096,1.671,0.006,0.579,0.552,0,1
2417,21,5,5,27,57,2,0,True,powerplay,8.06,,0.096,1.671,0.018,0.579,0.641,0,2
2418,21,5,6,27,57,0,0,True,powerplay,7.83,,0.099,1.67,0.019,0.58,0.618,0,0
2419,21,6,1,30,55,4,0,True,middle,8.27,,0.102,1.528,0.046,0.81,0.528,0,4
2420,21,6,2,30,55,0,0,True,middle,8.05,,0.105,1.527,0.046,0.662,0.495,0,0
2421,21,6,3,30,55,1,0,True,middle,8.0,,0.108,1.525,0.046,0.663,0.447,0,1
2422,21,6,4,27,55,0,0,True,middle,7.8,,0.111,1.455,0.039,0.586,0.475,0,0
2423,21,6,5,27,55,4,0,True,middle,8.2,,0.113,1.454,0.039,0.737,0.589,0,4
2424,21,6,6,27,55,0,0,True,middle,8.0,,0.116,1.453,0.039,0.588,0.566,0,0
2425,21,7,1,30,59,0,0,True,middle,7.81,,0.119,1.54,0.045,0.668,0.452,0,0
2426,21,7,2,30,59,0,0,True,middle,7.64,,0.122,1.539,0.045,0.669,0.494,0,0
2427,21,7,3,30,59,0,0,True,middle,7.47,,0.125,1.537,0.045,0.671,0.552,0,0
2428,21,7,4,30,59,4,0,True,middle,7.83,,0.128,1.536,0.045,0.822,0.571,0,4
2429,21,7,5,30,59,0,0,True,middle,7.66,,0.13,1.535,0.045,0.673,0.48,0,0
2430,21,7,6,30,59,1,0,True,middle,7.62,,0.133,1.534,0.046,0.674,0.472,0,1
2431,21,8,1,30,54,0,0,True,middle,7.47,,0.136,1.542,0.045,0.675,0.597,0,0
2432,21,8,2,30,54,1,0,True,middle,7.44,,0.139,1.541,0.045,0.677,0.447,0,1
2433,21,8,3,27,54,4,0,True,middle,7.76,,0.142,1.471,0.038,0.75,0.521,0,4
2434,21,8,4,27,54,0,0,True,middle,7.62,,0.145,1.47,0.038,0.601,0.49,0,0
2435,21,8,5,27,54,2,0,True,middle,7.7,,0.147,1.469,0.038,0.602,0.453,0,2
2436,21,8,6,27,54,0,0,True,middle,7.56,,0.15,1.468,0.038,0.603,0.504,0,0
2437,21,9,1,30,53,1,0,True,middle,7.53,,0.153,1.535,0.045,0.683,0.596,0,1
2438,21,9,2,27,53,2,0,True,middle,7.61,,0.156,1.465,0.038,0.606,0.46,0,2
2439,21,9,3,27,53,2,0,True,middle,7.68,,0.159,1.464,0.039,0.607,0.447,0,2
2440,21,9,4,27,53,0,0,True,middle,7.55,,0.162,1.462,0.039,0.609,0.46,0,0
2441,21,9,5,27,53,1,0,True,middle,7.53,,0.164,1.462,0.039,0.61,0.555,0,1
2442,21,9,6,30,53,4,0,True,middle,7.8,,0.167,1.529,0.046,0.839,0.589,0,4
2443,21,10,1,27,52,2,0,True,middle,7.87,,0.17,1.469,0.038,0.612,0.574,0,2
2444,21,10,2,27,52,1,0,True,middle,7.84,,0.173,1.467,0.038,0.614,0.494,0,1
2445,21,10,3,30,52,1,0,True,middle,7.81,,0.176,1.535,0.046,0.693,0.596,0,1
2446,21,10,4,27,52,0,0,True,middle,7.69,,0.179,1.465,0.039,0.616,0.456,0,0
2447,21,10,5,27,52,0,0,True,middle,7.57,,0.181,1.464,0.039,0.617,0.463,0,0
2448,21,10,6,27,52,0,0,True,middle,7.45,,0.184,1.463,0.039,0.619,0.553,0,0
2449,21,11,1,30,57,4,0,True,middle,7.7,,0.187,1.702,0.03,0.848,0.678,0,4
2450,21,11,2,30,57,4,0,True,middle,7.94,,0.19,1.7,0.03,0.85,0.621,0,4
2451,21,11,3,30,57,1,0,True,middle,7.91,,0.193,1.699,0.03,0.701,0.564,0,1
2452,21,11,4,27,57,1,0,True,middle,7.89,,0.196,1.629,0.023,0.624,0.643,1,1
2453,21,11,5,30,57,0,1,False,middle,7.97,,0.224,1.686,0.006,0.715,0.634,0,1
2454,21,11,5,30,57,0,0,True,middle,7.86,,0.224,1.686,0.031,0.715,0.639,0,0
2455,21,11,6,30,57,1,0,True,middle,7.83,,0.227,1.685,0.032,0.716,0.613,0,1
2456,21,12,1,30,55,0,0,True,middle,7.73,,0.23,1.474,0.052,0.718,0.492,0,0
2457,21,12,2,30,55,1,0,True,middle,7.7,,0.233,1.473,0.052,0.719,0.572,0,1
2458,21,12,3,26,55,0,0,True,middle,7.6,,0.236,1.266,0.038,0.499,0.492,0,0
2459,21,12,4,26,55,0,0,True,middle,7.5,,0.239,1.265,0.038,0.5,0.485,0,0
2460,21,12,5,26,55,1,0,True,middle,7.48,,0.241,1.264,0.038,0.501,0.448,1,1
2461,21,12,6,30,55,2,0,True,middle,7.54,,0.27,1.457,0.053,0.736,0.568,0,2
2462,21,13,1,17,59,4,0,True,middle,7.75,,0.273,1.445,0.053,0.88,0.519,0,4
2463,21,13,2,17,59,0,0,True,middle,7.65,,0.276,1.444,0.053,0.731,0.431,0,0
2464,21,13,3,17,59,0,0,True,middle,7.56,,0.279,1.443,0.054,0.733,0.522,1,0
2465,21,13,4,19,59,0,0,True,middle,7.46,,0.308,1.268,0.043,0.56,0.452,0,0
2466,21,13,5,19,59,0,0,True,middle,7.37,,0.31,1.267,0.043,0.561,0.448,1,0
2467,21,13,6,21,59,1,0,True,middle,7.36,,0.339,1.14,0.049,0.51,0.452,0,1
2468,21,14,1,21,54,0,0,True,middle,7.27,,0.342,1.148,0.048,0.511,0.436,0,0
2469,21,14,2,21,54,0,0,True,middle,7.19,,0.345,1.147,0.048,0.512,0.512,0,0
2470,21,14,3,21,54,0,1,False,middle,7.26,,0.348,1.146,0.006,0.514,0.455,0,1
2471,21,14,3,21,54,0,0,True,middle,7.17,,0.348,1.146,0.048,0.514,0.503,0,0
2472,21,14,4,21,54,0,0,True,middle,7.09,,0.351,1.144,0.049,0.515,0.518,0,0
2473,21,14,5,21,54,0,0,True,middle,7.01,,0.353,1.144,0.049,0.516,0.44,1,0
2474,21,14,6,29,54,3,0,True,middle,7.13,,0.382,0.682,0.088,0.593,0.01,0,3
2475,21,15,1,29,53,0,0,True,death,7.05,,0.385,0.681,0.106,0.595,0.048,0,0
2476,21,15,2,29,53,1,0,True,death,7.04,,0.388,0.679,0.106,0.596,0.093,0,1
2477,21,15,3,30,53,4,0,True,death,7.23,,0.391,1.435,0.074,0.94,0.527,0,4
2478,21,15,4,30,53,0,0,True,death,7.15,,0.394,1.434,0.074,0.792,0.521,0,0
2479,21,15,5,30,53,2,0,True,death,7.2,,0.396,1.433,0.074,0.792,0.588,0,2
2480,21,15,6,30,53,4,0,True,death,7.38,,0.399,1.432,0.075,0.944,0.472,0,4
2481,21,16,1,29,59,3,0,True,death,7.48,,0.402,0.664,0.107,0.602,0.002,0,3
2482,21,16,2,30,59,4,0,True,death,7.65,,0.405,1.42,0.076,0.947,0.48,0,4
2483,21,16,3,30,59,4,0,True,death,7.82,,0.408,1.418,0.076,0.948,0.593,0,4
2484,21,16,4,30,59,6,0,True,death,8.1,,0.411,1.417,0.076,0.949,0.444,0,6
2485,21,16,5,30,59,0,1,True,death,8.08,,0.413,1.416,0.076,0.8,0.578,0,1
2486,21,16,6,29,59,4,0,True,death,8.24,,0.416,0.658,0.108,0.759,0.026,0,4
2487,21,17,1,30,57,0,0,True,death,8.16,,0.419,1.604,0.058,0.803,0.582,0,0
2488,21,17,2,30,57,4,0,True,death,8.31,,0.422,1.603,0.058,0.954,0.566,0,4
2489,21,17,3,30,57,4,0,True,death,8.46,,0.425,1.602,0.058,0.956,0.605,0,4
2490,21,17,4,30,57,1,0,True,death,8.43,,0.428,1.6,0.059,0.807,0.521,0,1
2491,21,17,5,29,57,4,0,True,death,8.58,,0.43,0.843,0.09,0.765,0.02,0,4
2492,21,17,6,29,57,1,0,True,death,8.56,,0.433,0.841,0.091,0.616,0.126,0,1
2493,21,18,1,29,57,4,0,True,death,8.7,,0.436,0.84,0.091,0.768,0.113,0,4
2494,21,18,2,29,57,0,2,True,death,8.73,,0.439,0.839,0.091,0.619,0.086,0,2
2495,21,18,3,29,57,2,0,True,death,8.76,,0.442,0.838,0.091,0.62,0.087,1,2
2496,21,18,4,22,57,4,0,True,death,8.89,,0.471,0.548,0.111,0.762,0,0,4
2497,21,18,5,22,57,6,0,True,death,9.13,,0.473,0.547,0.111,0.763,0,0,6
2498,21,18,6,22,57,0,0,True,death,9.05,,0.476,0.546,0.111,0.614,0,0,0
2499,21,19,1,30,52,6,0,True,death,9.29,,0.479,1.408,0.077,0.98,0.491,0,6
2500,21,19,2,30,52,1,0,True,death,9.26,,0.482,1.406,0.077,0.831,0.58,0,1
2501,21,19,3,22,52,1,0,True,death,9.23,,0.485,0.371,0.128,0.618,0,1,1
2502,21,19,4,30,52,1,0,True,death,9.2,,0.514,1.393,0.079,0.846,0.517,0,1
2503,21,19,5,24,52,4,0,True,death,9.33,,0.516,0.524,0.137,0.932,0,0,4
2504,21,19,6,24,52,4,0,True,death,9.45,,0.519,0.523,0.137,0.934,0,0,4
2505,22,0,1,60,29,4,0,True,powerplay,24.0,9.38,0.271,1.303,0.041,0.693,0.564,0,4
2506,22,0,2,60,29,0,0,True,powerplay,12.0,9.46,0.271,1.303,0.041,0.543,0.565,0,0
2507,22,0,3,60,29,0,0,True,powerplay,8.0,9.54,0.276,1.301,0.041,0.546,0.466,0,0
2508,22,0,4,60,29,1,0,True,powerplay,7.5,9.57,0.281,1.298,0.041,0.548,0.439,0,1
2509,22,0,5,46,29,1,0,True,powerplay,7.2,9.6,0.285,1.299,0.042,0.593,0.463,0,1
2510,22,0,6,60,29,0,0,True,powerplay,6.0,9.68,0.288,1.296,0.041,0.551,0.433,0,0
2511,22,1,1,46,22,0,0,True,powerplay,5.14,9.77,0.294,1.371,0.035,0.597,0.556,0,0
2512,22,1,2,46,22,1,0,True,powerplay,5.25,9.8,0.299,1.369,0.035,0.599,0.524,0,1
2513,22,1,3,60,22,1,0,True,powerplay,5.33,9.84,0.303,1.365,0.035,0.558,0.505,0,1
2514,22,1,4,46,22,1,0,True,powerplay,5.4,9.87,0.307,1.366,0.035,0.602,0.528,0,1
2515,22,1,5,60,22,0,0,True,powerplay,4.91,9.96,0.31,1.362,0.035,0.561,0.462,1,0
2516,22,1,6,56,22,4,0,True,powerplay,6.5,9.83,0.342,1.458,0.048,0.89,0.452,1,4
2517,22,2,1,46,24,0,0,True,powerplay,6.0,9.93,0.367,1.341,0.038,0.629,0.546,0,0
2518,22,2,2,46,24,4,0,True,powerplay,7.29,9.79,0.373,1.338,0.038,0.782,0.545,0,4
2519,22,2,3,46,24,0,0,True,powerplay,6.8,9.89,0.371,1.339,0.038,0.631,0.437,0,0
2520,22,2,4,46,24,0,0,True,powerplay,6.38,9.98,0.377,1.337,0.039,0.634,0.543,0,0
2521,22,2,5,46,24,2,0,True,powerplay,6.71,9.96,0.382,1.334,0.039,0.636,0.557,0,2
2522,22,2,6,46,24,0,0,True,powerplay,6.33,10.06,0.385,1.333,0.039,0.638,0.5,0,0
2523,22,3,1,58,23,1,0,True,powerplay,6.32,10.1,0.39,1.271,0.045,0.59,0.416,0,1
2524,22,3,2,46,23,0,1,False,powerplay,6.63,10.04,0.394,1.348,0.006,0.642,0.591,0,1
2525,22,3,2,46,23,1,0,True,powerplay,6.6,10.08,0.393,1.349,0.037,0.641,0.597,0,1
2526,22,3,3,58,23,0,0,True,powerplay,6.29,10.18,0.397,1.268,0.046,0.593,0.518,0,0
2527,22,3,4,58,23,1,0,True,powerplay,6.27,10.22,0.402,1.266,0.046,0.595,0.561,0,1
2528,22,3,5,46,23,6,0,True,powerplay,7.57,9.96,0.406,1.343,0.038,0.797,0.549,0,6
2529,22,3,6,46,23,2,0,True,powerplay,7.75,9.94,0.402,1.345,0.038,0.645,0.582,0,2
2530,22,4,1,58,25,0,0,True,powerplay,7.44,10.04,0.404,1.275,0.045,0.596,0.443,0,0
2531,22,4,2,58,25,1,0,True,powerplay,7.38,10.09,0.41,1.272,0.045,0.599,0.537,0,1
2532,22,4,3,46,25,2,0,True,powerplay,7.56,10.06,0.414,1.35,0.037,0.651,0.471,0,2
2533,22,4,4,46,25,2,0,True,powerplay,7.71,10.04,0.416,1.349,0.038,0.651,0.525,0,2
2534,22,4,5,46,25,0,0,True,powerplay,7.45,10.15,0.418,1.348,0.038,0.652,0.464,0,0
2535,22,4,6,46,25,4,0,True,powerplay,8.0,10.0,0.424,1.345,0.038,0.805,0.524,0,4
2536,22,5,1,58,29,4,0,True,powerplay,8.52,9.84,0.423,1.162,0.056,0.755,0.387,0,4
2537,22,5,2,58,29,0,0,True,powerplay,8.25,9.95,0.421,1.163,0.056,0.604,0.525,0,0
2538,22,5,3,58,29,1,0,True,powerplay,8.18,10.0,0.427,1.16,0.056,0.606,0.4,0,1
2539,22,5,4,46,29,1,0,True,powerplay,8.12,10.05,0.431,1.238,0.048,0.658,0.555,1,1
2540,22,5,5,58,29,0,1,False,powerplay,8.29,9.98,0.461,1.146,0.009,0.622,0.511,0,1
2541,22,5,5,58,29,0,0,True,powerplay,8.06,10.09,0.459,1.147,0.057,0.621,0.445,1,0
2542,22,5,6,47,29,4,0,True,powerplay,8.5,9.93,0.491,1.193,0.068,0.921,0.396,0,4
2543,22,6,1,57,22,4,0,True,middle,8.92,9.76,0.49,1.374,0.053,0.999,0.412,0,4
2544,22,6,2,57,22,1,0,True,middle,8.84,9.8,0.488,1.375,0.053,0.848,0.476,0,1
2545,22,6,3,47,22,0,0,True,middle,8.62,9.93,0.492,1.269,0.061,0.771,0.398,0,0
2546,22,6,4,47,22,1,0,True,middle,8.55,9.97,0.498,1.267,0.061,0.774,0.436,0,1
2547,22,6,5,57,22,0,0,True,middle,8.34,10.1,0.502,1.369,0.053,0.854,0.503,0,0
2548,22,6,6,57,22,0,1,False,middle,8.49,10.03,0.509,1.366,0.006,0.858,0.409,0,1
2549,22,6,6,57,22,1,0,True,middle,8.43,10.08,0.507,1.367,0.053,0.857,0.385,0,1
2550,22,7,1,57,24,1,0,True,middle,8.37,10.13,0.511,1.365,0.054,0.859,0.392,0,1
2551,22,7,2,47,24,1,0,True,middle,8.32,10.18,0.515,1.259,0.062,0.782,0.365,0,1
2552,22,7,3,57,24,6,0,True,middle,8.93,9.84,0.52,1.361,0.054,1,0.393,0,6
2553,22,7,4,57,24,0,0,True,middle,8.74,9.97,0.513,1.364,0.054,0.859,0.486,0,0
2554,22,7,5,57,24,0,0,True,middle,8.55,10.11,0.519,1.362,0.054,0.862,0.508,0,0
2555,22,7,6,57,24,1,0,True,middle,8.5,10.17,0.526,1.359,0.054,0.865,0.501,0,1
2556,22,8,1,57,23,0,0,True,middle,8.33,10.31,0.531,1.376,0.053,0.868,0.492,0,0
2557,22,8,2,57,23,1,0,True,middle,8.28,10.37,0.537,1.373,0.053,0.87,0.504,0,1
2558,22,8,3,47,23,0,0,True,middle,8.12,10.52,0.542,1.267,0.061,0.794,0.495,0,0
2559,22,8,4,47,23,0,0,True,middle,7.96,10.68,0.549,1.264,0.062,0.797,0.514,0,0
2560,22,8,5,47,23,0,0,True,middle,7.81,10.84,0.556,1.261,0.062,0.8,0.411,0,0
2561,22,8,6,47,23,1,0,True,middle,7.78,10.91,0.564,1.258,0.062,0.804,0.365,0,1
2562,22,9,1,47,25,1,0,True,middle,7.75,10.98,0.569,1.265,0.062,0.806,0.429,0,1
2563,22,9,2,57,25,0,0,True,middle,7.61,11.16,0.574,1.367,0.054,0.887,0.444,0,0
2564,22,9,3,57,25,0,0,True,middle,7.47,11.33,0.582,1.364,0.054,0.89,0.458,1,0
2565,22,9,4,55,25,0,0,True,middle,7.34,11.52,0.615,0.849,0.097,0.884,0.131,1,0
2566,22,9,5,59,25,0,1,False,middle,7.45,11.42,0.649,0.749,0.009,0.721,0.065,0,1
2567,22,9,5,59,25,1,0,True,middle,7.42,11.51,0.647,0.75,0.089,0.72,0.124,1,1
2568,22,9,6,47,25,0,0,True,middle,7.3,11.7,0.678,1.22,0.067,0.855,0.363,0,0
2569,22,10,1,54,29,1,0,True,middle,7.28,11.8,0.686,0.52,0.111,0.802,0,0,1
2570,22,10,2,47,29,0,0,True,middle,7.16,12.0,0.692,1.109,0.077,0.861,0.409,0,0
2571,22,10,3,47,29,0,0,True,middle,7.05,12.21,0.701,1.105,0.078,0.865,0.378,0,0
2572,22,10,4,47,29,0,0,True,middle,6.94,12.43,0.709,1.102,0.078,0.869,0.463,0,0
2573,22,10,5,47,29,0,0,True,middle,6.83,12.65,0.718,1.098,0.078,0.873,0.324,0,0
2574,22,10,6,47,29,0,0,True,middle,6.73,12.89,0.728,1.094,0.079,0.878,0.35,0,0
2575,22,11,1,54,22,1,0,True,middle,6.72,13.02,0.737,0.575,0.106,0.825,0,0,1
2576,22,11,2,47,22,1,0,True,middle,6.71,13.15,0.744,1.163,0.072,0.885,0.373,0,1
2577,22,11,3,54,22,2,0,True,middle,6.78,13.18,0.75,0.57,0.107,0.83,0.018,0,2
2578,22,11,4,54,22,1,0,True,middle,6.77,13.32,0.754,0.568,0.107,0.832,0,0,1
2579,22,11,5,47,22,1,0,True,middle,6.76,13.47,0.761,1.156,0.073,0.892,0.376,0,1
2580,22,11,6,54,22,2,0,True,middle,6.83,13.5,0.768,0.562,0.108,0.838,0.023,1,2
2581,22,12,1,47,24,4,0,True,middle,7.07,13.28,0.798,1.141,0.075,1,0.438,1,4
2582,22,12,2,52,24,1,0,True,middle,7.05,13.43,0.82,0.607,0.104,0.79,0.138,0,1
2583,22,12,3,53,24,3,0,True,middle,7.2,13.33,0.827,0.55,0.107,0.879,0,0,3
2584,22,12,4,52,24,0,0,True,middle,7.11,13.64,0.827,0.604,0.104,0.794,0.103,0,0
2585,22,12,5,52,24,0,0,True,middle,7.01,13.95,0.839,0.599,0.105,0.799,0.045,0,0
2586,22,12,6,52,24,2,0,True,middle,7.08,14.0,0.851,0.594,0.105,0.804,0.036,0,2
2587,22,13,1,53,23,1,0,True,middle,7.06,14.2,0.855,0.557,0.107,0.892,0,0,1
2588,22,13,2,52,23,1,0,True,middle,7.05,14.4,0.858,0.61,0.104,0.808,0.027,0,1
2589,22,13,3,53,23,0,0,True,middle,6.96,14.77,0.861,0.555,0.107,0.895,0.012,0,0
2590,22,13,4,53,23,1,0,True,middle,6.95,15.0,0.864,0.553,0.107,0.896,0.02,0,1
2591,22,13,5,52,23,1,0,True,middle,6.94,15.24,0.866,0.607,0.104,0.811,0.143,0,1
2592,22,13,6,53,23,6,0,True,middle,7.29,14.67,0.869,0.551,0.107,1,0.032,0,6
2593,22,14,1,52,25,1,0,True,middle,7.27,14.91,0.872,0.614,0.103,0.814,0.026,0,1
2594,22,14,2,53,25,2,0,True,middle,7.33,15.0,0.875,0.558,0.107,0.901,0,0,2
2595,22,14,3,53,25,2,0,True,middle,7.38,15.09,0.878,0.557,0.107,0.902,0,0,2
2596,22,14,4,53,25,0,0,True,middle,7.3,15.56,0.881,0.556,0.107,0.904,0.022,0,0
2597,22,14,5,53,25,0,1,True,middle,7.28,15.87,0.883,0.555,0.107,0.904,0,1,1
2598,23,0,1,36,55,2,0,True,powerplay,12.0,,0.0,1.353,0.027,0.379,0.521,1,2
2599,23,0,2,41,55,0,0,True,powerplay,6.0,,0.029,1.361,0.035,0.456,0.42,0,0
2600,23,0,3,41,55,0,0,True,powerplay,4.0,,0.032,1.36,0.035,0.457,0.534,0,0
2601,23,0,4,41,55,1,0,True,powerplay,4.5,,0.035,1.359,0.035,0.459,0.502,0,1
2602,23,0,5,31,55,0,0,True,powerplay,3.6,,0.037,1.501,0.037,0.61,0.52,1,0
2603,23,0,6,32,55,0,0,True,powerplay,3.0,,0.066,1.485,0.043,0.658,0.454,0,0
2604,23,1,1,41,59,0,0,True,powerplay,2.57,,0.069,1.364,0.035,0.474,0.445,0,0
2605,23,1,2,41,59,4,0,True,powerplay,5.25,,0.072,1.362,0.035,0.625,0.404,0,4
2606,23,1,3,41,59,1,0,True,powerplay,5.33,,0.075,1.361,0.035,0.477,0.528,0,1
2607,23,1,4,32,59,0,0,True,powerplay,4.8,,0.078,1.499,0.042,0.664,0.44,0,0
2608,23,1,5,32,59,1,0,True,powerplay,4.91,,0.08,1.498,0.042,0.665,0.428,0,1
2609,23,1,6,41,59,0,0,True,powerplay,4.5,,0.083,1.358,0.036,0.48,0.522,0,0
2610,23,2,1,32,54,1,0,True,powerplay,4.62,,0.086,1.505,0.042,0.667,0.47,0,1
2611,23,2,2,41,54,4,0,True,powerplay,6.0,,0.089,1.365,0.035,0.633,0.504,0,4
2612,23,2,3,41,54,0,0,True,powerplay,5.6,,0.092,1.364,0.035,0.484,0.476,0,0
2613,23,2,4,41,54,0,0,True,powerplay,5.25,,0.095,1.362,0.035,0.486,0.537,0,0
2614,23,2,5,41,54,1,0,True,powerplay,5.29,,0.097,1.361,0.035,0.487,0.519,0,1
2615,23,2,6,32,54,1,0,True,powerplay,5.33,,0.1,1.499,0.042,0.674,0.473,0,1
2616,23,3,1,32,53,3,0,True,powerplay,6.0,,0.103,1.498,0.042,0.675,0.526,0,3
2617,23,3,2,41,53,0,0,True,powerplay,5.7,,0.106,1.358,0.036,0.491,0.45,0,0
2618,23,3,3,41,53,0,0,True,powerplay,5.43,,0.109,1.356,0.036,0.492,0.421,0,0
2619,23,3,4,41,53,1,0,True,powerplay,5.45,,0.112,1.355,0.036,0.493,0.554,0,1
2620,23,3,5,32,53,0,2,True,powerplay,5.74,,0.114,1.493,0.043,0.68,0.413,0,2
2621,23,3,6,32,53,0,0,True,powerplay,5.5,,0.117,1.492,0.043,0.681,0.513,0,0
2622,23,4,1,41,52,1,0,True,powerplay,5.52,,0.12,1.361,0.035,0.497,0.41,0,1
2623,23,4,2,32,52,1,0,True,powerplay,5.54,,0.123,1.499,0.042,0.684,0.43,0,1
2624,23,4,3,41,52,1,0,True,powerplay,5.56,,0.126,1.359,0.036,0.5,0.446,0,1
2625,23,4,4,32,52,1,0,True,powerplay,5.57,,0.129,1.497,0.043,0.687,0.426,0,1
2626,23,4,5,41,52,0,0,True,powerplay,5.38,,0.131,1.357,0.036,0.502,0.518,0,0
2627,23,4,6,41,52,2,0,True,powerplay,5.6,,0.134,1.355,0.036,0.503,0.555,0,2
2628,23,5,1,32,57,0,0,True,powerplay,5.42,,0.137,1.665,0.027,0.69,0.554,0,0
2629,23,5,2,32,57,1,0,True,powerplay,5.44,,0.14,1.663,0.027,0.692,0.573,0,1
2630,23,5,3,41,57,0,0,True,powerplay,5.27,,0.143,1.523,0.02,0.507,0.546,0,0
2631,23,5,4,41,57,0,0,True,powerplay,5.12,,0.146,1.522,0.02,0.509,0.607,0,0
2632,23,5,5,41,57,0,1,False,powerplay,5.29,,0.148,1.521,0.006,0.509,0.58,0,1
2633,23,5,5,41,57,4,0,True,powerplay,5.83,,0.148,1.521,0.02,0.659,0.613,0,4
2634,23,5,6,41,57,1,0,True,powerplay,5.83,,0.151,1.52,0.02,0.511,0.617,0,1
2635,23,6,1,41,55,2,0,True,middle,6.0,,0.154,1.309,0.041,0.512,0.527,0,2
2636,23,6,2,41,55,1,0,True,middle,6.0,,0.157,1.308,0.041,0.514,0.481,0,1
2637,23,6,3,32,55,1,0,True,middle,6.0,,0.16,1.445,0.048,0.701,0.38,0,1
2638,23,6,4,41,55,1,0,True,middle,6.0,,0.163,1.305,0.041,0.516,0.54,0,1
2639,23,6,5,32,55,0,0,True,middle,5.85,,0.165,1.443,0.048,0.703,0.418,0,0
2640,23,6,6,32,55,1,0,True,middle,5.86,,0.168,1.442,0.048,0.704,0.514,0,1
2641,23,7,1,32,59,1,0,True,middle,5.86,,0.171,1.46,0.046,0.706,0.399,0,1
2642,23,7,2,41,59,1,1,False,middle,6.14,,0.174,1.32,0.006,0.521,0.424,0,2
2643,23,7,2,32,59,1,0,True,middle,6.14,,0.174,1.459,0.046,0.707,0.417,0,1
2644,23,7,3,41,59,1,0,True,middle,6.13,,0.177,1.318,0.04,0.523,0.462,0,1
2645,23,7,4,32,59,2,0,True,middle,6.26,,0.179,1.456,0.047,0.709,0.529,0,2
2646,23,7,5,32,59,0,0,True,middle,6.13,,0.182,1.455,0.047,0.71,0.41,0,0
2647,23,7,6,32,59,0,0,True,middle,6.0,,0.185,1.454,0.047,0.712,0.459,0,0
2648,23,8,1,41,54,1,0,True,middle,6.0,,0.188,1.323,0.039,0.527,0.419,0,1
2649,23,8,2,32,54,2,0,True,middle,6.12,,0.191,1.461,0.046,0.715,0.458,0,2
2650,23,8,3,32,54,4,0,True,middle,6.47,,0.194,1.46,0.046,0.866,0.432,0,4
2651,23,8,4,32,54,2,0,True,middle,6.58,,0.197,1.458,0.047,0.717,0.395,0,2
2652,23,8,5,32,54,1,0,True,middle,6.57,,0.199,1.458,0.047,0.718,0.474,0,1
2653,23,8,6,41,54,0,0,True,middle,6.44,,0.202,1.317,0.04,0.534,0.444,0,0
2654,23,9,1,32,53,2,0,True,middle,6.55,,0.205,1.455,0.047,0.721,0.392,0,2
2655,23,9,2,32,53,0,0,True,middle,6.43,,0.208,1.454,0.047,0.722,0.458,0,0
2656,23,9,3,32,53,1,1,False,middle,6.64,,0.211,1.453,0.007,0.724,0.424,0,2
2657,23,9,3,41,53,1,0,True,middle,6.63,,0.211,1.314,0.04,0.538,0.415,0,1
2658,23,9,4,32,53,6,0,True,middle,7.14,,0.214,1.451,0.047,0.875,0.448,0,6
2659,23,9,5,32,53,1,1,False,middle,7.34,,0.216,1.45,0.007,0.726,0.409,0,2
2660,23,9,5,41,53,3,0,True,middle,7.53,,0.216,1.311,0.041,0.54,0.467,0,3
2661,23,9,6,32,53,1,0,True,middle,7.5,,0.219,1.449,0.048,0.727,0.508,0,1
2662,23,10,1,32,52,0,1,False,middle,7.6,,0.222,1.457,0.007,0.728,0.431,0,1
2663,23,10,1,32,52,6,0,True,middle,8.07,,0.222,1.457,0.047,0.878,0.531,0,6
2664,23,10,2,32,52,0,0,True,middle,7.94,,0.225,1.456,0.047,0.73,0.441,0,0
2665,23,10,3,32,52,2,0,True,middle,8.0,,0.228,1.455,0.047,0.731,0.437,0,2
2666,23,10,4,32,52,4,0,True,middle,8.25,,0.231,1.454,0.047,0.883,0.448,0,4
2667,23,10,5,32,52,0,0,True,middle,8.12,,0.233,1.453,0.047,0.733,0.404,0,0
2668,23,10,6,32,52,1,0,True,middle,8.09,,0.236,1.452,0.047,0.735,0.491,1,1
2669,23,11,1,33,57,0,0,True,middle,7.97,,0.265,1.326,0.026,0.462,0.561,0,0
2670,23,11,2,33,57,0,1,False,middle,8.06,,0.268,1.324,0.006,0.463,0.562,0,1
2671,23,11,2,33,57,0,0,True,middle,7.94,,0.268,1.324,0.026,0.463,0.454,0,0
2672,23,11,3,33,57,0,1,True,middle,7.91,,0.271,1.323,0.026,0.465,0.535,0,1
2673,23,11,4,41,57,1,0,True,middle,7.89,,0.274,1.468,0.026,0.566,0.551,0,1
2674,23,11,5,33,57,0,0,True,middle,7.77,,0.276,1.321,0.027,0.467,0.577,0,0
2675,23,11,6,33,57,0,0,True,middle,7.67,,0.279,1.32,0.027,0.468,0.531,0,0
2676,23,12,1,41,55,0,0,True,middle,7.56,,0.282,1.255,0.046,0.57,0.432,0,0
2677,23,12,2,41,55,0,0,True,middle,7.46,,0.285,1.254,0.046,0.571,0.482,0,0
2678,23,12,3,41,55,1,0,True,middle,7.44,,0.288,1.253,0.047,0.572,0.405,0,1
2679,23,12,4,33,55,0,0,True,middle,7.34,,0.291,1.105,0.047,0.474,0.377,0,0
2680,23,12,5,33,55,1,0,True,middle,7.32,,0.293,1.104,0.047,0.475,0.352,0,1
2681,23,12,6,41,55,1,0,True,middle,7.31,,0.296,1.249,0.047,0.576,0.452,0,1
2682,23,13,1,41,59,3,0,True,middle,7.44,,0.299,1.267,0.045,0.577,0.515,0,3
2683,23,13,2,33,59,1,0,True,middle,7.42,,0.302,1.12,0.046,0.479,0.496,0,1
2684,23,13,3,41,59,0,0,True,middle,7.33,,0.305,1.265,0.045,0.58,0.544,0,0
2685,23,13,4,41,59,0,0,True,middle,7.24,,0.308,1.263,0.046,0.581,0.525,0,0
2686,23,13,5,41,59,2,0,True,middle,7.3,,0.31,1.262,0.046,0.582,0.552,0,2
2687,23,13,6,41,59,0,2,True,middle,7.36,,0.313,1.261,0.046,0.584,0.537,0,2
2688,23,14,1,33,54,1,0,True,middle,7.34,,0.316,1.123,0.046,0.485,0.463,0,1
2689,23,14,2,41,54,0,0,True,middle,7.26,,0.319,1.268,0.045,0.586,0.463,0,0
2690,23,14,3,41,54,1,0,True,middle,7.24,,0.322,1.267,0.045,0.588,0.418,0,1
2691,23,14,4,33,54,0,0,True,middle,7.16,,0.325,1.119,0.046,0.489,0.432,1,0
2692,23,14,5,42,54,1,0,True,middle,7.15,,0.353,1.264,0.052,0.68,0.434,0,1
2693,23,14,6,41,54,1,0,True,middle,7.13,,0.356,1.253,0.047,0.603,0.441,0,1
2694,23,15,1,41,53,1,0,True,death,7.12,,0.359,1.251,0.065,0.604,0.44,0,1
2695,23,15,2,42,53,4,0,True,death,7.3,,0.362,1.26,0.071,0.834,0.428,0,4
2696,23,15,3,42,53,1,0,True,death,7.29,,0.365,1.259,0.071,0.686,0.429,0,1
2697,23,15,4,41,53,0,1,False,death,7.35,,0.368,1.248,0.007,0.608,0.448,0,1
2698,23,15,4,41,53,0,0,True,death,7.28,,0.368,1.248,0.065,0.608,0.516,0,0
2699,23,15,5,41,53,4,0,True,death,7.45,,0.37,1.247,0.066,0.759,0.438,0,4
2700,23,15,6,41,53,2,0,True,death,7.5,,0.373,1.246,0.066,0.611,0.479,0,2
2701,23,16,1,42,59,0,0,True,death,7.42,,0.376,1.245,0.072,0.691,0.506,0,0
2702,23,16,2,42,59,6,0,True,death,7.71,,0.379,1.243,0.072,0.842,0.447,1,6
2703,23,16,3,44,59,2,0,True,death,7.76,,0.408,0.497,0.137,0.726,0,0,2
2704,23,16,4,44,59,6,0,True,death,8.04,,0.411,0.496,0.137,0.878,0,0,6
2705,23,16,5,44,59,6,0,True,death,8.32,,0.413,0.495,0.137,0.879,0,0,6
2706,23,16,6,44,59,4,0,True,death,8.47,,0.416,0.494,0.137,0.88,0,0,4
2707,23,17,1,41,57,1,0,True,death,8.45,,0.419,1.407,0.05,0.631,0.559,0,1
2708,23,17,2,44,57,0,0,True,death,8.37,,0.422,0.682,0.119,0.733,0,0,0
2709,23,17,3,44,57,4,0,True,death,8.51,,0.425,0.68,0.119,0.884,0,0,4
2710,23,17,4,44,57,4,0,True,death,8.66,,0.428,0.679,0.119,0.885,0,0,4
2711,23,17,5,44,57,0,0,True,death,8.58,,0.43,0.678,0.119,0.736,0,0,0
2712,23,17,6,44,57,1,0,True,death,8.56,,0.433,0.677,0.119,0.738,0,0,1
2713,23,18,1,44,57,0,1,False,death,8.61,,0.436,0.676,0.012,0.739,0,0,1
2714,23,18,1,44,57,0,0,True,death,8.53,,0.436,0.676,0.12,0.739,0,0,0
2715,23,18,2,44,57,0,0,True,death,8.45,,0.439,0.675,0.12,0.74,0,0,0
2716,23,18,3,44,57,4,0,True,death,8.59,,0.442,0.673,0.12,0.892,0,0,4
2717,23,18,4,44,57,0,0,True,death,8.52,,0.445,0.672,0.12,0.743,0,0,0
2718,23,18,5,44,57,1,0,True,death,8.5,,0.447,0.671,0.12,0.744,0,0,1
2719,23,18,6,41,57,3,0,True,death,8.58,,0.45,1.394,0.052,0.645,0.615,0,3
2720,23,19,1,41,52,3,0,True,death,8.66,,0.453,1.221,0.068,0.647,0.466,0,3
2721,23,19,2,44,52,1,0,True,death,8.64,,0.456,0.496,0.137,0.748,0,0,1
2722,23,19,3,41,52,6,0,True,death,8.87,,0.459,1.219,0.069,0.799,0.416,0,6
2723,23,19,4,41,52,4,0,True,death,9.0,,0.462,1.218,0.069,0.801,0.417,1,4
2724,23,19,5,38,52,0,0,True,death,8.92,,0.49,0.625,0.13,0.806,0,0,0
2725,23,19,6,38,52,2,0,True,death,8.95,,0.493,0.624,0.13,0.808,0,1,2
2726,24,0,1,60,44,2,0,True,powerplay,12.0,8.97,0.257,1.251,0.045,0.537,0.479,0,2
2727,24,0,2,60,44,2,0,True,powerplay,12.0,8.95,0.259,1.251,0.046,0.538,0.485,0,2
2728,24,0,3,60,44,1,0,True,powerplay,10.0,8.97,0.261,1.25,0.046,0.539,0.514,0,1
2729,24,0,4,46,44,2,0,True,powerplay,10.5,8.95,0.265,1.25,0.046,0.584,0.381,0,2
2730,24,0,5,46,44,0,0,True,powerplay,8.4,9.03,0.267,1.249,0.046,0.584,0.485,0,0
2731,24,0,6,46,44,0,0,True,powerplay,7.0,9.11,0.272,1.247,0.047,0.587,0.481,0,0
2732,24,1,1,60,38,0,0,True,powerplay,6.0,9.19,0.277,1.262,0.045,0.546,0.415,0,0
2733,24,1,2,60,38,1,0,True,powerplay,6.0,9.21,0.282,1.26,0.045,0.548,0.482,0,1
2734,24,1,3,46,38,1,0,True,powerplay,6.0,9.24,0.286,1.26,0.045,0.593,0.416,0,1
2735,24,1,4,60,38,0,1,True,powerplay,6.0,9.27,0.29,1.257,0.045,0.552,0.534,0,1
2736,24,1,5,46,38,1,0,True,powerplay,6.0,9.3,0.293,1.258,0.046,0.596,0.513,0,1
2737,24,1,6,60,38,2,0,True,powerplay,6.5,9.28,0.297,1.254,0.045,0.555,0.548,0,2
2738,24,2,1,46,40,1,0,True,powerplay,6.46,9.31,0.299,1.379,0.034,0.599,0.477,0,1
2739,24,2,2,60,40,0,0,True,powerplay,6.0,9.4,0.303,1.375,0.034,0.558,0.551,0,0
2740,24,2,3,60,40,4,0,True,powerplay,7.2,9.26,0.308,1.373,0.034,0.71,0.546,0,4
2741,24,2,4,60,40,1,0,True,powerplay,7.12,9.29,0.307,1.373,0.034,0.56,0.481,0,1
2742,24,2,5,46,40,0,0,True,powerplay,6.71,9.38,0.311,1.374,0.035,0.604,0.455,0,0
2743,24,2,6,46,40,1,0,True,powerplay,6.67,9.41,0.316,1.372,0.035,0.606,0.543,0,1
2744,24,3,1,46,37,0,0,True,powerplay,6.32,9.5,0.32,1.418,0.031,0.608,0.609,0,0
2745,24,3,2,46,37,0,0,True,powerplay,6.0,9.6,0.325,1.416,0.031,0.611,0.608,0,0
2746,24,3,3,46,37,4,0,True,powerplay,6.86,9.45,0.331,1.413,0.031,0.763,0.605,0,4
2747,24,3,4,46,37,4,0,True,powerplay,7.64,9.31,0.329,1.414,0.031,0.762,0.553,0,4
2748,24,3,5,46,37,1,0,True,powerplay,7.57,9.34,0.328,1.414,0.031,0.612,0.578,0,1
2749,24,3,6,60,37,1,0,True,powerplay,7.5,9.38,0.332,1.41,0.031,0.571,0.49,0,1
2750,24,4,1,60,39,0,1,True,powerplay,7.44,9.41,0.336,1.428,0.029,0.573,0.53,0,1
2751,24,4,2,46,39,4,0,True,powerplay,8.08,9.26,0.34,1.428,0.03,0.767,0.56,0,4
2752,24,4,3,46,39,1,0,True,powerplay,8.0,9.29,0.338,1.429,0.03,0.616,0.582,0,1
2753,24,4,4,60,39,0,0,True,powerplay,7.71,9.39,0.342,1.425,0.029,0.575,0.533,0,0
2754,24,4,5,60,39,0,0,True,powerplay,7.45,9.49,0.348,1.423,0.03,0.578,0.509,0,0
2755,24,4,6,60,39,0,0,True,powerplay,7.2,9.6,0.353,1.421,0.03,0.58,0.501,0,0
2756,24,5,1,46,42,1,0,True,powerplay,7.16,9.64,0.359,1.468,0.026,0.626,0.623,0,1
2757,24,5,2,60,42,4,0,True,powerplay,7.69,9.48,0.363,1.464,0.026,0.735,0.547,1,4
2758,24,5,3,56,42,4,0,True,powerplay,8.18,9.31,0.388,1.562,0.038,0.91,0.623,0,4
2759,24,5,4,56,42,4,0,True,powerplay,8.65,9.14,0.386,1.563,0.038,0.909,0.614,0,4
2760,24,5,5,56,42,0,0,True,powerplay,8.4,9.25,0.383,1.564,0.038,0.758,0.495,0,0
2761,24,5,6,56,42,0,0,True,powerplay,8.17,9.36,0.389,1.562,0.038,0.761,0.564,0,0
2762,24,6,1,46,44,1,0,True,middle,8.11,9.4,0.395,1.196,0.052,0.642,0.505,0,1
2763,24,6,2,56,44,0,0,True,middle,7.89,9.51,0.399,1.3,0.063,0.765,0.379,0,0
2764,24,6,3,56,44,0,0,True,middle,7.69,9.63,0.405,1.298,0.064,0.768,0.376,0,0
2765,24,6,4,56,44,1,0,True,middle,7.65,9.67,0.412,1.295,0.064,0.771,0.497,0,1
2766,24,6,5,46,44,1,0,True,middle,7.61,9.72,0.416,1.187,0.053,0.651,0.481,0,1
2767,24,6,6,56,44,0,0,True,middle,7.43,9.85,0.42,1.291,0.064,0.775,0.38,0,0
2768,24,7,1,46,38,0,0,True,middle,7.26,9.97,0.426,1.202,0.052,0.656,0.515,0,0
2769,24,7,2,46,38,1,0,True,middle,7.23,10.03,0.433,1.199,0.052,0.659,0.511,0,1
2770,24,7,3,56,38,0,0,True,middle,7.07,10.16,0.437,1.303,0.063,0.782,0.513,0,0
2771,24,7,4,56,38,0,0,True,middle,6.91,10.3,0.444,1.3,0.064,0.786,0.476,0,0
2772,24,7,5,56,38,2,0,True,middle,7.02,10.27,0.451,1.297,0.064,0.789,0.415,0,2
2773,24,7,6,56,38,3,0,True,middle,7.25,10.17,0.453,1.297,0.064,0.79,0.394,0,3
2774,24,8,1,56,40,0,0,True,middle,7.1,10.31,0.453,1.42,0.052,0.79,0.541,0,0
2775,24,8,2,56,40,0,0,True,middle,6.96,10.46,0.459,1.418,0.052,0.792,0.451,0,0
2776,24,8,3,56,40,1,0,True,middle,6.94,10.52,0.467,1.415,0.053,0.796,0.569,0,1
2777,24,8,4,46,40,4,0,True,middle,7.27,10.32,0.471,1.307,0.042,0.826,0.53,0,4
2778,24,8,5,46,40,6,0,True,middle,7.81,9.94,0.468,1.308,0.042,0.825,0.483,0,6
2779,24,8,6,46,40,0,0,True,middle,7.67,10.09,0.46,1.311,0.041,0.671,0.552,0,0
2780,24,9,1,56,37,4,0,True,middle,7.96,9.88,0.467,1.462,0.048,0.946,0.594,0,4
2781,24,9,2,56,37,1,0,True,middle,7.93,9.94,0.464,1.463,0.048,0.795,0.573,0,1
2782,24,9,3,46,37,1,0,True,middle,7.89,10.0,0.469,1.355,0.037,0.675,0.481,0,1
2783,24,9,4,56,37,1,0,True,middle,7.86,10.06,0.473,1.46,0.048,0.799,0.522,0,1
2784,24,9,5,46,37,4,0,True,middle,8.14,9.84,0.478,1.351,0.038,0.829,0.538,0,4
2785,24,9,6,46,37,1,0,True,middle,8.1,9.9,0.474,1.353,0.037,0.678,0.606,0,1
2786,24,10,1,46,39,6,0,True,middle,8.56,9.46,0.479,1.37,0.036,0.83,0.532,0,6
2787,24,10,2,46,39,0,0,True,middle,8.42,9.62,0.469,1.374,0.035,0.675,0.591,0,0
2788,24,10,3,46,39,1,0,True,middle,8.38,9.68,0.477,1.371,0.036,0.679,0.504,0,1
2789,24,10,4,56,39,6,0,True,middle,8.81,9.21,0.481,1.475,0.047,0.952,0.596,0,6
2790,24,10,5,56,39,1,0,True,middle,8.77,9.27,0.47,1.48,0.047,0.797,0.589,0,1
2791,24,10,6,46,39,1,0,True,middle,8.73,9.33,0.475,1.372,0.036,0.678,0.608,0,1
2792,24,11,1,46,42,0,0,True,middle,8.6,9.51,0.48,1.417,0.031,0.68,0.54,0,0
2793,24,11,2,46,42,1,0,True,middle,8.56,9.58,0.488,1.414,0.032,0.684,0.528,0,1
2794,24,11,3,56,42,0,0,True,middle,8.43,9.76,0.492,1.518,0.043,0.807,0.501,0,0
2795,24,11,4,56,42,1,0,True,middle,8.4,9.84,0.5,1.515,0.043,0.811,0.539,1,1
2796,24,11,5,46,42,4,0,True,middle,8.62,9.55,0.531,1.396,0.034,0.853,0.557,0,4
2797,24,11,6,46,42,1,0,True,middle,8.58,9.62,0.526,1.398,0.033,0.701,0.497,0,1
2798,24,12,1,46,44,2,0,True,middle,8.63,9.57,0.531,1.139,0.058,0.703,0.416,0,2
2799,24,12,2,46,44,2,0,True,middle,8.68,9.52,0.532,1.138,0.058,0.704,0.411,0,2
2800,24,12,3,46,44,0,0,True,middle,8.56,9.73,0.534,1.137,0.058,0.705,0.402,0,0
2801,24,12,4,46,44,1,0,True,middle,8.53,9.82,0.542,1.134,0.059,0.708,0.428,0,1
2802,24,12,5,58,44,1,0,True,middle,8.49,9.91,0.548,1.052,0.067,0.661,0.37,0,1
2803,24,12,6,46,44,4,0,True,middle,8.69,9.57,0.553,1.129,0.059,0.863,0.416,0,4
2804,24,13,1,58,38,0,0,True,middle,8.58,9.8,0.546,1.072,0.065,0.66,0.38,0,0
2805,24,13,2,58,38,3,0,True,middle,8.7,9.6,0.556,1.068,0.065,0.664,0.439,0,3
2806,24,13,3,46,38,1,0,True,middle,8.67,9.69,0.553,1.148,0.057,0.713,0.509,0,1
2807,24,13,4,58,38,0,0,True,middle,8.56,9.95,0.558,1.067,0.065,0.665,0.458,0,0
2808,24,13,5,58,38,2,0,True,middle,8.6,9.89,0.569,1.063,0.066,0.67,0.376,0,2
2809,24,13,6,58,38,2,0,True,middle,8.64,9.83,0.57,1.062,0.066,0.671,0.467,0,2
2810,24,14,1,46,40,1,0,True,middle,8.61,9.94,0.571,1.265,0.046,0.721,0.509,0,1
2811,24,14,2,58,40,1,0,True,middle,8.58,10.06,0.577,1.183,0.055,0.674,0.461,0,1
2812,24,14,3,46,40,1,0,True,middle,8.55,10.18,0.583,1.26,0.047,0.727,0.543,1,1
2813,24,14,4,58,40,0,0,True,middle,8.45,10.5,0.615,1.167,0.056,0.691,0.525,0,0
2814,24,14,5,58,40,0,0,True,middle,8.36,10.84,0.627,1.162,0.057,0.696,0.413,0,0
2815,24,14,6,58,40,1,0,True,middle,8.33,11.0,0.64,1.157,0.057,0.702,0.455,0,1
2816,24,15,1,58,37,0,0,True,death,8.24,11.38,0.647,1.201,0.071,0.705,0.542,0,0
2817,24,15,2,58,37,0,0,True,death,8.15,11.79,0.661,1.195,0.072,0.712,0.582,1,0
2818,24,15,3,47,37,4,0,True,death,8.32,11.33,0.702,1.238,0.083,1,0.437,0,4
2819,24,15,4,47,37,6,0,True,death,8.62,10.38,0.691,1.243,0.082,1,0.392,0,6
2820,24,15,5,47,37,2,0,True,death,8.65,10.32,0.667,1.253,0.081,0.85,0.517,0,2
2821,24,15,6,47,37,6,0,True,death,8.94,9.25,0.668,1.252,0.081,1,0.41,0,6
2822,24,16,1,57,37,6,0,True,death,9.22,8.09,0.64,1.368,0.072,1,0.503,0,6
2823,24,16,2,57,37,1,0,True,death,9.18,8.18,0.61,1.381,0.071,0.903,0.44,0,1
2824,24,16,3,47,37,0,0,True,death,9.09,8.57,0.615,1.275,0.079,0.827,0.533,0,0
2825,24,16,4,47,37,0,0,True,death,9.0,9.0,0.629,1.269,0.08,0.833,0.407,0,0
2826,24,16,5,47,37,1,0,True,death,8.97,9.16,0.644,1.262,0.08,0.84,0.531,0,1
2827,24,16,6,57,37,0,0,True,death,8.88,9.67,0.652,1.363,0.072,0.922,0.446,0,0
2828,24,17,1,47,38,4,0,True,death,9.03,8.82,0.669,1.081,0.098,1,0.461,0,4
2829,24,17,2,47,38,1,0,True,death,9.0,9.0,0.648,1.089,0.097,0.842,0.344,0,1
2830,24,17,3,57,38,0,1,False,death,9.06,8.62,0.656,1.19,0.009,0.924,0.403,0,1
2831,24,17,3,57,38,0,0,True,death,8.97,9.2,0.645,1.195,0.089,0.919,0.4,0,0
2832,24,17,4,57,38,6,0,True,death,9.23,7.29,0.664,1.187,0.089,1,0.451,0,6
2833,24,17,5,57,38,0,0,True,death,9.14,7.85,0.613,1.208,0.087,0.904,0.468,0,0
2834,24,17,6,57,38,0,0,True,death,9.06,8.5,0.631,1.201,0.088,0.913,0.422,0,0
2835,24,18,1,47,39,0,0,True,death,8.97,9.27,0.653,1.278,0.079,0.844,0.45,0,0
2836,24,18,2,47,39,4,0,True,death,9.11,7.8,0.678,1.267,0.08,1,0.492,0,4
2837,24,18,3,47,39,0,0,True,death,9.03,8.67,0.639,1.284,0.078,0.838,0.51,0,0
2838,24,18,4,47,39,0,0,True,death,8.95,9.75,0.666,1.272,0.079,0.85,0.422,0,0
2839,24,18,5,47,39,0,0,True,death,8.87,11.14,0.7,1.258,0.081,0.865,0.458,0,0
2840,24,18,6,47,39,2,0,True,death,8.89,11.0,0.742,1.24,0.083,0.884,0.439,0,2
2841,24,19,1,57,39,0,0,True,death,8.82,13.2,0.741,1.345,0.075,0.962,0.511,0,0
2842,24,19,2,57,39,4,0,True,death,8.95,10.5,0.807,1.317,0.078,1,0.513,0,4
2843,24,19,3,57,39,1,0,True,death,8.92,12.0,0.733,1.348,0.074,0.958,0.431,0,1
2844,24,19,4,47,39,1,0,True,death,8.9,15.0,0.778,1.225,0.084,0.9,0.473,0,1
2845,24,19,5,57,39,0,0,True,death,8.82,30.0,0.838,1.304,0.079,1,0.524,0,0
2846,24,19,6,57,39,4,0,True,death,8.95,6.0,0.841,1.303,0.079,1,0.459,0,4
